quantile,mean_realized_return
1,-0.07706197834302633
2,-0.022402600530907594
3,-0.030528634189011587
4,0.06584514877397157
5,0.36508069339254623
