quantile,mean_realized_return
1,-0.08959972025108717
2,-0.02334136111373945
3,-0.020423467139481684
4,0.06990028363066828
5,0.3643968939772123
