quantile,mean_realized_return
1,-0.08497183937875837
2,-0.02353884241282444
3,0.02850751603926173
4,0.16704275614959907
5,0.6554716533461666
