quantile,mean_realized_return
1,-0.06204619992017054
2,-0.002195444495942267
3,0.002504204798561926
4,0.10625234967543092
5,0.40947630600682244
