quantile,mean_realized_return
1,-0.13392818980337876
2,-0.022189107432884304
3,0.05184769080830539
4,0.18409694461712242
5,0.6626839055542798
