quantile,mean_realized_return
1,-0.11143700497072169
2,-0.023894094598468106
3,0.043442372891468704
4,0.17437348652354476
5,0.6600264838976211
