quantile,mean_realized_return
1,-0.05041457562457223
2,-0.018223371091879593
3,0.007223972149917247
4,0.06207434797545904
5,0.2353035527675648
