quantile,mean_realized_return
1,-0.07241983324914619
2,-0.024892081276733327
3,-0.028137839693277978
4,0.06099501567670476
5,0.36538736764602503
