quantile,mean_realized_return
1,-0.050583645418546694
2,-0.017966343620131824
3,0.006992580321347176
4,0.06281976457031084
5,0.23470153323554235
