quantile,mean_realized_return
1,-0.030238699405905577
2,-0.00465485694495945
3,0.017900032106999118
4,0.05571783127925989
5,0.15666392708166715
