quantile,mean_realized_return
1,-0.10383236951015994
2,-0.023694824109800845
3,0.03948201725394123
4,0.17105151804641858
5,0.6595049020630457
