quantile,mean_realized_return
1,-0.05853860133221687
2,-0.015355313469391204
3,-0.0022227545240523614
4,0.09227410730352277
5,0.4380794153060415
