quantile,mean_realized_return
1,-0.06883722569008877
2,-0.008332074666529823
3,0.014921171335886602
4,0.08561295488259561
5,0.3629456182709021
