quantile,mean_realized_return
1,-0.040722843369074585
2,0.005654571024041253
3,-0.004277980992613156
4,0.08892238861963933
5,0.4044096723410899
