quantile,mean_realized_return
1,-0.052296980131813886
2,0.0038364249167351762
3,-0.001966228358371874
4,0.09743278498117437
5,0.40698164971825707
