quantile,mean_realized_return
1,-0.063472415683952
2,-0.029097399316404378
3,-0.026557648436104104
4,0.05415752307497425
5,0.3659025694650585
