quantile,mean_realized_return
1,-0.02708243950922625
2,-0.0030279266711852534
3,0.01787206464211052
4,0.05256397495665058
5,0.15506255879939304
