quantile,mean_realized_return
1,-0.02723580599699659
2,-0.0034517005748337295
3,0.017854364714152183
4,0.052897626109348374
5,0.15532374676403995
