quantile,mean_realized_return
1,-0.06970523654990132
2,-0.008627120983142932
3,0.01553775852057991
4,0.08585722962990772
5,0.3632478752646899
