quantile,mean_realized_return
1,-0.07227060618636337
2,-0.026272306662917543
3,-0.027228389321950142
4,0.06131656362877832
5,0.36538736764602503
