quantile,mean_realized_return
1,-0.07132521184297913
2,-0.025931892158258193
3,-0.027439288827555124
4,0.06024165428633972
5,0.36538736764602503
