quantile,mean_realized_return
1,-0.08521818857086878
2,-0.009302398074920334
3,0.02342223901548451
4,0.09415711051215331
5,0.36325284657515977
