quantile,mean_realized_return
1,-0.06052200690813755
2,-0.016557570091384876
3,-0.0012822461268849937
4,0.09416875000026777
5,0.4384348358297858
