quantile,mean_realized_return
1,-0.045349911681804446
2,0.003987817936844132
3,-0.0031687195387849255
4,0.09344441420057277
5,0.40507309128476704
