quantile,mean_realized_return
1,-0.07934995782098721
2,-0.022875065316895992
3,-0.029167005956857783
4,0.06756720685686442
5,0.3647574513414488
