quantile,mean_realized_return
1,-0.027716437406306357
2,-0.0035319651195844038
3,0.018012256995301033
4,0.053032161469904755
5,0.1555922257991307
