quantile,mean_realized_return
1,-0.06263063585710835
2,-0.020024691695173104
3,0.0013008015345886117
4,0.09634821613915187
5,0.43925329196077373
