quantile,mean_realized_return
1,-0.054583802787596114
2,-0.017594113339734246
3,0.009732251308842584
4,0.06589160870332839
5,0.23251838432389085
