quantile,mean_realized_return
1,-0.11760232772543412
2,-0.023536099461578395
3,0.04618354003384806
4,0.17706692136197977
5,0.6603992095346293
