quantile,mean_realized_return
1,-0.05767029044753435
2,0.0010499527987267137
3,0.0005124620492300764
4,0.10135973201095452
5,0.4087377713417231
