quantile,mean_realized_return
1,-0.058315020081082886
2,-0.01740037998926216
3,0.012693107310600641
4,0.06898017029186464
5,0.23000692524881858
