quantile,mean_realized_return
1,-0.04772935281550951
2,-0.019127379474328274
3,0.006346245196235372
4,0.06040063927056192
5,0.23607363331561348
