quantile,mean_realized_return
1,-0.07197026247958709
2,-0.005336602889383906
3,0.030190215258046618
4,0.07429613672700447
5,0.20878812063800303
