group,quantile,avg_realized_return
overall,1,0.5776232343492484
overall,2,0.16156248319142633
overall,3,0.04818638110227712
overall,4,-0.03731915535824285
overall,5,-0.16776084671281988
