quantile,mean_realized_return
1,-0.06263063585710835
2,-0.02041249547589787
3,0.004293488419542253
4,0.093743333034923
5,0.43925329196077373
