quantile,mean_realized_return
1,-0.027464130382904257
2,-0.003571555172941539
3,0.01804350567197408
4,0.05298018301694468
5,0.15540024072752398
