quantile,mean_realized_return
1,-0.06625345928531716
2,-0.008718827359176144
3,0.023822031808208254
4,0.062300345496974475
5,0.1842385456295263
