model_version,horizon_days,pred_mae,pred_rmse,pred_corr,pred_n,strat_avg_return,strat_hit_rate,strat_sharpe_like,strat_num_periods
v1,30,0.1442661489907868,0.24498196448522716,0.5004262868975817,73624,0.20319021002657292,0.9616368286445013,1.7067467526462563,391
