quantile,mean_realized_return
1,-0.07189263977108817
2,-0.025632715063385544
3,-0.027198694308450982
4,0.06026931060047198
5,0.36538736764602503
