quantile,mean_realized_return
1,-0.10928992765511936
2,-0.023889186702944282
3,0.04216989917940566
4,0.17332150981727396
5,0.6601989491048287
