quantile,mean_realized_return
1,-0.05276236717544568
2,-0.017728859864464663
3,0.008230363063010839
4,0.06405661012813008
5,0.23416834133170414
