quantile,mean_realized_return
1,-0.01724095531784488
2,0.0006977226643068496
3,0.022086171341937928
4,0.044990904484029544
5,0.1448546752325254
