quantile,mean_realized_return
1,-0.05313310126510236
2,-0.030219794159929085
3,-0.03102766596614413
4,0.04932468403675232
5,0.3659885064579956
