quantile,mean_realized_return
1,-0.05244910068784021
2,0.003339856186911567
3,-0.0016152132299000154
4,0.09724793632943207
5,0.4074644524437478
