quantile,mean_realized_return
1,-0.05066243464572019
2,-0.018068573825193477
3,0.007362003732953899
4,0.062265234164693664
5,0.23506771887374686
