name,cum_return,CAGR,vol_annual,sharpe,alpha_vs_kospi,alpha_vs_kosdaq
strategy,1.4554684116299867,8.903699870402173,0.059059555149525544,26.730466051147335,9.370349930768903,9.386467984047375
KOSPI(069500),-0.21828465889414783,-0.46665006036673007,0.22596942474503645,0.5383124673443193,0.0,
KOSDAQ(229200),-0.2276264591439684,-0.482768113645202,0.30129658811270543,0.5729217319444563,,0.0
