quantile,mean_realized_return
1,-0.07396294606110018
2,-0.01365121931175991
3,-0.0016808261982366964
4,0.10015267255356138
5,0.4434173513725503
