quantile,mean_realized_return
1,-0.04917973991081451
2,0.004511138515981914
3,-0.0028767927642674314
4,0.09458327699752431
5,0.40694904215964117
