quantile,mean_realized_return
1,-0.09719379182958979
2,-0.023855074013850425
3,0.035341078727210706
4,0.1702039547711217
5,0.6580150760885525
