quantile,mean_realized_return
1,-0.02796185160388054
2,-0.004029043620466702
3,0.018145306872563674
4,0.05345732592436033
5,0.15577651320151428
