quantile,mean_realized_return
1,-0.10084095559402267
2,0.011404386558196807
3,0.08578554275835755
4,0.17631871457393314
5,0.4730292772450668
