quantile,mean_realized_return
1,-0.0719028149745244
2,-0.02562253985994931
3,-0.027345294992461605
4,0.06041591128448259
5,0.36538736764602503
