quantile,mean_realized_return
1,-0.13100241448881703
2,-0.026509774190501954
3,0.03400240939842204
4,0.11496145678496159
5,0.3948631889939852
