quantile,mean_realized_return
1,-0.06920032129671783
2,-0.008454251942610956
3,0.015213577725429707
4,0.08578014881471939
5,0.36297131666217997
