quantile,mean_realized_return
1,-0.07461289352238049
2,-0.007787878995586324
3,0.01761270371329645
4,0.08792717065499485
5,0.3631717531572959
