{
  "snapshot_date": "20251216",
  "score_distribution": {
    "count": 202,
    "mean": 33.09838691935246,
    "std": 15.20651081071663,
    "p99": 56.09317481781756
  },
  "top20_metrics": {
    "pred_return_60d_mean": 0.1789781412207037,
    "pred_return_90d_mean": 0.2603733721852089,
    "pred_mdd_60d_min": -0.2335627099423791,
    "pred_mdd_90d_min": -0.2416974191513237,
    "vol_20_mean": 0.020852139790109935,
    "vol_60_mean": 0.023397262236783043,
    "risk_penalty_mean": 1.5513527141041166
  }
}