quantile,mean_realized_return
1,-0.0783358998203012
2,-0.0078999796065955
3,0.019538209274375398
4,0.08944309526712484
5,0.3635656947437174
