quantile,mean_realized_return
1,-0.05919297174543924
2,-0.009933279433298902
3,0.012365540000429526
4,0.08058971103864562
5,0.36248075819048053
