quantile,mean_realized_return
1,-0.062022628021558696
2,-0.0206509414901375
3,0.0030522472064419253
4,0.09461350745682331
5,0.43925329196077373
