date,code,roe,op_margin,debt_ratio,ocf_to_assets,net_margin
2020-12-31,000100,,0.0474102217326059,0.2895778398548366,,0.4153502368134
2021-12-31,000100,,0.0144323582412572,0.2867331962854783,0.0241848644985849,
2022-12-31,000100,,-0.0105148175336195,0.247035344038468,0.0294103883980475,
2023-12-31,000100,,0.0018284457798572,0.3127489237937559,0.0336152733296859,
2024-12-31,000100,,0.0794575382510035,0.3454393629403564,0.0003646473393785,
2025-12-31,000100,,0.038619814667543696,0.37722811737847806,0.03227332245683189,
2020-12-31,000150,,0.0517709351256733,3.521272501417815,,-0.0085524105843624
2021-12-31,000150,-0.0002488314331768,0.0684777807463026,2.3840210601319063,-0.0001954271393787,-0.0004777766579651
2022-12-31,000150,0.0086953289917339,0.0776234919699769,1.5246207857640577,0.0150545100375635,0.0190928023539986
2023-12-31,000150,,0.0704470494814023,2.471138864321356,0.0439617476210056,
2024-12-31,000150,,0.0284114114315274,2.502433321906916,-0.0359336246997244,
2025-12-31,000150,,0.05194295615925469,1.6413012345620566,-0.013838236511610105,
2020-12-31,000250,,6.262258231472248e-05,0.2329390936475633,,-0.1900719714638871
2021-12-31,000250,-0.0083615173850883,-0.2091852934096647,0.3658009194627858,-0.03937491579281,-0.0492642876411435
2022-12-31,000250,0.0155719273525656,0.0854684146697244,0.4897999794288508,0.0110822863042994,0.0894979220550234
2023-12-31,000250,-0.0383955548613813,0.0492119336957671,1.424086745332444,0.0039110958305936,-0.2134461241785443
2024-12-31,000250,-0.0007993246897901,-0.0155471049292914,1.3841760195810089,0.0334246857523369,-0.00543812604269
2025-12-31,000250,0.01256763818822779,0.05917557197239753,1.4928870839676682,0.00031794222993785916,0.07688753685872875
2020-12-31,000270,,0.0119614382815897,1.1319943704352615,,
2021-12-31,000270,,0.0747492136716529,0.9091341336518765,0.0995285857583826,
2022-12-31,000270,,0.0331682788720388,0.9259388620877044,0.1232468736967873,
2023-12-31,000270,,0.1121570966693327,0.8004553083895862,0.1397880476252214,
2024-12-31,000270,,0.1086460544292871,1.674566172715585,0.1142776192619707,
2025-12-31,000270,,0.050974311997157365,0.6675430449211788,0.08807238297981478,
2020-12-31,000660,,0.1598884554078127,0.3716527470343556,,
2021-12-31,000660,,0.353384710152809,0.4182037585775739,0.1838700855189011,
2022-12-31,000660,,0.1507400197197766,0.5940151552345084,0.1410235792629414,
2023-12-31,000660,,-0.1976535628988246,0.8476655376020522,0.003074577524779,
2024-12-31,000660,,0.4000415635993917,0.6594875280085364,0.1732515706018336,
2025-12-31,000660,,0.4655987180460952,0.48425710349647144,0.2190277456743196,
2020-12-31,000720,,0.0345940848730841,1.0602710438174563,,0.0207402232736662
2021-12-31,000720,0.0164191465341464,0.050635485534294,1.0316246704323455,0.0333108276986077,0.0340939275928848
2022-12-31,000720,0.0554304391860786,0.0283024148732683,1.0484775709454168,-0.0022660898331654,0.0997684706097247
2023-12-31,000720,,0.0310323940991508,2.186568239868964,-0.0680840975126657,
2024-12-31,000720,,0.013841867643885,2.3221425733244305,-0.028319709387131,
2025-12-31,000720,,0.013229209749632945,2.7093341052916124,-0.08919014627472736,
2023-12-31,000810,,1.020620193014493e-08,5.440877554733485,-0.011192767389200652,
2024-12-31,000810,,0.512654101568799,5.288271098933638,0.0312663117378702,
2025-12-31,000810,,0.47614793936706284,3.8335762112336726,0.019368093798776485,
2020-12-31,000880,,0.0545050981908053,8.694439760478772,,0.0351530827999372
2021-12-31,000880,0.0255171973272433,0.0427206844933305,8.477863667836049,0.0183932968191431,0.0384394707632754
2022-12-31,000880,0.0479041892679867,0.0547087478371776,12.8410246965747,-0.002618074048322,0.0507614559817402
2023-12-31,000880,,0.0320187890868713,5.817307020003234,0.0086004442618182,
2024-12-31,000880,0.0880381744027827,0.0430038214106211,6.110949380833024,0.0115287052260165,0.2252267773250583
2025-12-31,000880,,0.07557401162908045,5.1630990015510205,0.01859853154827939,
2020-12-31,000990,0.0601877424422768,0.2789411071573711,0.480865380456118,0.1851363415034453,0.1954824668918433
2021-12-31,000990,0.1051713490359337,0.3622566311149166,0.3894856649684203,0.1777631341985086,0.2821400388186552
2022-12-31,000990,0.1335217396888322,0.4925491385488458,0.3026731927749824,0.2837228165431497,0.3818401466074129
2023-12-31,000990,0.0321310354357468,0.1877980164299431,1.1793131664219667,0.0599558325802684,0.196047586665373
2024-12-31,000990,0.0389315488569798,0.1634909891099849,1.1916605240456457,0.1182405265677675,0.2466554160908028
2025-12-31,000990,0.04167699279313656,0.2150798815353419,1.31369179459314,0.06637920424993377,0.24219141568014627
2025-12-31,0009K0,-0.05849368491785601,-51.35590800572893,1.035253337307004,-0.023646201667446208,-45.53039013392156
2020-12-31,001040,,0.0521737680241148,1.6581089861665617,,0.0172484765255749
2021-12-31,001040,0.0101235078397048,0.0562041894920189,1.5019066270420651,0.0468285304859116,0.0181161727993789
2022-12-31,001040,0.0139640726651219,0.0587656482969648,1.640591095902915,0.0487240466716346,0.0224934785342492
2023-12-31,001040,,0.060030722205888,1.664120258515687,0.0723327474780471,
2024-12-31,001040,,0.0622257555295767,1.658298729295291,0.0722684051970244,
2025-12-31,001040,,0.0582460929400115,1.7555586586469567,0.068623733927559,
2020-12-31,001440,,0.017141489592712,2.616460461733245,-0.030931289716148,
2021-12-31,001440,,0.0317248483326575,2.578897380925973,-0.0543653616849608,
2022-12-31,001440,,0.0048433403796382,1.0426834324440202,-0.0715553436278379,
2023-12-31,001440,,0.0276330518065058,0.8945196435593377,-0.0318379384575776,
2024-12-31,001440,,0.0338267083811534,0.5644215801800614,-0.0354802576032891,
2025-12-31,001440,,0.034540828890448336,1.9248430025902188,-0.07278024989819774,
2020-12-31,003230,,0.1398592060353889,0.5984413801992131,,0.1053180805676613
2021-12-31,003230,0.0406884314030986,0.0939724811031868,0.7123416224393694,0.0658326493854221,0.0911343403922055
2022-12-31,003230,0.0754896614483297,0.0913852922265246,0.9312762087396306,0.0746161332540174,0.1476052696725097
2023-12-31,003230,0.0764573259719712,0.1295483905932875,1.957974035815456,0.1141088516339377,0.1127690192851053
2024-12-31,003230,0.0778463314706688,0.198906908512118,2.009998280495227,0.1765550209566954,0.1338065786771604
2025-12-31,003230,,0.20711468902949892,1.8974461201202122,0.11664654734494821,
2020-12-31,003380,,0.0353901840437511,1.7179486689619274,,
2021-12-31,003380,,0.0859820716584204,1.7403639708728442,0.0419557561984676,
2022-12-31,003380,,0.0703631446771918,1.8307975002964183,0.0836009816214166,
2023-12-31,003380,0.0026695329207395,0.05456275880336,2.518043227777764,0.0424006322012669,0.0047099162001957
2024-12-31,003380,0.0511179390488892,0.0835879307598193,2.669937813633502,0.0445953386315643,0.0910662262889014
2025-12-31,003380,0.01675994123939411,0.07718432623272539,2.7490699704247894,0.05458370888243736,0.030951830727572346
2020-12-31,003490,,-0.0428444374907857,0.8738809343427818,,-0.8885773301614159
2021-12-31,003490,,0.4471673505933666,0.7552333199545582,0.0899466761006753,
2022-12-31,003490,,0.6291295949799147,0.7205168441411771,0.1547528582068982,
2023-12-31,003490,,0.455257015070129,1.986892389898402,0.1069558991042601,
2024-12-31,003490,,0.5610073289082647,1.9922728290165697,0.0907204826816616,
2025-12-31,003490,,0.11434958717264639,3.3259959181608623,0.07452020661729943,
2020-12-31,003550,,0.7561816869864202,0.1574856176808979,,
2021-12-31,003550,,0.6167845617073552,0.1386894434343369,0.0338613599828755,
2022-12-31,003550,,0.5902832675335393,0.0935980472569508,0.013133477761434,
2023-12-31,003550,,0.4866398314670556,1.114445966578829,0.021038858517123,
2024-12-31,003550,,0.4541984732824427,0.1084729602371511,0.0340307042631581,
2025-12-31,003550,,0.3562378030892463,0.10488276041149508,0.022793006194305684,
2020-12-31,003670,,0.0498661640615818,1.0430613155228707,,0.0176308556055528
2021-12-31,003670,0.02389732851152,0.0623253584790775,0.5622340470126582,0.0195485828202489,0.0809567402105293
2022-12-31,003670,0.0255658263203913,0.0776609565114744,0.7948660578618121,-0.0343770657667268,0.0623072315726193
2023-12-31,003670,,0.0450273819443614,2.3300745967350367,-0.1082035846593431,
2024-12-31,003670,-0.0004578311933603,0.0014820241001388,2.9230191817291526,0.0756344504951929,-0.0013094112113133
2025-12-31,003670,0.010383109058558344,0.07621179572862662,2.0395144198858954,-0.020680548977538904,0.05309693165520803
2020-12-31,005290,,0.2069561614115495,1.144582121692134,,0.1463146516745317
2021-12-31,005290,0.0634172305224351,0.1839323705397424,1.1228517479047475,0.0630065847996243,0.1631341591873837
2022-12-31,005290,0.0863905740691009,0.2711903948667301,0.9971827354866032,0.10138212910802,0.2334181901833113
2023-12-31,005290,0.0427648959050767,0.1999024754339881,1.9659580455384087,0.0437101341960663,0.1513219322998646
2024-12-31,005290,0.0348564477487642,0.2421986976754044,1.876251298759332,0.0991958692258963,0.1303410410382819
2025-12-31,005290,,0.3152499990308252,0.8155351434871156,0.07625177443804437,
2020-12-31,005380,,-0.011380372044892,1.730335597166749,,
2021-12-31,005380,,0.0556573511408441,1.8077503050487125,-0.0154556317903118,
2022-12-31,005380,,0.0411563667653067,1.882228582735639,0.0284650434180937,
2023-12-31,005380,,0.0932085557467328,1.7578759689829135,-0.00127844795568,
2024-12-31,005380,,0.0834157730610171,2.744826045469832,-0.0056534392000162,
2025-12-31,005380,,0.05430623639918009,1.827611786956804,-0.011005942669022552,
2020-12-31,005490,,0.0467497436949668,0.7177350535469961,,0.0738767162932565
2021-12-31,005490,,0.1510268090946049,,0.0442223504739091,0.2700780848510233
2022-12-31,005490,,0.0434676149400253,,0.0309445191794701,0.2031462412181363
2023-12-31,005490,,0.0630887858561809,1.7068388157176249,0.0411111236126379,
2024-12-31,005490,,0.040562832509344,0.6714696354957573,0.043145463416362,
2025-12-31,005490,,0.0370062571246238,0.6533406254434841,0.025891598736511937,
2023-12-31,005830,0.04005299439013961,0.5279272301938974,5.379019099120332,,0.4067854355084675
2024-12-31,005830,,,6.4238607416408575,,
2025-12-31,005830,0.03283555766903832,0.49719690397593486,7.138549185426102,,0.3696605414662175
2020-12-31,005930,,0.1844753671217558,0.3608819065757509,,0.1397866112260648
2021-12-31,005930,0.042915976672644,0.213810554582061,0.3829770081771936,0.1131275805305115,0.1661728318263351
2022-12-31,005930,0.0292647435612014,0.1413363838874064,0.3634938123836662,0.098940590865375,0.1222843522048488
2023-12-31,005930,0.0164903353801875,0.0361033538159947,0.2489025423907787,0.0523218871519735,0.0867027842529325
2024-12-31,005930,,0.1161001053228022,0.2718897779181751,0.1037239793438696,
2025-12-31,005930,,0.14136433925748684,0.2664031293681372,0.10792411236409602,
2023-12-31,005940,,,7.202654841473637,-0.0023083568061720333,
2024-12-31,005940,,,8.102688109765168,-0.0505251992800803,
2025-12-31,005940,0.03325460294368487,,7.948916229379168,-0.06756735615311876,
2020-12-31,006260,,0.0535621712892083,1.58966353497668,,0.0267767583674394
2021-12-31,006260,0.0132925934417698,0.0548308075322345,1.7363135284052529,-0.0220572296157727,0.0220455197359768
2022-12-31,006260,0.0294373550173704,0.04945698943357,2.175921467734266,-0.0022072108901352,0.0408367226745193
2023-12-31,006260,0.0109271591624054,0.0623313214042875,2.779996037971901,0.0047888495528147,0.0176227462225361
2024-12-31,006260,,0.0415860832293447,1.7974827568528486,-0.0035813202769615,
2025-12-31,006260,,0.06991697617398648,2.080447155509048,0.022806367979894222,
2020-12-31,006400,,0.0865987897714165,0.6050846624189916,,
2021-12-31,006400,,0.1085782457284161,0.6485358777520467,0.0704013349066857,
2022-12-31,006400,,0.1054181133458672,0.7961365664539337,0.0720562232814477,
2023-12-31,006400,,0.0833884737242625,1.745044317104217,0.0525027115267833,
2024-12-31,006400,,0.0009273549592488,0.8048023502516509,-0.0134574687070384,
2025-12-31,006400,,0.08802516723600155,0.7967353771324466,0.010912062875295194,
2020-12-31,006730,,0.0082037457585058,1.883829415501342,,1.6534900021167738
2021-12-31,006730,-0.0106978594957497,0.0412173196536689,2.1577452776043646,0.006022353635196,-0.2812497036812025
2022-12-31,006730,-0.0027518929697579,0.1838831869665018,1.594133848528051,0.0124807194093777,-0.0536864077258294
2023-12-31,006730,6.305440981376274e-05,0.2401466908471419,2.67176509961372,0.0179043006027799,0.0011434596386674
2024-12-31,006730,-0.0017001786372842,0.2662029293133524,2.413805807548052,,-0.0358270651746907
2025-12-31,006730,0.0262569978501757,0.3032494822993751,2.390276438199321,0.0179279084736492,0.4854346871625565
2023-12-31,006800,,0.8947272271616176,10.207005650504975,-0.020126817601741467,
2024-12-31,006800,,1.6432152776298723,10.816312345476527,-0.056195788477738214,
2025-12-31,006800,,0.033390528879204594,10.218146846230686,-0.040918649316377294,
2020-12-31,007390,,-0.7338544781689484,0.3223385363112283,,-1.2936031137167023
2021-12-31,007390,0.073817341177832,-0.7398831714045598,0.1313069184096068,-0.0867940866013468,1.1523520088526245
2022-12-31,007390,-0.0744048506117495,-0.6123017310692795,0.7137401471451861,-0.2437284795708243,-0.7843782898113483
2023-12-31,007390,-0.0173142283376279,-0.4305554070010136,1.079587467550409,0.0153155822228355,-0.2667155296165898
2024-12-31,007390,-0.0084079125251644,-0.1695411016432039,1.105372677289166,0.0029586665141905,-0.0926628067236805
2025-12-31,007390,-0.0202520391997848,-0.3571129381819893,1.137192762996263,-0.0046802273707066,-0.3256583984127127
2020-12-31,007660,,0.0291335786619951,4.6966608105324505,,-0.0003995445591583
2021-12-31,007660,-0.0569407824413822,0.132049366491758,6.150188285046678,0.0152518234270704,-0.0301278901017672
2022-12-31,007660,0.2389535805698271,0.2010610219589875,1.758681352764876,0.0320424853688818,0.1885286153218592
2023-12-31,007660,0.0349860084602029,0.0792046091353625,2.3000759153753165,0.0809277818638639,0.0494303258567119
2024-12-31,007660,0.0468372078250882,0.1255459255734845,2.13689009097491,0.1404298260080055,0.0704809290912409
2025-12-31,007660,0.0659912587007856,0.19730902489442803,1.6306284049124329,0.10177117369650983,0.15943906397350613
2020-12-31,009150,,0.132206833432507,0.5974511670182543,,
2021-12-31,009150,,0.170278394755741,0.4700903220238548,,
2022-12-31,009150,,0.1304520158936595,0.4300019192225034,,
2023-12-31,009150,,0.0779321857318275,0.4257258618037781,,
2024-12-31,009150,,0.0859839968612733,0.4717404942354344,,
2025-12-31,009150,,0.09009139887370377,0.46855529476919827,,
2020-12-31,009540,,0.0117526084607855,1.0034702608818908,,
2021-12-31,009540,,0.0398475777539526,0.5184829850654674,,
2022-12-31,009540,,0.0442584196047945,1.6464382131903,,
2023-12-31,009540,,0.013760630457564,1.633767306250726,,
2024-12-31,009540,,0.0637885301754839,1.359818672922772,,
2025-12-31,009540,,,1.4089041024168796,,
2020-12-31,009830,,0.0960115218784417,1.543331123391993,,0.1661245877856405
2021-12-31,009830,0.11135816707737,0.0691274725819726,1.1401758019250026,0.0235216804796727,0.3112527204352363
2022-12-31,009830,,0.1035082169072147,1.4770170471154995,-0.008674026215653,
2023-12-31,009830,,0.0336097771513014,1.617427230717066,0.0057833497170185,
2024-12-31,009830,,-0.0292044034667424,1.9305722213751249,-0.0216404310100261,
2025-12-31,009830,,-0.002204905841187332,1.8925974064514428,-0.008786759278346984,
2020-12-31,010060,,0.0386042986114682,0.4288105937915443,0.0018872114329772,
2021-12-31,010060,,0.2189443112801305,0.4564199221822357,0.0808386929811997,
2022-12-31,010060,,0.2254315788982544,0.4165224810361406,0.0773801093939853,
2023-12-31,010060,0.0218399614950952,0.1894279054920896,0.5208688206228407,0.0985251490943141,0.165775850339351
2024-12-31,010060,-0.0042808589593243,0.0225687114855821,0.6340941097598036,0.0268479468165135,-0.0206028429566118
2025-12-31,010060,-0.016012614193596,-0.0631171077920394,0.6998547414269771,0.0734298449101746,-0.0868615837508389
2020-12-31,010120,,0.0484117613571168,0.8260565151930209,,
2021-12-31,010120,,0.0893562403840149,0.9043019960202114,0.0623973948362545,
2022-12-31,010120,0.0092238314497207,0.0978960180994315,1.0566528619082378,-0.0345285874873287,0.0222097947271669
2023-12-31,010120,0.0252607499533838,0.0784350009687761,1.1895459254050929,0.0309338271564521,0.0454083725748012
2024-12-31,010120,,0.0650715917249426,1.1647522432678634,0.0300215244852248,
2025-12-31,010120,,0.11025404767353968,1.2593920371609906,0.05642379105767837,
2020-12-31,010130,,0.6656371735794561,0.168017392434867,,
2021-12-31,010130,,0.5137016307889144,0.2305420917396355,0.0793671028706217,
2022-12-31,010130,,0.2137905357653196,0.3525495370658452,0.0996795402637609,
2023-12-31,010130,,0.0699530892645275,1.2501187373090927,0.0460753554387164,
2024-12-31,010130,,0.0467713943393518,1.4464588338972568,0.028073356677827,
2025-12-31,010130,,0.06572592559407414,0.9629821478507306,-0.03285704471726474,
2020-12-31,010140,,,2.0864799843998503,,
2021-12-31,010140,,-0.0741944979750808,3.182571123647381,0.0589825311935682,
2022-12-31,010140,,-0.1199309452992556,2.753895078644892,-0.1002646610719786,
2023-12-31,010140,,0.0374608237923588,3.2868434462854474,-0.0271722734747833,
2024-12-31,010140,,0.0516020587596225,4.040539582561497,-0.0023422276835244,
2025-12-31,010140,,0.09036008878647003,3.6852154366173346,0.11268191691880217,
2020-12-31,010170,-0.0428670943048945,-0.1732844749142463,0.7492382676287673,-0.0184591921511874,-0.1984991122601212
2021-12-31,010170,-0.020501010323232,-0.0926263366474169,0.8500537710767757,-0.032190737138272,-0.0974322348037618
2022-12-31,010170,-0.0070060135448685,0.0416062517566383,1.2775826723608843,-0.1112043866082397,-0.0197512726528048
2023-12-31,010170,-0.1105297824939787,-0.2024909271240788,2.5064454992470435,,-0.2691504350043224
2024-12-31,010170,-0.0920458694127188,-0.101052394032783,4.094796268597882,-0.1163655926286049,-0.1523377712777776
2025-12-31,010170,-0.11772500562045432,-0.1549879348579385,3.1544524379054186,-0.06384068830605125,-0.18907574685518552
2020-12-31,010620,,0.0456425928549914,,,
2021-12-31,010620,,0.0553104841599084,,,
2022-12-31,010620,,0.015945644587381,0.540903071866334,0.0333401187965964,
2023-12-31,010620,,-0.0079052946608067,1.2431073148647336,-0.0465952044671397,
2024-12-31,010620,,0.0327098292825866,1.231068854320705,0.1364533686724035,
2025-12-31,010620,,0.1544257699937926,1.1629224804031666,0.1158952633189685,
2020-12-31,010950,,-0.0023725470835572,1.893721881012184,,
2021-12-31,010950,,0.07719773854438,1.7234599068892016,0.0140062680113022,
2022-12-31,010950,,0.0460019518791219,1.5494815908268853,0.0078473711694797,
2023-12-31,010950,,0.0954358298826997,1.4438203093098363,0.0378909606460586,
2024-12-31,010950,,-0.0469365111485921,1.5630480933883313,0.0004755500837129,
2025-12-31,010950,0.007310419887080927,0.027237790104697752,1.8902239933657297,0.08342557421449186,0.007510783546338502
2020-12-31,011070,,0.0400998582735246,1.7518319914154508,,
2021-12-31,011070,,0.0883987693368998,1.6720154900312003,0.0879087210495016,
2022-12-31,011070,,0.0825632650329058,1.5865183152960654,0.0712803430161686,
2023-12-31,011070,,0.0385068746508689,1.5885268281871774,0.0880266827906313,
2024-12-31,011070,,0.0229425939115143,1.3750968170990128,0.0040050758600936,
2025-12-31,011070,,0.037946106393768726,1.1409628915218146,0.0755548850282104,
2020-12-31,011200,,0.1612287341633672,4.38540065615294,,0.0143289085030759
2021-12-31,011200,0.4883477355373761,0.5653777138061046,0.9984782384999058,0.3881165974338811,0.5726148620604572
2022-12-31,011200,0.1758178345256176,0.5093803984267855,0.3685115687320829,0.411213481809873,0.5102225064935345
2023-12-31,011200,0.0043383629358221,0.0356512910990741,1.201852004864847,0.0494962004874589,0.0448664745915896
2024-12-31,011200,,0.4114198278143458,0.2248648796143823,0.119451533031812,
2025-12-31,011200,,0.1096792334591589,0.25486897078097637,0.08422350053930956,
2020-12-31,012330,,0.0598841703787952,0.3119033185527695,,
2021-12-31,012330,,0.0458061099771869,0.4319036317540428,0.0439267848600316,
2022-12-31,012330,,0.0433196655838969,0.4727977580101137,0.0247281842420996,
2023-12-31,012330,,0.0485028928527156,0.4542263618427049,0.0773374393400438,
2024-12-31,012330,,0.0648884772595082,1.4371795410117525,0.0539529898991558,
2025-12-31,012330,,0.05190942854185344,1.457964255939703,0.05347989078560149,
2020-12-31,012450,,0.0684658809100622,2.2954025179645936,,0.0406860157602138
2021-12-31,012450,0.0172207009822018,0.0793266722331433,1.8348971175452893,0.0099342083808119,0.0447333853607067
2022-12-31,012450,0.0216606577848759,0.0571839472911941,1.853656412447988,-0.0166323223136652,0.0775362992039271
2023-12-31,012450,0.0015171495020836,0.0607356786466251,4.096910525753495,0.0363297241197566,0.0035594553193759
2024-12-31,012450,0.0757448419879405,0.2147570066853959,4.974491080305128,-0.0537122904858888,0.1432461120460299
2025-12-31,012450,,0.24490338366061304,3.217846200051833,-0.0016630024040203608,
2020-12-31,015760,,0.1484405217951297,1.8769608762225067,,0.0796444512788408
2021-12-31,015760,-0.0147661508900017,-0.0568994374330702,2.008260489423477,0.0330294154945643,-0.0623175405454149
2022-12-31,015760,-0.0986980605266758,-0.3808707326440485,3.525967667351112,-0.0627691361637964,-0.2975889090544773
2023-12-31,015760,0.019243830850356,0.081592730748304,6.639983242247556,-0.0027184346683428,0.0340533667914808
2024-12-31,015760,,0.130100316216033,6.144720390662782,0.0527868619119441,
2025-12-31,015760,0.07936989399038728,0.20498452364510808,5.300198842629095,0.0687036466141279,0.137457029468326
2023-12-31,016360,0.022711123243425745,0.5195457469865771,8.578141502753597,,0.3896710910825619
2024-12-31,016360,0.03480408579288564,0.9403851256950969,8.764764197888592,,0.6972321096801357
2025-12-31,016360,0.04123495750426342,1.9452837888694414,9.669447701206686,,1.4967976830259555
2020-12-31,017670,,0.0764217025214539,0.918284958388194,,0.083637331367228
2021-12-31,017670,0.0285985284363946,0.0805172263852854,0.90103830510067,0.0748972059849753,0.1482658466156792
2022-12-31,017670,,0.1071892899809759,1.4826796646300358,0.092194022766359,
2023-12-31,017670,0.0249901737654455,0.1131060893424582,2.415159539427153,0.1236013641798855,0.0700123335930277
2024-12-31,017670,,0.1176630882073238,1.3462958439996038,0.129488880753319,
2025-12-31,017670,-0.014119044005967002,0.012176274690402165,1.4469035503936678,0.09768998448089238,-0.041912598691222665
2020-12-31,018260,,0.0740664885029777,0.354026022761886,,0.0542251505388096
2021-12-31,018260,,0.065656794974705,0.3806462664623855,0.1002278219633388,
2022-12-31,018260,,0.0440713613556315,0.4579637623966354,0.1153869423034115,
2023-12-31,018260,,0.0601739115098284,1.356577289450971,0.0664253989582164,
2024-12-31,018260,,0.0708184335925277,0.3629938749309224,0.0455104214939758,
2025-12-31,018260,,0.06849716240183379,0.32533083017161696,0.0680976528467655,
2020-12-31,018880,,,2.3940136651758523,,
2021-12-31,018880,,,2.358333576402215,0.0294987010698087,
2022-12-31,018880,,,2.5302990300162542,0.000605697238106,
2023-12-31,018880,-0.0162590301567392,0.0087169622502412,3.575569836491156,0.026736112795079,-0.018204336148604
2024-12-31,018880,-0.0076536058418416,0.0374899441443782,3.827047537090773,0.0429419240648364,-0.0077700956733316
2025-12-31,018880,0.018088474562169096,0.035222541350499965,3.4567067858390645,-0.002071265932547874,0.020427842413989507
2020-12-31,021240,,0.2106584154884379,1.157500013184162,,0.1459145265886142
2021-12-31,021240,0.084387563911337,0.1753819948084991,1.0439859319265063,0.079187097033104,0.1461234489508879
2022-12-31,021240,0.0563414525492739,0.1702069736404073,1.002810686532584,0.0119028304166724,0.1175057780754348
2023-12-31,021240,0.0568432749257125,0.1938289946339977,0.8194910923153358,0.0613425230901176,0.1359302763863333
2024-12-31,021240,,0.1881706921200332,0.7747866805895853,0.0508831909707917,
2025-12-31,021240,,0.1937637528531222,0.9531591345895052,-0.0006282727677822,
2020-12-31,023160,0.0007744160073925,0.0395927460063678,0.0725032724011407,0.0731644291908023,0.0075831262494485
2021-12-31,023160,0.019046754992014,0.1058063687535481,0.1003128938765976,0.074647697227476,0.1698670401648014
2022-12-31,023160,0.0180918765187911,0.1528316745512019,0.1269779323192971,0.0534307109440045,0.1278053041570863
2023-12-31,023160,0.0213783983080266,0.1640728935707458,1.0982830109137975,0.0749012744954264,0.1556375983459332
2024-12-31,023160,0.0117620383368822,0.1227158854977908,1.0875886138404744,0.0740270203838922,0.1114351576443139
2025-12-31,023160,0.0473227718712098,0.1420960519505291,1.1039186494106754,0.0163320433771901,0.3651472152910524
2023-12-31,024110,,42.79960144761556,13.14746086100704,,
2024-12-31,024110,,24.540227917441065,12.590414478138218,,
2025-12-31,024110,,11.026702777457647,13.718476113317987,,
2023-12-31,027360,0.0029458978344511348,5.4072030802681645,1.4119612200584486,,6.845753460771879
2024-12-31,027360,0.0020699500504435947,-0.021649735222098756,1.328330109299418,,0.8514809908101632
2025-12-31,027360,0.008168510740006935,7.970291760406633,1.2914605196920352,,7.299132533913196
2020-12-31,028050,,0.0624174796380415,0.6816777071886738,,
2021-12-31,028050,0.0292296519683405,0.0795805025603815,1.9777777862867671,0.0932409736242495,0.0560757713347983
2022-12-31,028050,0.0732589541228616,0.0653139066711963,1.6476724372963971,-0.0425581558965527,0.0659881349496975
2023-12-31,028050,0.0542569352912788,0.0619188310072919,1.3396622429078584,-0.0388290657467184,0.0629095983525513
2024-12-31,028050,0.0415457407442999,0.0880119252378336,2.2155910288225216,0.0507086349248631,0.0682971119582549
2025-12-31,028050,,0.08846765659044972,1.017327246015711,0.060297829445474176,
2020-12-31,028260,,0.02745190038854,0.7225436127960152,,0.0411963658513687
2021-12-31,028260,0.012570354476467,0.0169832740115783,0.6532933502656165,0.0217675615722552,0.0451768730289739
2022-12-31,028260,0.0188883224219655,0.0707910819656187,0.8992402019973335,0.0241545822007058,0.0530258391564198
2023-12-31,028260,0.0207569656225342,0.0756865141324531,1.6913087311473436,0.0239448516721011,0.0639114716216966
2024-12-31,028260,,0.1076107820866237,0.6232841721048663,0.0299444184136003,
2025-12-31,028260,,0.09786565833802637,0.5395664849663517,0.0391457877102258,
2020-12-31,028300,,-1.7500976129416532,0.2789906196986318,,-1.3561872401249062
2021-12-31,028300,0.0129720597265655,-2.4839897638311284,0.2406351769717807,-0.0661874714784454,0.68715541062256
2022-12-31,028300,-0.0684720948652969,-1.528207128924521,0.5507653336027938,-0.0660890714563248,-1.552522120014144
2023-12-31,028300,-0.0408077956966817,-3.027569686274576,0.2966875623318337,-0.1006144776232718,-2.516654859246767
2024-12-31,028300,0.0010024881642167,-1.1537241163822016,0.4473558098288376,-0.1071502299041309,0.0347800927644763
2025-12-31,028300,,,0.5534020667401681,-0.08265529781159871,
2023-12-31,029780,0.0173660430849367,0.1827980480853377,3.682692819386685,,0.1364583349100661
2024-12-31,029780,0.0205738254315813,0.2534221273038224,3.469792812786502,,0.1909958758434023
2025-12-31,029780,,,3.710947088149835,,
2020-12-31,030200,,0.0487129403162501,1.2904488597750718,,0.0383371786766575
2021-12-31,030200,0.021272627746398,0.0615043437897172,1.2258863899617618,0.1161136797866141,0.0543228645111399
2022-12-31,030200,0.019186484245276,0.0699193988267463,1.2703217096623924,0.0839058136635002,0.0503612594390694
2023-12-31,030200,,0.0480680534448823,1.348867650302937,0.1054833047553323,
2024-12-31,030200,,0.0697425771438317,1.2281606406370178,0.1029243056226764,
2025-12-31,030200,,0.07551579727824835,1.2332760088091674,0.0918372279030826,
2020-12-31,030530,,0.1486701375261484,0.2386967581129241,,
2021-12-31,030530,,0.1032947202417208,0.2777986381805458,0.0203376018205809,
2022-12-31,030530,,0.1262969278692101,,-0.0284244072036499,
2023-12-31,030530,,0.0964752754091964,1.3949619675522178,0.056335589719683,
2024-12-31,030530,,0.0749415262452531,1.5226984331521256,0.0461686147852209,
2025-12-31,030530,,-0.05626116430998202,0.49891607702413476,0.033653187820853164,
2020-12-31,031980,,0.0842736928066324,0.2022568023603716,,0.3765136834362783
2021-12-31,031980,0.0321686809260912,0.3284652007338001,0.2135410746299665,0.0720246408475098,0.3468452710645878
2022-12-31,031980,0.0492770563670517,0.1818930238188755,0.2291549098111907,0.0410756188600539,0.8549106149593123
2023-12-31,031980,0.0257953133746844,0.0628822712154746,1.1857824869241522,0.0750631702611038,0.5156089225095138
2024-12-31,031980,0.0517075157311689,0.3655661932331912,1.216319078844392,0.0981716386519303,0.5079316950216852
2025-12-31,031980,0.08044601660895229,0.4553949043749816,1.1651394369926498,0.09828645248352198,0.4297737449221784
2020-12-31,032500,0.0053929073279145,0.0811725127676039,0.710436499853645,0.2323289890154249,0.0177420467011096
2021-12-31,032500,-0.014202560315343,-0.255217391799107,0.4847582307687413,0.1180535935223546,-0.0980736574195327
2022-12-31,032500,-0.0053731233763016,-0.1584532183050024,0.427836186985189,-0.0267651673266493,-0.0249595249313184
2023-12-31,032500,-0.0655533667110719,-0.5904657329001749,1.466739338249476,-0.0627187918037049,-0.7763933415866368
2024-12-31,032500,-0.07045453552135,-0.545892580997161,1.929498714538345,-0.1035959903357222,-0.5387518968843027
2025-12-31,032500,-0.0477559723117778,-0.3425074560913981,1.9499135089194168,-0.0591602437928194,-0.2995282700168702
2020-12-31,032640,,0.0751882354772243,1.4307293202920544,,
2021-12-31,032640,,0.0795815182945556,1.3639226202497496,0.1264479067200578,
2022-12-31,032640,,0.0814210779616382,,0.1436657093696191,
2023-12-31,032640,,0.0710009865747092,2.336964344798103,0.117916163672806,
2024-12-31,032640,,0.064721014823492,1.3263828946515686,0.1252603583906482,
2025-12-31,032640,,0.04030828470259831,1.1896164571989627,0.10524794274396096,
2020-12-31,032820,0.0751102486227978,0.2585762361604796,1.264670684216309,-0.0102759461186065,0.2476462204862608
2021-12-31,032820,-0.0003204133785582,-0.0031927792751948,1.2794333066496737,-0.0143382719779046,-0.0018957397608312
2022-12-31,032820,0.0430023701597299,0.1620199130608205,0.789540301572307,-0.0434047711237485,0.2158331575349069
2023-12-31,032820,0.059687685238781,0.2761262688305183,1.869015678360028,-0.0111516575340162,0.2578122323327854
2024-12-31,032820,-0.0090186426209373,-0.0939461576396628,2.2379157760498765,0.0510912088950376,-0.0552317706879725
2025-12-31,032820,-0.024250554226906668,-0.030679286305658422,2.448808325435911,-0.04146525208424945,-0.15529986586671762
2023-12-31,032830,0.011344265059716009,0.014610811417821,6.651772956892966,,0.23806140807137383
2024-12-31,032830,0.017857796656470505,0.8548287663952722,8.861810540700807,,15.174401054399354
2025-12-31,032830,0.019970726282500587,0.12561256059427892,8.193420034053434,,2.5178995086279636
2020-12-31,033100,0.0009390692803015,-0.018772906850083,0.1493041318147654,0.0818710729826419,0.0050194750775022
2021-12-31,033100,-0.0035429337901745,-0.0565011492433487,0.3193354601876748,0.0853765967593263,-0.0173443414295654
2022-12-31,033100,0.0989471696679245,0.2620764283384707,0.3337607976096831,-0.2601309043620184,0.2450176746023788
2023-12-31,033100,0.1642352590496591,0.4079178784043504,1.2994969114630033,0.2385058884306899,0.3362082821231693
2024-12-31,033100,0.1400216163643891,0.3835154284115509,1.185438123776571,0.4728506873393574,0.2944531194460486
2025-12-31,033100,0.08669136148059471,0.32301339153771724,1.1429035168394184,0.19818010004592335,0.28643966514589614
2020-12-31,033780,,0.2970100321144968,0.3150868760447469,,0.1900209379035014
2021-12-31,033780,0.0395511793089409,0.2702672706085719,0.2678455088618988,0.1026035514228702,0.2292574175227498
2022-12-31,033780,0.04821400250861,0.249669031802918,0.2906107290461454,0.060905894767976,0.2850800948326116
2023-12-31,033780,0.0351181745593482,0.2407308826304514,1.4062964153802555,0.0701169945049758,0.1972684886387025
2024-12-31,033780,0.0261238259396782,0.296042910808702,0.4596591461680421,0.0678236657914712,0.1711273299870386
2025-12-31,033780,0.04567105457627322,0.23116688129476387,0.6120378556052878,0.044926046177876884,0.2080262959165017
2020-12-31,033790,0.0759590162389605,0.0979755199276301,0.4606022941199388,-0.0600590149954402,0.2684805907091143
2021-12-31,033790,0.0402635176264484,0.1483842442698441,0.1975013103749184,0.0146488684864513,0.3145557044042474
2022-12-31,033790,0.0146883407569048,0.0370792737798148,0.1426068810850948,0.0668428742728823,0.0911746417511499
2023-12-31,033790,-0.0205840221900122,-0.5708554184303916,1.074782764315315,-0.1198373903174271,-0.5275227552755885
2024-12-31,033790,-0.0287109407605094,-0.0180650082533411,1.973223727741073,-0.1484310203067573,-0.0931825776385748
2025-12-31,033790,0.002335467867512712,0.016521060903758,1.8482483079131407,-0.02595850888649981,0.0031093794827596467
2020-12-31,034020,,0.0469316575030408,3.378075024576676,,
2021-12-31,034020,,0.0702480873969839,1.9873424810911475,0.0134225355534233,
2022-12-31,034020,,0.0794301398550556,1.280619443801693,0.0222897719312971,
2023-12-31,034020,,0.0749436610365168,1.2344993867283005,0.0563694017308249,
2024-12-31,034020,,0.0338056992406727,1.2220626143800402,-0.0375242767822757,
2025-12-31,034020,,0.03532129833649027,1.2777237681176519,-0.023861525624092998,
2020-12-31,034220,,0.0436067875466485,1.9157469140725785,,0.0029505420072175
2021-12-31,034220,0.03460537020511,0.1233360764669682,1.5737145673684612,0.1019963027534447,0.1080782215166303
2022-12-31,034220,-0.053574983284444,-0.2650565819595391,1.8097917591240809,0.0495140650196726,-0.2701967470173079
2023-12-31,034220,-0.0669202433179373,-0.2816103443142426,4.222375849700434,0.0302737360573703,-0.3298092341719657
2024-12-31,034220,,-0.0265131516403324,3.9731483270425536,0.0317374434749394,
2025-12-31,034220,,0.12990867992766728,3.6275963715010646,0.030053435946100993,
2020-12-31,034730,,0.0226192881078545,1.563379563249177,,
2021-12-31,034730,,0.0609126604969844,1.584425197959608,0.0214897319270166,
2022-12-31,034730,,0.0519037423185936,1.573991085268834,0.0341440825127821,
2023-12-31,034730,0.0059839715603548,0.0800842014000394,1.6184814938326475,0.0370401896854266,0.0138462490231158
2024-12-31,034730,,0.0167467765353597,1.5619175889347907,0.0331226858458824,
2025-12-31,034730,,0.026654754819746013,1.5062734788476997,0.024076778169818337,
2020-12-31,035420,,0.2143821427061658,1.0848769120756907,,0.1729471875829642
2021-12-31,035420,0.020414362582249,0.2025016525481901,0.3616918451438825,0.0359283309781478,0.1868433873335079
2022-12-31,035420,,0.1605201643986234,0.4144429016819817,0.0275937425029953,
2023-12-31,035420,,0.1554745476915916,1.4926947313383423,0.040532690864354,
2024-12-31,035420,,0.1934297947689023,1.4261686119818868,0.0461458648418226,
2025-12-31,035420,,0.18184732563836256,1.4159476340725488,0.052770284971942555,
2020-12-31,035720,,0.1092428339867833,0.5037349826738464,,0.1306100038298936
2021-12-31,035720,0.0942889649931831,0.0966088759289859,0.6717976330759783,0.0519049557470897,0.4976386154550057
2022-12-31,035720,0.0104775177620578,0.0808801755844911,0.6656104678902663,0.0217281097562607,0.073794224068796
2023-12-31,035720,0.0031995301538872,0.0649240165660938,0.7103687276536439,0.0323456048941769,0.022903432817802
2024-12-31,035720,0.0055385635237231,0.0679326955584415,1.8126980547980769,0.0381514431316659,0.0408624577583939
2025-12-31,035720,0.01316168511525837,0.09970752197277241,1.835167686846168,0.034844755818419684,0.09243009570628681
2020-12-31,035760,,0.0972244847885399,0.7123352305974554,,
2021-12-31,035760,,0.1210278542891234,0.6570775290236449,0.0943540554110138,
2022-12-31,035760,-0.0130122016435536,0.0252488832894372,1.269776006042256,0.1233419173125734,-0.0550102295860924
2023-12-31,035760,,0.0066663785547683,1.529744578363743,0.0998619752279319,
2024-12-31,035760,,0.0140801638436986,1.5840211518184013,0.1012622356533954,
2025-12-31,035760,0.0220176996850681,0.0141064354212279,1.503745636304482,0.1022281180243152,0.0640477519760416
2020-12-31,035900,,0.3215400312132923,0.2045873567868152,,0.2232494530400461
2021-12-31,035900,0.083520401475377,0.3183147297150405,0.2582337076207012,0.1481461683464429,0.2899372963999252
2022-12-31,035900,0.0882259180254055,0.2891298937268312,0.291469884178496,0.0709433391197151,0.2369546699267237
2023-12-31,035900,0.1008893673728308,0.313854972373139,1.3009533773279764,0.137816126321819,0.2486533198411669
2024-12-31,035900,0.0854721881172649,0.2839164144291429,1.291081878667037,0.0273654570310846,0.2275532690018762
2025-12-31,035900,0.045414403321142834,0.17535432581713514,0.4448558261797458,0.08038223284343057,0.11677840284590346
2020-12-31,036540,0.013322096259075,0.0616167949604706,0.6247022719844909,0.0884352505739299,0.0348381504196256
2021-12-31,036540,0.0451484420270613,0.1136293968884976,0.5348406765141352,0.1167539847246897,0.1043491828184446
2022-12-31,036540,,0.0883652011467226,0.4268978709007902,0.0961213403476921,
2023-12-31,036540,-0.0182973734713365,-0.1124264248039839,1.2992714148918345,0.0537962535355343,-0.0959949193601818
2024-12-31,036540,0.0233393783346734,0.002660592231412,1.258402455244981,0.0531259834086268,0.1210941603870287
2025-12-31,036540,-0.010587445502181013,-0.06531213363650393,1.171841644288811,0.020897156235601722,-0.05153060765000501
2020-12-31,036830,,0.030688818021017,0.2777770625610007,,
2021-12-31,036830,,0.1268456028090339,0.3497876756323945,-0.0030190549270752,
2022-12-31,036830,,0.1551249387642518,0.4201097798147614,-0.0074982614626751,
2023-12-31,036830,,0.1833399916595874,1.4061914331871246,0.0331736788773382,
2024-12-31,036830,,0.1726094793314308,1.25380416054758,0.0348673119803105,
2025-12-31,036830,0.04556546606192646,0.07808904150542542,0.4520645182897969,0.032232923979127186,0.5085338631243619
2020-12-31,036930,,-0.7837467615198576,1.223759653394548,,-0.7154240035095469
2021-12-31,036930,0.1038541625098588,0.2690828162646942,1.1540038034516051,0.1164269412733079,0.2981348988885298
2022-12-31,036930,0.0870102849086802,0.2914405298362227,0.7574443007518362,0.0996957900846274,0.2979100935173811
2023-12-31,036930,,0.0718166519720385,0.5917287887825822,-0.0615252234295464,
2024-12-31,036930,,0.3544144301069219,0.6082632443217119,0.1606376775732173,
2025-12-31,036930,0.012863794218528716,0.05709757082856252,1.46880553002577,-0.06237242444463173,0.12988070753569267
2020-12-31,038500,-0.0063328302845588,0.029657012945536,1.050765333222104,0.0320071057121488,-0.0322738369266197
2021-12-31,038500,0.0068081229997607,0.0725426535138666,1.2463671728407029,0.0140278106113344,0.0328354454730093
2022-12-31,038500,,0.098740651461045,1.2966146588041831,0.0413593145756756,
2023-12-31,038500,,0.1359052901188311,2.163914883048589,0.0445067896901133,
2024-12-31,038500,0.0160642876687593,0.1462078787063329,1.979100551123358,0.0560386453263234,0.0672649085224962
2025-12-31,038500,,0.08232434438521444,0.8678144969748057,0.06107691853374466,
2020-12-31,039030,,0.1890304629864078,0.1473239712559001,,0.1214843795429091
2021-12-31,039030,0.0530354137845664,0.2169839423144899,0.1555560302559429,-0.034348197742675,0.2201447697362646
2022-12-31,039030,0.0612553454268774,0.2032533190243734,0.1582090785396954,0.0638984029950045,0.2695410587919163
2023-12-31,039030,0.0142766737364742,0.0399144859966343,1.0762716559669778,0.0163602254209881,0.1069496957955495
2024-12-31,039030,,0.1256915077717317,1.0857923494831774,0.0417173600614886,
2025-12-31,039030,0.03469486436514979,0.2586939204154118,1.1238466856992901,0.0962387550837591,0.2305307263756505
2020-12-31,039200,,-9.8541021252804,0.3390560411047319,,-9.843608974227088
2021-12-31,039200,-0.1648606717512988,-8.211444407352236,0.5999307672192955,-0.0175746288787181,-8.100712120741658
2022-12-31,039200,-0.1907289937196971,-6.709134912123603,0.534388167872862,-0.3523584891523238,-6.542045421155403
2023-12-31,039200,-0.0654644242600296,-4.747734704832904,1.2800762810461166,-0.2053518226024001,-2.852919088879838
2024-12-31,039200,0.1395352469232354,0.6761346320078009,1.2403630452466068,-0.1049475073742265,0.6629011924489258
2025-12-31,039200,0.005266933651253435,-0.04171903759766906,1.2537289918780674,0.0491530463087102,0.07238581727166339
2023-12-31,039490,,31.565660549536794,8.929995905597398,-0.0160830371796022,
2024-12-31,039490,,-241.41967416018474,9.421715323629776,-0.07871336174385918,
2025-12-31,039490,0.05410805268989057,0.12133508431051669,10.244687625450892,-0.010055655657420086,0.09566664001761015
2020-12-31,041510,,-0.0842680091066295,0.6291342581489863,,
2021-12-31,041510,,0.0911558016989226,0.6552771685527388,0.0604347716405644,
2022-12-31,041510,,0.1249747793432787,0.573939717133519,0.040833313138198,
2023-12-31,041510,,0.1896846891448635,1.6198974597458116,0.0594534693628098,
2024-12-31,041510,,0.0550421747507679,1.676110539713095,0.0387488768681151,
2025-12-31,041510,0.03453732552013336,0.14992230105238125,0.51479031020871,,0.1389509280168244
2020-12-31,042660,,0.0232864574388019,1.6140637275635394,,
2021-12-31,042660,,-0.0197676308788263,2.9731338841798,0.0440528541256772,
2022-12-31,042660,,-0.639683894527878,12.908274045005124,-0.1040383449123108,
2023-12-31,042660,,0.038675472730365,3.962926618667149,-0.1151809297351515,
2024-12-31,042660,,0.0094637427602958,2.914828219494224,-0.161903108373426,
2025-12-31,042660,,0.0958401947659735,2.38453835768943,0.02739454945846525,
2020-12-31,042700,,0.3192240847567978,0.2285842430277602,,0.2344014782517549
2021-12-31,042700,0.0942877036781758,0.3373007878817933,0.2922649093137273,0.0213168375384525,0.2909356755753348
2022-12-31,042700,0.1088882097103682,0.4008734738740977,0.2061859870129563,0.0966366456203703,0.4818483597954437
2023-12-31,042700,0.030878001976337,0.0930440026850586,0.1420199558095279,0.0510906793947335,0.470144857813328
2024-12-31,042700,,0.4762240832624814,0.3157044436200406,0.0777214344557308,
2025-12-31,042700,0.10007570029289084,0.4079977019485694,1.1940601966316207,0.17889632404187586,0.395311988231399
2020-12-31,043260,0.0864766099197228,0.0322702256138449,1.6127790388190542,0.0247167099562386,0.1544882326631365
2021-12-31,043260,0.038206155176001,0.0219964847855628,1.0431080024154915,-0.0616926011521765,0.0830004056226516
2022-12-31,043260,-0.0090834565296673,-0.0500995799419537,1.5346745686624597,0.0969961099763114,-0.0224449251646804
2023-12-31,043260,-0.0181662485009233,0.0388798801344791,2.788033732998735,-0.0342016461421543,-0.0304718541964298
2024-12-31,043260,-0.0121222242179946,-0.0416929533328992,2.11951517772825,-0.0029836400369644,-0.0317531048804524
2025-12-31,043260,0.012441265846986188,0.009706964814392736,2.648942002892492,0.042003057822694576,0.03637464284917443
2020-12-31,047040,0.0209260380481054,0.0542749460562209,2.735668134634894,0.021064464475144,0.0295218161596946
2021-12-31,047040,0.0308840200557659,0.0534671970965682,2.226583680662096,0.1145060347979068,0.0425815906102497
2022-12-31,047040,0.0508750328506357,0.0815269996211897,2.0025888991919096,-0.0157731316252334,0.0691723981454108
2023-12-31,047040,0.0280454883252905,0.0636250463009386,2.766155370326685,-0.0508735255563521,0.0367597810101323
2024-12-31,047040,,0.0244659213632667,1.9601490262680608,-0.119614311811567,
2025-12-31,047040,,0.028418189531378486,2.286734040611605,-0.007683587254926927,
2020-12-31,047050,,0.0211243090273489,1.7649561317282332,,0.0108473886449121
2021-12-31,047050,0.0208207388434124,0.0162280985797926,2.354969663589084,-0.1246666572183684,0.0075347713146819
2022-12-31,047050,0.0285223261196897,0.0217927334492419,2.296246464885132,0.0018000043189601,0.0124717292644457
2023-12-31,047050,0.0352804265782678,0.0387461240003079,2.627045234975594,0.0528247723704668,0.0242608306484461
2024-12-31,047050,,0.0427519337981142,1.3776216327807418,0.0293822965529498,
2025-12-31,047050,,0.03829387889759572,1.3456181691387525,0.08404075105815273,
2020-12-31,047810,,0.0446673275598477,2.7796587977938567,,0.0240567261272097
2021-12-31,047810,,0.0063469727142455,3.324026705916354,0.0079619189486275,
2022-12-31,047810,,0.0500302768643791,3.309550097847485,-0.0322071774560346,
2023-12-31,047810,0.0360120027392464,0.0649188227356946,4.75502196044772,-0.141467241321955,0.0525417317135604
2024-12-31,047810,0.039239071136226,0.0840811292998261,4.320269679484847,-0.0694413452210191,0.0748096888404006
2025-12-31,047810,0.02112413394728484,0.08572894231614354,5.460992663890173,-0.07364768309921525,0.05549729988350614
2020-12-31,048410,-0.0054774641891245,-0.2997527934892464,0.6457974932282374,-0.0406225243957698,-0.1087492866548191
2021-12-31,048410,-0.0408377482035687,-0.7991676322066577,0.3606499924664132,0.0575263057526317,-1.0523271742381688
2022-12-31,048410,0.0489510726537492,-3.0478477129166803,0.1483482058015428,-0.1304281546759954,1.4082088406399085
2023-12-31,048410,-0.0323635398863163,-1.0267578415946952,1.1401000948160362,-0.0690765381925508,-1.00813352219641
2024-12-31,048410,-0.1056049503675523,-7.227029594009096,1.6224908195885648,0.0945747246993576,-11.17796582814661
2025-12-31,048410,-0.06344916623202135,-8.353173958151912,1.0574832298762264,-0.09872824706281816,-12.65224448077349
2020-12-31,051910,,0.1672773638058843,1.1263355858321051,,
2021-12-31,051910,,0.1129357130389491,1.1968724607114127,0.079180371085528,
2022-12-31,051910,,0.1006109766807105,0.7990141833511515,-0.0256264333235973,
2023-12-31,051910,,3.9910848056701007,0.873555785023771,0.0561365896116232,
2024-12-31,051910,,0.0393323082668752,0.9465235200004488,0.0313714730437351,
2025-12-31,051910,,0.060709599800646115,1.130182496991898,0.057787441448659986,
2020-12-31,052020,-0.1144216773252649,-1.9759552418386936,0.4575677766837187,-0.1861605917336584,-2.038925857197441
2021-12-31,052020,-0.1513517054969794,-1.941001263925363,0.3432214639339163,-0.3462585260073151,-1.8567619934516164
2022-12-31,052020,-0.1335961875970364,-3.5819772932691523,0.1489125633192821,-0.279889972637697,-3.4205179108264017
2023-12-31,052020,-0.0973798809928008,-5.409576323283607,1.1839572561233709,-0.3325926038357566,-5.073633491921358
2024-12-31,052020,-0.2018678748915695,-1.9782223359045703,1.8765095092724795,-0.4214263216567674,-1.9621420534934515
2025-12-31,052020,-0.0666150770483511,-3.876947574445109,1.2011933241821438,-0.1463886217121375,-3.4806724214738383
2020-12-31,052690,0.0162547373664615,0.1481437813114372,0.3939568056638838,-0.010101149857995,0.082642530838357
2021-12-31,052690,-0.0054259180453193,-0.0941475340246541,0.3770531443217403,-0.0010566066716517,-0.0300859087573716
2022-12-31,052690,0.0011508091466231,-0.0072113922924773,0.4569906794498672,-0.0283151665470827,0.0054363746494937
2023-12-31,052690,0.0090561470891888,0.2245460211705989,1.585440607384625,0.1249485888989194,0.2103996185936759
2024-12-31,052690,0.0122098519196169,0.4520374650299533,1.5861008089187592,0.0417981747370642,0.5375269170385687
2025-12-31,052690,0.0,0.4070296542265014,1.390162386819683,0.021545409605058498,0.0
2023-12-31,055550,-0.09297613792076116,,11.230672355344327,,
2024-12-31,055550,,,,,
2025-12-31,055550,,,12.92458092235619,,
2020-12-31,056190,,0.0835838997850644,0.3997429470208286,,0.0712145053486908
2021-12-31,056190,0.0254074241755311,0.1279469220313523,0.3556405888645263,0.0226562591935168,0.0837079748479012
2022-12-31,056190,0.0149614490692893,0.111047690959624,0.3939151786614396,0.0722014237070877,0.0495750549057168
2023-12-31,056190,-0.0026218963726074,0.0058874213873378,0.8001071936543692,0.0086766934277998,-0.0104229409828363
2024-12-31,056190,,-0.3321580271724513,0.6044189176603663,0.1104148154186526,
2025-12-31,056190,0.0156249292580992,0.1274497163653256,1.5421918691977017,0.0583797938699152,0.1126240673995925
2020-12-31,058470,,0.3856851198720297,0.1286860321480342,,
2021-12-31,058470,0.0793683037252815,0.4167894845089893,0.1711439087314684,0.2072854806841602,0.3752280450982996
2022-12-31,058470,0.0875482113007633,0.4665622864455723,0.1788267351099622,0.2358990633939156,0.4290060790308105
2023-12-31,058470,0.0573731027080652,0.4540096323632733,0.0865493875297349,0.1420567863123451,0.3976149640508982
2024-12-31,058470,0.0418120549812778,0.4448959721192597,0.0688779363926602,0.1270115811886713,0.3558305097723432
2025-12-31,058470,,0.4983522642964785,0.10571189804591358,0.18757093124376742,
2020-12-31,058610,,0.0731754242231434,1.0190706435524657,,0.0576347392220235
2021-12-31,058610,0.0515071767678917,0.0689704039461908,0.897809305941522,-0.0577886259629403,0.0765313994214127
2022-12-31,058610,0.0208971655223256,0.0551638726796912,0.6881258415003086,0.0332524442846123,0.0393954917745888
2023-12-31,058610,0.0,0.0251196420828387,1.6154539802929626,0.069139925537504,0.0
2024-12-31,058610,0.0102861206276763,0.0359035798430658,1.6181974409844595,0.0212809375264415,0.0269551789664937
2025-12-31,058610,0.014398861303444659,0.05866794655762755,1.6761399896143319,0.05191246487575095,0.043361945966135226
2020-12-31,060370,,-0.1110295231686227,0.1998472546298862,,0.615969067089491
2021-12-31,060370,-0.0059206253388326,-0.1492688578931111,0.1208723037030247,0.0606753370680211,-0.0736606902458269
2022-12-31,060370,-0.0044986622817507,-0.2807514762003707,0.1062944662648687,-0.0272816429339577,-0.0430853786834255
2023-12-31,060370,0.0332485981037814,0.2033797735586386,0.203984632508673,0.1757731904755225,0.1824987715224469
2024-12-31,060370,,0.1935812407355106,0.1100404144435164,0.0153351073702323,
2025-12-31,060370,0.00514447670820641,0.026669646422762414,0.12737831988670004,0.042218065492504946,0.04182612685198418
2024-12-31,062040,0.05718788591293324,0.3485425399075548,1.1660594013976784,0.003973998446723647,0.28688671681298766
2025-12-31,062040,0.07852170932653046,0.32065019111550946,1.1424203592096889,0.06493578901135774,0.27748625949813027
2020-12-31,064350,,,1.9660079185324053,,
2021-12-31,064350,0.0046048179179454,,2.105327290172035,-0.0682092196231831,0.0087721241030822
2022-12-31,064350,,,2.0843033762230023,0.0112343377745927,
2023-12-31,064350,0.0270228252963314,0.0443550010304243,3.0847569201714835,0.0893493695191535,0.0430994304124612
2024-12-31,064350,,,1.428862127310366,-0.0213122847848604,
2025-12-31,064350,,,1.278428045361985,0.10149380713428974,
2023-12-31,064400,,0.08901840505532939,1.1466504550187906,0.00021453548188856794,
2024-12-31,064400,,0.13982796925319754,0.9755083757030788,0.1254691092170902,
2025-12-31,064400,,0.1050511014521427,0.7072955772776842,0.050744014668365214,
2020-12-31,064760,,0.3377720646509268,0.1127805807395927,,0.2594386574494957
2021-12-31,064760,0.0733539498092641,0.3876284572011436,0.101665726433272,0.1285420633609453,0.3066547432390374
2022-12-31,064760,0.0700421538388351,0.4271987288982313,0.1078698180034026,0.1123214474597674,0.3047561420960047
2023-12-31,064760,0.040862622221472,0.2776223833961707,1.0634307342119962,-0.0125768945223032,0.3205785202244561
2024-12-31,064760,0.0376202157206741,0.298270101069011,1.0730627867567435,0.0803681798726063,0.2475426449460318
2025-12-31,064760,,0.2823959832792058,1.0804090428433393,0.03851076875620174,
2020-12-31,065350,,0.0396760666193783,1.6357670602648262,,0.0234655666535729
2021-12-31,065350,0.0404032629010875,0.0664623874256524,1.5797069582266412,-0.0158891482086757,0.0383008013315943
2022-12-31,065350,0.0288534860998377,0.054130025576619,2.057467791191192,0.0037808754882919,0.0312542786577811
2023-12-31,065350,0.0169007624665425,0.0420279295898715,2.828207934075131,0.0530578141711408,0.0185543530416004
2024-12-31,065350,0.0035248709292177,0.0325436623689792,2.414709230804277,-0.0178627726360966,0.0049312052684191
2025-12-31,065350,0.01569627940041133,0.023250864452151326,2.8424992670465037,0.0173903557919895,0.023621526843566602
2020-12-31,066570,,0.0566788413338669,0.640213780136737,,
2021-12-31,066570,0.0136313760411294,0.0287810211623136,1.686996543335564,0.0430113838498313,0.0252871573544427
2022-12-31,066570,0.0132904667216322,0.0352535904327219,1.4622946269458283,0.0454819886333437,0.0141838000280023
2023-12-31,066570,0.0197638681032038,0.0481261112135876,1.555328752216864,0.0710594069017419,0.023438892789437
2024-12-31,066570,,0.0339045569676191,1.634058092681026,0.0331741506837529,
2025-12-31,066570,,0.03149515945442245,1.4952138017252936,0.054642587810788235,
2020-12-31,066970,,-0.015722075121194,1.209814707647335,,-0.0416506526549697
2021-12-31,066970,0.1351156223720696,0.0561616804729373,0.7952854942869938,-0.1365883658402708,0.2615711458627541
2022-12-31,066970,0.0928138993444104,0.079397541267391,1.309237380053862,-0.1996204157453852,0.0730369694236914
2023-12-31,066970,,0.0117526726267623,,-0.1637913575780446,0.0449708610790603
2024-12-31,066970,-0.0910534941560717,-0.2059464693346565,3.552855449522666,0.0721429181223364,-0.218842677251187
2025-12-31,066970,,0.033914085431001266,,-0.0029047581664179804,-0.18137988576061098
2020-12-31,067310,,0.1849467315169775,2.3700757139205013,,0.0480156394123486
2021-12-31,067310,0.0639097884391852,0.4778209426640875,1.8032646203571887,0.1041596906827989,0.2882413299691385
2022-12-31,067310,0.0529634225462903,0.3459039207953602,1.600939087287256,0.0629606723619203,0.2964232568901136
2023-12-31,067310,,0.1746044897151158,3.064681966991639,0.0412967238143419,
2024-12-31,067310,,0.1121488107444663,3.2220406781440603,0.0167381021206282,
2025-12-31,067310,,,3.314718651765356,0.05330275068278647,
2020-12-31,068270,,0.4469507150962272,0.3827077014329811,,0.3203885675493264
2021-12-31,068270,0.0384911711396197,0.4089599073911974,0.4041180177362332,0.1067971018879065,0.3502433762637588
2022-12-31,068270,0.0407892162421976,0.3310853052855402,0.3918957249555692,-0.0151170784053644,0.2584608423460297
2023-12-31,068270,,0.3980851999563569,0.4631728599373462,0.062227647891087,
2024-12-31,068270,,0.2354898766499133,0.1923401471367866,0.0293463989383234,
2025-12-31,068270,,0.2929261571043172,0.25167360014365914,0.024011542030669145,
2020-12-31,068760,,0.0893232551979364,0.8229187026309973,,
2021-12-31,068760,,0.1430690025324133,0.8316749064660456,0.1146989338759556,
2022-12-31,068760,,0.1297215755393369,0.6999901657849441,-0.0420660025927329,
2023-12-31,068760,,0.0701604044659065,1.7122069332666403,-0.0328873246720466,
2024-12-31,068760,,0.1065090136843945,1.673312139267258,0.0410463361525229,
2025-12-31,068760,0.026872620185624425,0.11657738898016994,1.7489988305609379,0.10618300197688915,0.08293047050624508
2023-12-31,071050,,1.7577329780334767,10.384617009125387,-0.033363651415350054,
2024-12-31,071050,0.03525567214206622,12.068866727934958,9.921812813888828,-0.037674382070597985,10.442620796970505
2025-12-31,071050,0.06413046363265791,7.909115466299043,9.542413129178383,,6.286253213607064
2020-12-31,078600,,0.0762179670292603,1.3299748306977222,,0.059671357289428
2021-12-31,078600,0.0465822724917408,0.0926939219652186,1.3436070415420354,0.0311691134093098,0.0841437526600364
2022-12-31,078600,0.0278595623244122,0.0893428162587357,1.2516340693924253,0.0798332462914832,0.0805945967899855
2023-12-31,078600,0.0003965296123188,0.0278195898374467,3.1668280092714585,0.0045273719713639,0.0009195830277976
2024-12-31,078600,,0.145980770358622,3.261549143259326,0.0276844872137247,
2025-12-31,078600,0.026535348455856554,0.09417979109248863,2.6180758229369085,0.015436280048373417,0.1029130217101535
2020-12-31,078930,,0.1206461312488135,1.2894292334075927,,0.0689951766893166
2021-12-31,078930,0.0437111296911481,0.1155164477872119,1.3135122017716472,0.0377576339241496,0.0949881338282196
2022-12-31,078930,0.0381200056952463,0.1838773730147886,1.0673521596822535,0.0635550156718424,0.07591954598126
2023-12-31,078930,0.0409975938652319,0.1879759363322008,1.9536780313890016,0.0767699436268345,0.1079152606889636
2024-12-31,078930,0.0021294237655069,0.0981235353553037,1.8942013568853056,0.0498757076081128,0.0060503737735749
2025-12-31,078930,0.021670518064576344,0.13319852848925345,1.8965071020712931,0.045382240178229255,0.06238008478751407
2020-12-31,079550,,0.0197759536338495,3.02850649030526,,0.0319920570950274
2021-12-31,079550,0.0582149798770928,0.0773239891647101,2.7787384182596058,-0.0968103532370179,0.088652977899866
2022-12-31,079550,0.0892407849394038,0.0838828772296004,2.28072923870964,0.0353640553634764,0.1085508500657413
2023-12-31,079550,0.0342173639845754,0.0766054108076624,3.2475302312534686,-0.0570827849093253,0.0631794172963088
2024-12-31,079550,0.0347495064775276,0.0701601712550698,4.9521881628218845,0.0871807501886629,0.0550154939533735
2025-12-31,079550,0.03717730482252781,0.085387571219393,5.048992714443743,-0.08759338031558084,0.05165188862783092
2020-12-31,080220,-0.0254616131764996,0.0404114244584921,1.009766752811057,0.0973141133227041,-0.0639284787318466
2021-12-31,080220,0.1009766932039669,0.1375519194450644,0.660589728768733,0.0640975943934929,0.1629796517368213
2022-12-31,080220,0.0805897633129874,0.1274737248703064,0.2427146821423649,-0.0031581807793374,0.3300908076711101
2023-12-31,080220,0.0430061385654719,0.1093295401704007,1.2186646472871243,0.0266732929112181,0.1689683982031234
2024-12-31,080220,-0.008447591323647,0.0488158136294103,1.244659586795985,-0.0165035249379396,-0.036109843777675
2025-12-31,080220,0.10711193224273279,0.12529653557641074,1.4501949513315486,0.04652992636079469,0.20450359517697353
2020-12-31,082270,,0.8871320001141986,0.2017520119172314,,
2021-12-31,082270,0.0251481995014935,-0.1613342309946667,0.1074618940945138,-0.0318746010325469,0.7014400621944282
2022-12-31,082270,-0.0166723879354018,-0.0730739863752428,0.1219761494995666,-0.0478992746626049,-0.2775002043734331
2023-12-31,082270,-0.0557306155474866,-1.291879555945946,0.0972064728913361,0.0256679734610312,-1.9918291194594595
2024-12-31,082270,-0.1092011704603823,-1.98174255925626,0.9240745050833143,-0.1481393499819181,-1.829804420438441
2025-12-31,082270,-0.0500958268510214,0.145309647255553,2.13449286438525,-0.0585763763281284,-0.5065922526463997
2020-12-31,082740,-0.0085434832148758,0.0056473557074722,2.991037612976312,0.0126344123997422,-0.0082266237148729
2021-12-31,082740,-0.077427372049317,-0.1754662663374139,2.5404311365902754,-0.0462988793347856,-0.1360656277026036
2022-12-31,082740,0.0101470145870114,0.0029454146077206,3.815103460308594,-0.0077310533949138,0.0129640605259638
2023-12-31,082740,-0.0104316624561114,0.0057789694491052,4.93710741072584,-0.0090910994476076,-0.0125102184810878
2024-12-31,082740,0.0366181173003164,0.0516287248252623,3.181414032775016,0.0166869468532073,0.0357518249729554
2025-12-31,082740,,0.08956292830961213,2.237540131295004,0.16774888899015533,
2020-12-31,082920,0.0201084221410823,0.1833894010953662,0.1628812959046865,0.0819219377869,0.1446962181673784
2021-12-31,082920,0.0317386876234672,0.1694953026571369,0.2375490312018428,0.1145489280091841,0.1868525929113842
2022-12-31,082920,0.0646277596450685,0.2636702709221494,0.2774181251111726,0.1025137804024334,0.330546457930139
2023-12-31,082920,0.0358893212538916,0.1641549952603435,1.1810824479733208,0.1282172895753648,0.1670878247195781
2024-12-31,082920,0.0331721872611313,0.2484932539084744,1.1118090305220527,0.1041898562882412,0.1667563603489331
2025-12-31,082920,0.050779830087396505,0.3023348586363471,1.1171501119634306,0.0761930874263699,0.2858273634172979
2020-12-31,083650,,0.0451032158565438,3.976389580976706,,0.0127363902961381
2021-12-31,083650,-0.1449374755557879,-0.1483460727490362,3.9491808597696494,-0.0545426389599294,-0.2073931197707193
2022-12-31,083650,-0.1231720216322022,0.0165550228430356,8.050830819361995,-0.0344679282407061,-0.0923877819709783
2023-12-31,083650,0.0461407020513983,0.0335083507891298,6.655798428458626,0.0482551972142739,0.0326857904489826
2024-12-31,083650,0.0165142282618429,0.0485499038434278,5.148777310361828,0.0075157868875548,0.0177774274938458
2025-12-31,083650,0.07112610503235035,0.0896647642755004,4.7937150435251565,0.1653037193895128,0.05699092054827553
2020-12-31,084370,,0.2471505378073998,0.2072506876944807,,0.1579394475558717
2021-12-31,084370,,0.2893958593467962,0.2200360567796316,0.1732645753197002,
2022-12-31,084370,0.0267077505102124,0.2179798042993037,0.1618065214089825,0.0662310991346336,0.1402376297849536
2023-12-31,084370,0.00033577040099,0.014289219585866,1.1766491216355892,0.0726318324947853,0.0023994848638361
2024-12-31,084370,0.0014689494270924,0.2034087837958989,1.2603592862133055,0.1066808975600253,0.0075492044538863
2025-12-31,084370,0.01895020796542382,0.0831239007588452,1.154136015632648,0.08134274484246122,0.13794859541990037
2020-12-31,085660,,0.060840437435977,0.9989518351486666,,0.0131097409092697
2021-12-31,085660,0.009771787249996,0.0027676996633759,0.90766970071389,-0.0087964722510652,0.0369259067104921
2022-12-31,085660,-0.0024370560029666,-0.0722097426348966,1.3380123270708295,-0.0006617304507092,-0.0085031784670327
2023-12-31,085660,0.0164773990562968,-0.2798007369248245,1.5594331534027135,0.004837057818234,0.6666410228012115
2024-12-31,085660,,-0.3907659410550914,1.7846651400763112,-0.0061868710804015,
2025-12-31,085660,-0.012065940379782944,-0.40930457977974144,2.0634372490710193,-0.016084533028123564,-0.46610128209172014
2020-12-31,086280,,0.043998753910193,1.1129726835677625,,
2021-12-31,086280,,0.0582856234303356,1.152309738255071,,
2022-12-31,086280,,0.0681568793024578,1.2068936756550497,,
2023-12-31,086280,,0.0606996308491968,0.9426449302042816,0.1304402257421057,
2024-12-31,086280,,0.0628041689705047,0.9036892635639944,0.111146921503543,
2025-12-31,086280,,0.0712419562541005,1.7801667546266828,0.1173899067569352,
2020-12-31,086450,,0.2010672975909699,0.5293878136734153,,0.1422488265923522
2021-12-31,086450,0.0188133026208708,0.0929833958167398,0.5457125469698031,0.0454332521185147,0.0675269390457637
2022-12-31,086450,0.0244767757976512,0.0869182033262469,0.47201774483788,0.043611172838475,0.0878691045889187
2023-12-31,086450,0.0231147959041989,0.0909958629528255,1.4602903655662849,0.0381487203521375,0.0801531730442559
2024-12-31,086450,0.032314549384888,0.1217671283077461,1.4009564861287844,0.0494231280208992,0.1148446239069549
2025-12-31,086450,,0.1156545429356382,0.395369565747468,0.0436000027493586,
2020-12-31,086520,,0.1040260026075873,1.2254776693565193,,0.0788563510586838
2021-12-31,086520,,0.1129029101631328,1.7097022729044469,-0.0821284758008073,
2022-12-31,086520,,0.1295589470701439,1.149971692164545,-0.2532063150052362,
2023-12-31,086520,,0.0341248095604929,2.545306918160142,-0.0722984664642343,
2024-12-31,086520,,-0.1830070554077354,2.3219050528219314,0.0349773495117581,
2025-12-31,086520,0.04127387354338705,0.15571134980302845,2.0839861219928104,-0.017054388618763586,0.18130090743737254
2023-12-31,086790,-0.11101278107595453,14.903278195147157,13.893443327462652,-0.01663142793325203,-25.471990823552126
2024-12-31,086790,-0.1176370680320299,12.839181654481157,13.661256884777828,-0.0003406551477918658,-21.20251665111839
2025-12-31,086790,,12.176776079486263,13.647246973299861,-0.010322221213503588,
2020-12-31,086900,,-0.3196798173393458,0.8906852890975927,,-0.0057724982701457
2021-12-31,086900,0.0612255362190496,0.4853353315893031,0.4204655166860952,0.0168128066964646,0.2914443773263326
2022-12-31,086900,0.0300177071628685,0.2724726601471384,0.3738741776515789,0.0308943120921932,0.2452163627699177
2023-12-31,086900,-0.0047779340272111,0.0609400399230677,1.2707477543033798,0.0232723630874688,-0.0380770354591909
2024-12-31,086900,0.0075785744637616,0.1114107012752619,1.2545577147671652,0.033387360061713,0.0701641615986073
2025-12-31,086900,0.0153931813533598,0.1458420011724036,1.2550114540051267,0.0777347171349225,0.1179789085435515
2020-12-31,087010,,-4.765821869836314,2.7339565160880106,,-4.675197132761852
2021-12-31,087010,-0.1056898686256306,-5.292787566929987,0.2071290687736578,-0.1303201929333648,-5.152541637340986
2022-12-31,087010,-0.0508059521906867,-3.0558867033886905,0.289623098745451,-0.1176332833833879,-2.4795649575066285
2023-12-31,087010,-0.0888499643477731,-6.105473892310228,1.3861258279046955,-0.1550475605988507,-6.057802300460597
2024-12-31,087010,-0.2302201354981029,-7.989080068993597,1.9593967043862783,-0.2546051985425173,-8.10550455983384
2025-12-31,087010,-0.013833474626311699,-3.8930590841852797,1.2557110165381469,-0.0853001318952361,-1.2637951859070538
2020-12-31,089030,,0.1985488782602213,1.0071933085464706,,0.1855264737746003
2021-12-31,089030,0.0083428330404997,0.1629164062343006,1.1965655040469934,0.0041453544321745,0.0273880309540795
2022-12-31,089030,-0.0262775787931264,0.2155536208099907,1.244157238938125,0.0882418222254704,-0.0927663218537838
2023-12-31,089030,-0.0525099800057488,-0.1105587839751695,2.333483722683367,0.0014351157341359,-0.4756678889125396
2024-12-31,089030,0.0656402085356903,0.1322040200445269,2.336917656213781,0.0319280674753123,0.3018971662111864
2025-12-31,089030,-0.03394826286226753,0.1702610148132704,2.799615450994984,-0.034403018417683236,-0.1601043752342964
2020-12-31,089970,0.0318081210929467,0.258984590195395,0.2747934411875329,0.0793213016422874,0.1679406396925233
2021-12-31,089970,0.1110613115280823,0.3030130196157773,0.2900593661912178,0.4015162852427935,0.3035082275732172
2022-12-31,089970,0.0483389359395335,0.1437108951798657,0.2222333542504213,0.0328390595754421,0.4176830254251727
2023-12-31,089970,,-0.6357925214305448,0.2177642237239759,-0.0882487633249448,
2024-12-31,089970,,-0.2312537296424808,1.3013924566311872,0.0642559910272704,
2025-12-31,089970,0.07005988164893391,0.24807616424015605,0.31845977966769407,0.09027957682949206,0.3101498460424393
2020-12-31,090430,,0.0514807986912445,0.2687612886611273,,
2021-12-31,090430,,0.0453942964610802,0.2644271038779955,0.0629400634649018,
2022-12-31,090430,,0.0200811767460008,0.2254781157907259,-0.0015361633380972,
2023-12-31,090430,,0.0194113466605361,0.2021778371301896,0.0382635749097823,
2024-12-31,090430,,0.0666910215947263,0.2501272597163107,0.0248722755095972,
2025-12-31,090430,,0.09035913679377919,0.24003513289538855,0.05392842517199922,
2020-12-31,090710,0.3729935437973979,-0.0587862399030451,0.7221908920184069,-0.1329665795115264,1.9888135080202216
2021-12-31,090710,-0.2550769999622403,-0.1326311530410449,0.5207953691701103,-0.0476728729544389,-1.8382868891481727
2022-12-31,090710,0.045368900818435,-0.1229356753587095,0.3806821090871957,-0.0452391004773838,0.2031677887421701
2023-12-31,090710,-0.0060026227248443,-0.0389814690261106,1.4048648010894271,-0.0246895152221188,-0.0295113453342041
2024-12-31,090710,-0.0731994621070833,-0.084401062833374,1.4784495622223146,-0.0274131150470498,-0.3991183039612604
2025-12-31,090710,-0.02069995165012835,-0.07866521925123428,1.381319343341632,-0.027265344338116847,-0.11842536892152193
2020-12-31,095340,,0.1370396039716955,0.3986139310850147,,0.0684263002441258
2021-12-31,095340,0.0361785916191583,0.2363853815370289,0.1938469471321158,0.0990570929848401,0.1748472208795141
2022-12-31,095340,0.0696501705354459,0.3228764274941446,0.2681387142746356,0.177658713367466,0.3400471899755387
2023-12-31,095340,-0.0159803479037389,-0.242654706308638,1.2763241905896294,0.0400746572114618,-0.1338310198420611
2024-12-31,095340,,0.2741292243757044,1.1104618917222713,0.0423829539985136,
2025-12-31,095340,,0.2699982346446776,0.15261464944246014,0.03649288693722433,
2020-12-31,095610,0.0263190500727485,0.106514321027943,0.1894519426799708,0.0980318971919541,0.1077555231953094
2021-12-31,095610,0.0279865130956842,0.115270692550012,0.1692868305655345,0.229317482667431,0.1294582839244616
2022-12-31,095610,0.0507009556445009,0.1677858442285991,0.1322974494120553,0.0985182438863591,0.1609290837979972
2023-12-31,095610,-0.0133077678638048,-0.1928748976581845,1.0641882946595729,0.113140874295848,-0.1465829293340444
2024-12-31,095610,0.0080420404519064,0.0799916174378825,1.1143612684033093,0.0568902294237772,0.0490312419333135
2025-12-31,095610,0.032642721635593244,0.12455818908423101,1.2302920493460854,0.14366346029939597,0.17908767819543617
2020-12-31,096530,,0.6422718435900673,0.7336026892829661,,0.4665336078960184
2021-12-31,096530,0.1339677563347281,0.421240913633582,0.3629951579425602,0.2150098528647938,0.3053522353611663
2022-12-31,096530,0.1520098901099043,-0.2137664027307072,0.1732362036828378,0.2147394344683029,1.1901314568620702
2023-12-31,096530,,-0.109856847808134,0.2041862831335591,0.0503294661855395,
2024-12-31,096530,0.0016935246853495,0.0591587130576209,1.2144821897540534,0.0635400944187549,0.0196322046544648
2025-12-31,096530,,0.0846333989548463,1.213732582900698,0.0850082926131647,
2020-12-31,096770,,-0.0034370458704443,1.4924321414357915,,
2021-12-31,096770,,0.050283783665327,0.6053587565542217,-0.0217062190951613,
2022-12-31,096770,,0.0309387049422616,1.825196543150976,0.0053378065130262,
2023-12-31,096770,0.0274585451810353,0.0785895146552266,1.748350700947772,0.0372410776579747,0.0366841635704525
2024-12-31,096770,,-0.0239755746061389,1.661857494889175,0.0278757248830976,
2025-12-31,096770,,0.0279291129863154,1.7806529121818497,0.02507460503857021,
2020-12-31,097230,,0.0945022326120605,5.19110993041511,,
2021-12-31,097230,,0.0172301547594874,6.878550414446758,-0.0720775824329932,
2022-12-31,097230,,-9.55136245158339e-05,5.270879387641262,-0.0149898131382405,
2023-12-31,097230,-0.0134969491648084,-0.0834303398251232,9.063074877643215,0.0790650662618017,-0.0091250660017899
2024-12-31,097230,,0.0725194372454646,4.980035880718489,-0.0494014550204057,
2025-12-31,097230,,0.01281268796659944,5.587939741899074,0.03632162326471975,
2020-12-31,098460,,0.0859465250152823,0.1863762824145493,,0.0318740321294528
2021-12-31,098460,0.0471176043774056,0.1674381640655208,0.3111418806354703,0.0691633825438417,0.1992171752441534
2022-12-31,098460,0.0731182148852008,0.1644109358483619,0.2797602980991849,0.0589575370239825,0.2976870638922535
2023-12-31,098460,0.0124327164111034,0.0353241901020333,0.2648409892990526,0.0904155967878096,0.0784964863293969
2024-12-31,098460,-0.0142646637734389,0.0150091339658772,0.1798907667417159,0.0742883002576125,-0.0955678444270451
2025-12-31,098460,0.02625761960262857,0.07789924033919111,0.1932733140590428,0.007932050400467287,0.1402269422742733
2020-12-31,099320,0.0436382131094666,0.1695795300894719,0.4606499884110025,0.0427610116487012,0.1515026203573193
2021-12-31,099320,-0.1188681670259936,0.0689035276594263,1.089496849666282,-0.076760380109432,-0.5960522913164122
2022-12-31,099320,0.0427383862063513,-0.0144494376329014,0.7529392527610774,-0.0518815325631086,0.2240187344904787
2023-12-31,099320,-0.0107689685612389,-0.1039623418083164,2.0454930234855184,0.008749083869139,-0.0559845401288316
2024-12-31,099320,0.0036053911528773,0.0179483332913967,1.6576101430739938,0.0330561727450331,0.0141006759980092
2025-12-31,099320,0.008282442786358117,0.04867942041225927,1.6220273940302852,-0.3002706448538684,0.03763321166697026
2023-12-31,100790,-0.0022255395666051243,-0.05705974033787411,3.1658711858677786,,-0.051917117602817225
2024-12-31,100790,0.05529520906563382,-0.4301686371417004,3.0612340478945588,0.06046236125393237,2.5011967468705225
2025-12-31,100790,0.02014443724250695,0.4504073388707514,2.0083477614610366,-0.029961019385948747,0.3324873908758377
2020-12-31,101490,,0.0921204396696454,0.2379475232812907,,0.086991979025566
2021-12-31,101490,0.0139285607808003,0.0883078955500244,0.1541247914123412,0.0973743867129784,0.0971759263366916
2022-12-31,101490,0.0357031662200226,0.1555412746444412,0.168109632632539,0.0944354630422787,0.2024264101069675
2023-12-31,101490,0.0313289091432945,0.1484093059710145,1.1578951739054362,0.0725543899244857,0.163110436144265
2024-12-31,101490,0.0336466297951936,0.2060831742220822,1.1998307362452794,0.0967482540694607,0.1757368701882143
2025-12-31,101490,0.045075453972173406,0.19353634567462297,1.4332708313715563,0.0800366433710877,0.2059495880383346
2020-12-31,103590,0.0014069346285298,0.0228161049078291,1.6882567454799102,0.0965027968377848,0.0022324864232832
2021-12-31,103590,,0.0171931812421297,1.7762089389194322,0.0468954929382538,
2022-12-31,103590,,0.0325524830981174,1.7844843767890983,-0.0004349854392604,
2023-12-31,103590,,0.0554728287627411,1.4316665149043442,0.000450273527443,
2024-12-31,103590,,0.0442890094776993,1.21670220490799,-0.0048477250967893,
2025-12-31,103590,0.04916630900985597,0.07849839107782453,2.426666934937123,0.011315140159737279,0.061281347449252045
2023-12-31,105560,,,11.173747627810233,,
2024-12-31,105560,,,11.440896343609722,,
2025-12-31,105560,,,11.971305594964717,,
2020-12-31,108490,,-0.1346893283535619,0.0561211213045814,,-0.1227460980211566
2021-12-31,108490,0.0092452551522559,0.0012264597823755,0.1644072783922872,0.0173452900024941,0.1031455490663275
2022-12-31,108490,0.0044542880631479,-0.0944924818166427,0.3040015930266578,-0.0241760682949573,0.0496652040905603
2023-12-31,108490,-0.0068118081599865,-0.2302444752781911,1.2160500209081613,-0.0370894113495649,-0.0923240368229627
2024-12-31,108490,-0.015976501310575,-0.2052213205002963,1.080521100299186,0.0329376830242164,-0.2198218402273439
2025-12-31,108490,0.008968995049952685,0.024270249162369178,1.055363383748902,0.056287137809547916,0.09905626373048788
2020-12-31,112040,,-0.4043495271185525,0.3186619598512806,,-0.4852956283092852
2021-12-31,112040,0.0658283027732558,0.274944835108258,0.6941266360172206,0.1026299714182582,0.2820385093224661
2022-12-31,112040,-0.1768179516248625,-0.259384068253874,1.2829025701893746,-0.0454645291601457,-0.7319132050345901
2023-12-31,112040,0.07562306704568,0.192628305191304,2.8246131266902776,0.0319686986059515,0.1764434965911067
2024-12-31,112040,,0.2415944883571971,3.5907711405143448,-0.0639695710689217,
2025-12-31,112040,,0.1607603398548015,2.035014431896784,0.0398511373606339,
2020-12-31,115180,,,1.1574072107172195,,
2021-12-31,115180,-0.2424115554306294,-3.8253597716854246,0.137799146343143,-0.6967093289660969,-3.803613370207806
2022-12-31,115180,-0.2188254440439719,-4.163708366804126,0.1007629471675035,-0.4132124711404604,-4.091531125977567
2023-12-31,115180,-0.1563938014581404,-2.2731093763909023,1.1393075840279097,-0.5197992943148094,-2.1156249732384027
2024-12-31,115180,-0.1053318437460081,-2.660334391302558,1.0652479301056443,-0.3153276386614183,-2.489367565597854
2025-12-31,115180,-0.1305147628756194,-4.154202183479787,1.1342617798597554,-0.3115394941854701,-3.919760199929778
2020-12-31,122870,,0.047529611659639,0.2760735459926038,,0.0235483701612603
2021-12-31,122870,0.0012318580959575,0.2015987068550315,0.287639652826588,-0.0047597957385591,0.0065418095679241
2022-12-31,122870,0.0306029554932411,0.1355084953921235,0.3516600863988081,0.027379300604638,0.1340524946806808
2023-12-31,122870,,0.14727872543043,1.3310263670264058,0.1183314714538312,
2024-12-31,122870,,-0.0426389646188241,1.231585639221491,-0.0041975337739881,
2025-12-31,122870,,0.1798140874947837,1.3236611873720956,0.0813377005950997,
2020-12-31,124500,0.0370655318330145,0.0222270637210894,1.0848276393232663,-0.0302403471317618,0.0139682708878518
2021-12-31,124500,0.013646152014258,0.0042467273757526,1.3681887217102957,-0.0660729644322035,0.0046873969303658
2022-12-31,124500,,0.0057377796673777,,-0.0317564960708268,
2023-12-31,124500,0.0185424710969117,0.0032398446129314,2.7555175046720675,-0.1357240934952399,0.0080295565296843
2024-12-31,124500,0.0281677391604002,0.0082193010434539,2.9588446974294254,-0.139795419525854,0.0065404449074309
2025-12-31,124500,0.11577582538230778,0.037323383993940015,3.1166946855957285,0.03976894904518822,0.026935294424158707
2020-12-31,126340,0.0190305904412086,0.1261227591570185,0.8891127939562546,0.0480906644906291,0.0748989027030757
2021-12-31,126340,0.0597484241494858,0.1031952997875428,1.0641163589912772,0.0189132997902533,0.2294344146478751
2022-12-31,126340,0.078595290131035,0.0753455548817629,1.19470615168007,0.0381496200643576,0.296574814584866
2023-12-31,126340,0.0160164414048187,0.1102431994319189,2.0843783483493943,0.0608352085537071,0.0760332287459579
2024-12-31,126340,-0.0856961390353351,-0.1789584203369496,2.056547253958746,-0.0221242006962754,-0.4792116726884632
2025-12-31,126340,0.027554471461251392,0.11149975789595112,2.397012091135257,-0.04939566343359563,0.09587392675914197
2020-12-31,127120,-0.1668768701893192,-0.4655293101680611,0.7408164672335231,-0.0328952395372696,-0.722888489166734
2021-12-31,127120,0.0021079321519038,-0.0209973805143565,0.2694237051224305,-0.2317905219579172,0.0078144819530125
2022-12-31,127120,-0.0309059811792778,-0.3478478571201116,0.3107520963562573,-0.0708456745495162,-0.2535356329387053
2023-12-31,127120,-0.0616797728893021,-0.4193833574229059,1.5685492000797427,-0.1691916173047771,-0.4023465387333609
2024-12-31,127120,-0.2399776407544044,-0.6061414581778916,1.9303139337295208,-0.2322886872657437,-1.4782783970365705
2025-12-31,127120,-0.08299344590940355,-0.7476522841546567,2.052361509321923,-0.06554919260498229,-0.7409873639704021
2020-12-31,128940,,-0.1209426271869667,1.4100782079498766,,0.3570237516870526
2021-12-31,128940,0.1407322225462103,0.121686707219232,1.1484224645606782,0.0743620929314958,0.3981102372867974
2022-12-31,128940,0.1430612334766906,0.1367952175338392,0.9467660958616896,0.1025294650917752,0.4026371809099784
2023-12-31,128940,,0.1577498005052342,0.7277628657023895,0.0884669375521035,
2024-12-31,128940,0.0280769462589801,0.1407878084418485,0.5832489255330742,0.0906736853863787,0.0965414566053366
2025-12-31,128940,0.0337492211865096,0.1519789515246851,0.5163035133426285,0.0777087835902536,0.125339307784067
2020-12-31,131290,0.0411033527533889,0.1307638945844848,0.3239589841997347,0.1821745938457565,0.1004384367974965
2021-12-31,131290,0.0484834744931981,0.1489907041555246,0.331702948739456,0.1071623372017663,0.1638949450938961
2022-12-31,131290,0.0478804162160427,0.0976968165449431,0.2539321416297541,0.083209148719583,0.1636671101392179
2023-12-31,131290,0.0210987577615197,0.0879153682383705,1.3362740361441665,-0.001957306164416,0.0918313773494724
2024-12-31,131290,0.0386169648425725,0.1860245495747026,1.2876906178044167,0.0293549672561668,0.1220274337192934
2025-12-31,131290,0.028512029225843064,0.10997700979459421,1.3077146113338418,0.04795858633773653,0.11271872803975437
2020-12-31,131970,0.0250633331594378,0.1653710700114103,0.98002048197253,0.1093835587810378,0.1691847160306192
2021-12-31,131970,0.0595910310842958,0.2938640676036438,1.0197344090559544,0.2135572673475164,0.2348245854235666
2022-12-31,131970,0.0374114199558795,0.2455713213339691,1.2020842227358095,0.2091031256049166,0.1448051343862138
2023-12-31,131970,0.0499727800346258,0.1947944781489885,2.1772654145895,0.2296186071287687,0.1760275291954144
2024-12-31,131970,0.0151999994344041,0.1119428714983859,1.8645419116120487,0.2220605024745335,0.060253567793072
2025-12-31,131970,0.0068466931927206156,0.06351684714894403,1.6473205040557242,0.14812574483141208,0.03461064521773238
2020-12-31,137400,,0.1408505028676287,3.257429988182681,,0.0996343955788804
2021-12-31,137400,0.1038087548356871,0.2357680979039608,1.9588540122978868,0.0060800197610204,0.2270490609762525
2022-12-31,137400,0.1229269890284016,0.1227614470565471,3.320909504625295,0.0258772119579801,0.1704678129525924
2023-12-31,137400,0.0231555244326635,0.0494227513734638,3.7665881138432566,-0.0277796690588023,0.0652860595442394
2024-12-31,137400,0.033206041497554,0.1541677090921623,3.052679405804265,0.0170599808170205,0.0899153783896217
2025-12-31,137400,,0.1252292700180709,2.757285457508903,-0.004956656744582716,
2023-12-31,138040,0.05847623865299449,0.27362891060369693,9.562532937406822,,0.2733361797708031
2024-12-31,138040,0.06354854812863173,0.06014818212720176,10.433034547050637,,0.06014818212720176
2025-12-31,138040,0.06040705235928254,0.11699526949315413,11.635202747304637,,0.09068448950821757
2023-12-31,138930,0.0196200512116984,1.644878172512508,13.740044665322063,,1.3056457765966347
2024-12-31,138930,0.0199055224895435,1.1652578132655065,13.565178869096906,,1.0536930590945357
2025-12-31,138930,0.0268695845244019,2.1855891114867205,14.17754380712246,,1.7209835476559605
2020-12-31,140410,,-0.7200662082534853,0.6142291768411838,,-0.8670240975515757
2021-12-31,140410,-0.0420966235904445,-0.5178973911030068,0.4376532319561044,-0.1814091430703156,-0.2268004645054546
2022-12-31,140410,0.0530157166189746,-0.4541562136556361,0.791206913060627,-0.1365870838161242,0.2691530204850916
2023-12-31,140410,-0.0199747098986264,-0.3901405579756281,1.4620276545022943,-0.1160132902215338,-0.1159995316354175
2024-12-31,140410,-0.1177878752961996,-0.7335173174442047,1.3807926353289344,-0.2305626159573677,-2.800967836037776
2025-12-31,140410,-0.13735029864743387,-2.1861583912223423,2.3533070138311305,-0.11091318928110584,-2.4106981007800483
2020-12-31,140860,,0.2438093504682695,0.3801209263606442,,0.2230578923960288
2021-12-31,140860,0.1695974956885506,0.2211832640814301,0.9020965351729364,0.012996850260155,0.4308310179194172
2022-12-31,140860,0.2022301885252178,0.3651219445816177,0.3486874575830579,0.1145769681415724,0.4660066735156222
2023-12-31,140860,0.0509363577371941,0.1688066790658023,1.3562815462453262,0.0928919006571497,0.1949014664386384
2024-12-31,140860,0.0384632621277163,0.2114248786572681,1.4407892998602905,0.0629542173205654,0.1533066729466911
2025-12-31,140860,0.04432899815127546,0.1892591179254502,1.4803146761521606,0.04605841395020616,0.21210423244679338
2020-12-31,141080,,-1.0059782233421015,0.1774272295368519,,-0.9735273683063282
2021-12-31,141080,-0.0501704257156627,-2.161566013173545,0.1255998496451239,-0.1541364541811547,-1.993750051746236
2022-12-31,141080,-0.0136012893157594,-1.5200677682405277,0.1309783615272707,-0.0135332353629511,-0.5123694309759383
2023-12-31,141080,-0.0973903433506615,-3.9167440460812655,1.2290298600131078,-0.189605681965085,-3.787405217915061
2024-12-31,141080,0.0176520905392965,0.0169947235117221,1.1409623365300456,0.0839727712862058,0.3698164597806648
2025-12-31,141080,,-0.5601656180929935,0.24218488507525354,-0.07319974091983138,
2020-12-31,145020,,0.3914398442897148,0.2012011786109485,,
2021-12-31,145020,0.0261098953172422,0.3827525369364495,0.1975427078108306,0.0668954127132174,0.379012434808919
2022-12-31,145020,0.0328160506310051,0.3504522321087684,0.2117175003729603,0.0458723797258812,0.3937555715039128
2023-12-31,145020,0.049472717603386,0.407373368604749,0.2126137127477002,0.0854775891491656,0.4901877531459022
2024-12-31,145020,0.0492958952685926,0.507859279521484,0.1059879181582641,0.108792876868311,0.3998662560831812
2025-12-31,145020,,0.4476183814811971,0.10369806060068647,0.08273682514768373,
2024-12-31,160190,-0.0032211354317210348,-0.023079351366422272,1.7201154901713531,-0.007552906931701591,-0.01201522941011503
2025-12-31,160190,-0.03441728478910676,-0.13145256012842835,1.8096798918388386,-0.06868747069397343,-0.14278562314035334
2020-12-31,161390,,0.1191578859652821,0.4674125714292993,,0.075397908803776
2021-12-31,161390,0.0238409623827831,0.0988400441163711,0.4491160896846489,0.0527653390504837,0.1014143091761768
2022-12-31,161390,0.0265762226245142,0.0836738151128077,0.4654289932178983,0.0151875861635421,0.1002549436899235
2023-12-31,161390,0.0320424921387912,0.1693878724964946,1.341180571382132,0.0931998295401317,0.1283344641692868
2024-12-31,161390,,0.1930917507332349,1.3227850450297851,0.0852938425902548,
2025-12-31,161390,,0.14162336985593688,1.0216839615823134,0.03230819459868924,
2020-12-31,161580,,-0.0508383841731084,2.3616352724082623,,-0.0379994085235468
2021-12-31,161580,-0.0184861033932046,-0.0286063410566432,1.6846263239482178,-0.2391341589780147,-0.0227245650625249
2022-12-31,161580,,0.0234290958514205,1.800180836852018,-0.0389883175226672,
2023-12-31,161580,,-0.2997636973014977,1.745729111553768,0.1346672461631383,
2024-12-31,161580,,-0.0397236779553768,1.7688358182292896,-0.2310904913072805,
2025-12-31,161580,-0.03452438882112329,-0.9092905803607428,1.6432874405605276,0.06228577551741663,-0.7706730003118979
2020-12-31,166090,,0.2547644911220094,0.9357028072698984,,0.1793840440054969
2021-12-31,166090,0.0854235504422384,0.3087556156034385,0.7518863248364372,0.1872887981333131,0.2379985734803051
2022-12-31,166090,0.0753196605289635,0.309250987879592,0.7711566983618496,0.1214886182120433,0.268742530987709
2023-12-31,166090,0.0194267751672186,0.143796977237719,1.679269977594985,0.0573053886060329,0.1198947996963544
2024-12-31,166090,0.0231513550412199,0.1891596286974179,0.685608368091466,0.0873218547290509,0.1289889166717006
2025-12-31,166090,0.021580199396815634,0.17180411766419995,1.486811632654904,0.06097978794440435,0.13184190923550426
2020-12-31,178320,,-0.0614107177869172,1.4716265387195342,,-0.1496944995731793
2021-12-31,178320,0.064897689661562,0.1442196018886143,1.825039467923398,-0.0450064222885755,0.1152700808379984
2022-12-31,178320,0.019377558609312,0.079011290596141,1.3114633648594027,-0.0508123238626773,0.0430814681025346
2023-12-31,178320,,0.0196160418263133,3.076937150862112,-0.0370616516571393,
2024-12-31,178320,0.0293700729295973,0.1057137046707492,2.2031725618289,-0.0467408421006148,0.0757945843406886
2025-12-31,178320,,-0.17289429733399114,3.0308082442235027,-0.03927583606359721,
2020-12-31,180640,,1.5529551090009652,1.5846305066915016,,
2021-12-31,180640,,1.8057446680288929,1.2804522053040288,-0.0151097509476584,
2022-12-31,180640,,0.1397429785630144,,-0.0051008465032191,
2023-12-31,180640,,0.146330384390581,1.3260729956799155,0.0345609565037172,
2024-12-31,180640,,0.3302928529283938,1.2730312860148056,0.012362296526195,
2025-12-31,180640,,-0.8975902679622262,0.28110415365438474,0.028253419809978305,
2020-12-31,183300,,0.2208722416156575,1.098975102669654,,0.1963404868825004
2021-12-31,183300,0.0594882594572288,0.2248285573423638,0.7343830052318749,0.1189988938840805,0.16274627297127
2022-12-31,183300,0.05819105103118,0.2143270500776249,0.5957489352252373,0.155946719131423,0.18468670822277
2023-12-31,183300,0.0361342584130795,0.1272947680703624,2.1169129940702924,0.0946617911574381,0.105386098968285
2024-12-31,183300,,0.2269525177152642,2.2262467642529065,0.1374849493900333,
2025-12-31,183300,0.04245376776379384,0.16250403828645826,2.6997571417035413,0.03979514695443575,0.09157461174991377
2020-12-31,189300,-0.0180045026602156,-0.0104417029415975,0.8680596397699789,0.0442195705965982,-0.0656377934759085
2021-12-31,189300,0.031924243613514,0.0224559425823158,0.5172412424724452,-0.0523642029650017,0.1037373603629129
2022-12-31,189300,0.0394698445058474,0.0179493364658406,0.8914966969492942,-0.0324178822326532,0.11684947048748
2023-12-31,189300,0.0022777807814481,-0.0236292782365728,1.6629089384672266,0.0243933996643811,0.0077865104562718
2024-12-31,189300,-0.0456674571077498,-0.091972032449561,1.7900106210339062,-0.0042728371843027,-0.1943281140489604
2025-12-31,189300,0.013594421067474985,0.030728398851875432,1.9592967312836698,-0.06057268741450387,0.04349291339140676
2021-12-31,195940,,0.09050343507726076,,0.0063960064671897375,0.0438809541534298
2022-12-31,195940,0.01292650230569413,0.11231795961364766,0.5361314383642996,0.015233483535562708,0.07549824938000707
2023-12-31,195940,0.012385893153542828,0.10400512440098438,1.5475201966180356,0.019389166969509045,0.06746416049789282
2024-12-31,195940,0.01193398801781547,0.09689643126114512,1.5081232520227528,0.036165686577468555,0.06318107289331377
2025-12-31,195940,0.01465428211527771,0.09920080404065777,0.6745179278827023,0.055049821787010476,0.07114776100757819
2020-12-31,196170,,0.3049235887224106,0.2590204402408631,,0.2743333063677235
2021-12-31,196170,-0.0629747023518688,-1.5745603659525431,0.452239846335972,-0.1003485640911769,-1.2479025391640084
2022-12-31,196170,-0.0411839083857935,-1.9332525260128688,0.6564957842981478,-0.0454273061530483,-1.2093400806459005
2023-12-31,196170,-0.0512360293245163,-0.49711302767019,1.6656236476023358,0.002197027324058,-0.374432896852659
2024-12-31,196170,-0.0531529437852833,-1.6683547670866885,1.6869982127064105,0.1001555371427035,-1.9291348510865465
2025-12-31,196170,0.05827926081360124,0.5441585105016248,1.6920864069959445,0.09242520784244752,0.44937130370579603
2020-12-31,204270,,0.1948415293456238,0.2315968239022294,,0.1772528314532267
2021-12-31,204270,-0.0174895459909843,-0.1872755405199023,0.5483342533621626,0.0703668203244068,-0.1467044238641196
2022-12-31,204270,-0.0045349192369963,-0.1579489625304438,0.5216099243292172,0.0250634210890003,-0.0491734649016343
2023-12-31,204270,0.0473397774533512,0.1738205016935732,1.7179971519054449,-0.0019661459413624,0.1849634757248004
2024-12-31,204270,-0.1064968101854222,-0.7729906649359506,1.7837073377276411,0.0928112400025823,-1.115133781390573
2025-12-31,204270,-0.0598505916874351,-0.4584895383060241,2.131793264943955,-0.0148640729816817,-0.3997088751381824
2020-12-31,207940,,0.2058922427197579,0.3641750341954834,,0.2042426987606614
2021-12-31,207940,0.0280015949675608,0.3714185531128642,0.5457494406200659,0.0495396744885444,0.2923537398255701
2022-12-31,207940,0.0191019875692187,0.3719646905791764,0.8688314420742858,0.0543690570535694,0.1479472316664058
2023-12-31,207940,0.0264770347493441,0.3080652207789752,1.6643239546184254,0.0521190751530363,0.2324689448638878
2024-12-31,207940,0.0249697516145442,0.285220638993755,0.5131251631291844,0.0792256088140141,0.2227898388939852
2025-12-31,207940,,0.43900674308253146,0.5055977390084087,0.0995596946384397,
2020-12-31,213420,,0.2742384960682754,0.1335780066867902,,0.2386130204057339
2021-12-31,213420,0.077713273593705,0.2771853076153923,0.142973410530736,0.1162360585998687,0.2744367457572267
2022-12-31,213420,0.0433029773164002,0.2452043070431373,0.1543652258381868,0.1385782629016399,0.2499881095960162
2023-12-31,213420,0.032484181959676,0.2588271972009865,1.1422492422994166,0.0983374020112732,0.2269077000028028
2024-12-31,213420,0.0278164660792534,0.2285551155408811,1.1490381702459826,0.082541365520771,0.1939624036630252
2025-12-31,213420,0.0315820523719897,0.1779799232110105,1.529107749743812,0.026074737851725,0.1433088331616551
2020-12-31,214150,,3.8259021002858713,0.1188868709566267,,2.846419802616757
2021-12-31,214150,0.094652589151745,3.577124955344437,0.1272416692110944,0.1958803727502007,3.3610012132149336
2022-12-31,214150,0.1052065115647667,2.040080593297896,0.6570044592002973,0.1531678595851602,2.184353173458326
2023-12-31,214150,0.0896288014948565,1.4150958423545668,1.3390526393654154,0.0937593004998671,1.2159721845677798
2024-12-31,214150,0.0482159816339297,0.8815751426392661,1.2681310126135428,0.1456578185622528,0.5020919230127912
2025-12-31,214150,,0.45324540398097474,1.2624635467468293,0.11070961187043961,
2020-12-31,214370,,1.3990081689146432,0.0965564131702991,,1.139496442455586
2021-12-31,214370,0.0327303367726982,0.7799837448953388,0.0689835861589597,0.1892519198856069,0.8448151582178297
2022-12-31,214370,0.0302468329970875,0.3540232385416644,0.0780169503056012,0.1079226500635796,0.342843445231254
2023-12-31,214370,0.0456865356133625,0.5276226360915085,1.0800442774392789,0.0850783514229534,0.5236248320655473
2024-12-31,214370,0.0529976812944505,0.6244188222597117,1.0719121686117488,0.0434243552077515,0.5757553155003763
2025-12-31,214370,0.047127858576944966,0.577310184506706,1.0858188082925915,0.05071032686242298,0.5942871454234354
2020-12-31,214450,,0.3254641398717474,0.242181751288137,,0.2484107726255715
2021-12-31,214450,0.0478801843179748,0.3527271699861787,0.1721473200985592,0.1408924815248418,0.3433070787699792
2022-12-31,214450,0.049921382292648,0.3577425282913455,0.2872734562155843,0.1156687383679527,0.3597189592829814
2023-12-31,214450,0.0701250865952003,0.3996025636064901,1.2026743272014329,0.0828806653176237,0.4097906098374403
2024-12-31,214450,0.0470526680206376,0.3914778145544323,1.1818600331282114,0.1539630213121601,0.2859861656785231
2025-12-31,214450,,0.45685740117898316,1.4348692637259972,0.12307426094319987,
2020-12-31,218410,,-0.397707189976353,0.3723508040958366,,-0.4914602454774862
2021-12-31,218410,0.0001206541838714,-0.0071164190690323,0.4703834742217287,0.0573196944203605,0.0016413059807004
2022-12-31,218410,0.0055016842712426,0.0305115421171425,0.4835251789642147,-0.0143169781644545,0.0580343934890298
2023-12-31,218410,-0.0098412527064697,-0.2203103802674308,1.504010243920449,0.0189911678983977,-0.1502086519520021
2024-12-31,218410,0.0019720778849918,-0.0457049411193045,1.3505842753463029,0.0233598784610581,0.0280460886319087
2025-12-31,218410,0.019171114870222168,0.18181314222543019,1.3482195680994749,0.044525913488156196,0.1765363107735342
2020-12-31,222080,-0.0109397230148532,0.2036932677335662,2.0795949076674494,0.0628629358408437,-0.0354281589775989
2021-12-31,222080,-0.0299583906178509,-0.2733566812439498,3.0876795373828565,-0.1656676043883277,-0.2332410019016521
2022-12-31,222080,0.0031871194108622,-0.0701088841714315,2.102412472940164,-0.0083434231636555,0.0140204739615954
2023-12-31,222080,0.0477253091952375,0.1818634051972225,1.6547114784080383,-0.1109079163239029,0.2518395390713696
2024-12-31,222080,-0.0285328762724769,-0.0539847389929252,0.862756670797394,0.0025659124595967,-0.052300070381021
2025-12-31,222080,,0.0976888694853452,0.3984065042986436,0.0963090731337883,
2020-12-31,222800,,0.0987539899922999,1.8854287628825013,,
2021-12-31,222800,,0.1377024821779888,1.3438825958202154,0.0846383922692432,
2022-12-31,222800,,0.2458730925992069,1.0312559304747708,0.2726444846296195,
2023-12-31,222800,-0.0103750264880909,-0.0193478968568071,2.182538668371765,-0.092111449732544,-0.0211442441100631
2024-12-31,222800,0.0462110219547646,0.001570835786886,3.114926608024593,-0.1170960794682662,0.0657868496029433
2025-12-31,222800,0.01309398439186379,0.0332282516374579,2.979332725354078,-0.11010415943283756,0.01797524001265534
2020-12-31,226950,,-4.733554893409966,0.1104847751250409,,-4.619620989265863
2021-12-31,226950,-0.3282746195099457,-9.676652885640149,1.5177236992029215,-0.3630367677055228,-11.665335304508693
2022-12-31,226950,-0.1771886941073614,-1.0116492132296009,1.2628123110244096,-0.229731525526991,-1.6398289903351544
2023-12-31,226950,-0.1016963439201336,-2.490616752904092,2.468534984288612,-0.1786377312937693,-2.432699959261333
2024-12-31,226950,-0.625526268218723,-35.80072438667542,4.978031383988914,-0.2378981273707377,-39.82646667991568
2025-12-31,226950,-0.06077865652912774,-2.8574654830729167,1.308795709321506,-0.020051940080959448,-2.978883308234185
2020-12-31,232140,,0.1305533203047094,0.5223947653622141,,0.1069870697798904
2021-12-31,232140,0.0736098178058906,0.2155896561585452,0.233906342156083,0.1828138879133504,0.2252520656461178
2022-12-31,232140,0.0155382268821359,0.0849872247675564,0.5304282897508962,0.1078706465722046,0.0912370460146809
2023-12-31,232140,0.0020553794937206,0.0094636822106087,1.3939051364984811,-0.0192077992574771,0.0133548083130655
2024-12-31,232140,-0.0036665558874157,-0.0113735234507215,1.3233741877480418,-0.0233785495019092,-0.0311367131880421
2025-12-31,232140,0.013193770819579039,0.07344052205772435,1.2742792236242042,0.041663961207893764,0.08866328713011261
2020-12-31,237690,,-0.3484920781386162,0.1464358161704944,,-0.3276458132066485
2021-12-31,237690,0.025652435173653,0.1679250774149503,0.5830422430924415,0.0152784294320119,0.1671223451887877
2022-12-31,237690,0.0308016054669336,0.0746686328157013,0.6012507908216357,0.0019701804023948,0.1631351916818213
2023-12-31,237690,0.009386474160657,0.1158506587187026,1.7115808635020326,0.0031949939507606,0.0583310503038859
2024-12-31,237690,0.0280269516769283,0.1208170591956939,1.415679478705692,0.0776797472267719,0.2713660611096505
2025-12-31,237690,0.03140655407953162,0.17976917472907136,0.358856566592181,0.046528125178183,0.21317656756070985
2020-12-31,240810,,0.2723489537287091,0.4927972771332441,,
2021-12-31,240810,,0.1743031218743553,,0.1133173537495049,
2022-12-31,240810,,0.1075870669843991,0.4018381159973315,0.0249785469477635,
2023-12-31,240810,,,0.2786726436056292,0.0056792893967031,
2024-12-31,240810,,,0.3235088145500769,0.0519292422727066,
2025-12-31,240810,,,0.29075694739459007,0.133894644223611,
2020-12-31,241560,,0.1025259618588175,0.4232104960869032,,
2021-12-31,241560,,0.0838359032863192,0.5057476619610415,0.0301070058854713,
2022-12-31,241560,,0.1332013237954226,0.4918311547442037,0.0598014750229653,
2023-12-31,241560,,0.1257816416878398,0.7873225554966422,0.1168734998783341,
2024-12-31,241560,,0.0703774746064505,0.7510567366176679,0.0200391083982436,
2025-12-31,241560,,0.06381803227025522,0.7445178010970752,0.06171856643595991,
2020-12-31,247540,,0.0705727791176106,,,
2021-12-31,247540,,0.0997110886607813,,-0.0770375511986145,
2022-12-31,247540,,0.090495020621874,,-0.2620995023561174,
2023-12-31,247540,,0.0254395515878225,2.8056110734225226,-0.1204992458639714,
2024-12-31,247540,,-0.0789930889522969,2.6704251317725785,0.1208855935304085,
2025-12-31,247540,,0.08076105225396099,2.356229903732537,-0.042529137567788707,
2020-12-31,253450,,0.1507396605870572,0.3801216645282579,,0.0998272854392805
2021-12-31,253450,0.0257501080286736,0.1255209658387956,0.2273277225027913,-0.0445349416468954,0.1275725869179804
2022-12-31,253450,0.0260712750455468,0.082725823391404,0.6580400487928295,-0.1083449980574222,0.0779353750538137
2023-12-31,253450,,0.1005119597475725,0.5967046398419752,0.0066760437776648,
2024-12-31,253450,-0.0086298756953656,-0.0103710601902758,0.2704107678396937,0.156683288047056,-0.0678453862648487
2025-12-31,253450,0.0103845477031768,0.0766908191986825,0.3151385495348918,-0.0259293339131508,0.0652044398907021
2021-12-31,257720,0.02877616691840101,0.06301393375553742,0.168088973320718,0.04385517401656044,0.07814850305450032
2022-12-31,257720,0.048423816493941695,0.10770748385516861,0.4056596498733535,,0.09587608846806343
2023-12-31,257720,0.11859870004187996,0.14986705778281417,1.529676672375722,,0.13013788022995995
2024-12-31,257720,,0.22818424737342846,0.8724845460166883,0.11915469064665782,
2025-12-31,257720,,0.2106824634887808,0.5963628720618266,-0.0047949800776035355,
2021-12-31,259960,,0.3741608058695059,0.17348955684271034,0.07418862316626273,
2022-12-31,259960,,0.3233975432661457,0.1664492257487904,0.07540410574142294,
2023-12-31,259960,,0.4203196918795921,1.188774767869638,0.06851544032236445,
2024-12-31,259960,,0.4510379874964769,0.16275644363772082,0.11216037620226399,
2025-12-31,259960,,0.40041235713690826,0.15956200894158473,0.10675241289627306,
2020-12-31,263750,,0.3426707637107509,0.4358087926478595,,
2021-12-31,263750,,0.1060591309027647,0.7173624775228985,0.0447603874226196,
2022-12-31,263750,,,,0.0339984047602782,
2023-12-31,263750,,,1.7609106568471466,0.011098448861845,
2024-12-31,263750,,,1.4353315606030146,0.0019295700703598,
2025-12-31,263750,0.035829687958564456,,1.3951431922360982,0.010925946252161998,0.27144039084887606
2020-12-31,267250,,0.022077148601568,,,
2021-12-31,267250,,0.0414625583260407,,,
2022-12-31,267250,,0.0619874139573958,2.045122600775044,,0.039835336847119
2023-12-31,267250,0.0254098314206568,0.0486574550810201,2.989563975152067,,0.0433775218266055
2024-12-31,267250,,0.0259986886240659,2.669460144405042,0.0678020533731112,
2025-12-31,267250,,0.09341276548548351,2.66335381917859,0.09284435450780391,
2020-12-31,267260,,0.0738959125610626,2.540655468634912,,
2021-12-31,267260,,0.0188577674672332,,,
2022-12-31,267260,,0.0707092169426778,,,
2023-12-31,267260,,0.1230130316659902,3.1072781080274736,,
2024-12-31,267260,,0.2076920477389267,2.4000169473062227,0.1976081113320396,
2025-12-31,267260,2.8516001421955177e-05,0.368927819571688,2.4878492741663814,0.1631890017426753,7.596611578530739e-05
2020-12-31,267270,0.0033019614179969,0.0420966806719552,1.129810558588966,0.0540129326499856,0.0085304822163232
2021-12-31,267270,0.0195143380825141,0.0528893250994492,1.0460211199610483,-0.0476410449396023,0.0408283934640281
2022-12-31,267270,0.0305122104232374,0.072043783843798,1.137929531707389,0.0735359493818541,0.0611638470682407
2023-12-31,267270,0.0187521326970351,0.0579834323199804,1.907920987497383,0.0452680019143342,0.035698989234201
2024-12-31,267270,0.0002450849495176,0.0526320386293521,1.855682255523116,0.0447611740581085,0.0005456519867218
2025-12-31,267270,-0.0008053464438158681,0.058461233394076245,1.8702440470777173,0.030410820631339902,-0.0016053858149088327
2020-12-31,272210,,0.117702896050116,1.8222030116716004,,0.0825464741277684
2021-12-31,272210,,0.0763861786941603,0.7540766750094318,0.008595165386046,
2022-12-31,272210,0.0016126090087698,0.001178387347872,0.784207191451099,0.0050975499789928,0.0077707259337599
2023-12-31,272210,-0.0007464093037741,0.0601339606576782,1.944596300926746,-0.0434157808841995,-0.0026927469780309
2024-12-31,272210,0.00370908552561,0.0891758387049796,2.304539206561034,-0.0042927809266175,0.0127423763309096
2025-12-31,272210,0.03123532709902731,0.027881607657098975,1.9696564989663243,-0.019551408841130886,0.18792809951472247
2021-12-31,277810,-7.027163185913934e-05,-0.06483884551691785,0.08324231450920043,-0.0754905453882351,-0.0011905402968621199
2022-12-31,277810,0.01662594278118994,0.10798901140988701,0.3530809034935047,-0.025265001439019396,0.20503240390811758
2023-12-31,277810,,0.143315345561727,1.032929104661178,-0.00036876862166098723,
2024-12-31,277810,,-0.2941946305326973,1.0337451772079402,-0.012933633255815195,
2025-12-31,277810,,-0.06730056673474488,1.0739264831964885,-0.015176627206972588,
2020-12-31,278470,,0.0827215505076383,0.7743438968075872,,0.0573279320789706
2021-12-31,278470,0.0370737388230158,0.0511760562672442,0.9584993283992757,0.0821775146270247,0.0344401019019732
2022-12-31,278470,,0.1320305463229269,1.0552636265643214,0.0473320527183003,
2023-12-31,278470,,0.179268833645677,0.4705159965875752,0.2862708514658222,
2024-12-31,278470,,0.1564653728664379,0.7186847243892942,0.0986862873245188,
2025-12-31,278470,,0.2490723441561214,0.769751247250847,0.29973752006707843,
2020-12-31,281740,,0.1084239768278583,1.3240293524322757,,0.0621629812112445
2021-12-31,281740,0.1312453664829085,0.2743045387830239,1.2616829057941232,0.1002969047198632,0.2750541044146706
2022-12-31,281740,0.1074713791757286,0.2535196518354843,1.5520088657224012,0.0805617957902189,0.2197819579086732
2023-12-31,281740,0.0484360775722315,0.1511021462917617,2.806714147157328,0.0449616447288042,0.1636556462315192
2024-12-31,281740,0.0241317029431294,0.1219147346227655,2.9032533237802736,-0.0110699197558991,0.0907764535633236
2025-12-31,281740,0.003591105747811961,0.03815297156381581,2.7228957197140016,0.029990089469117583,0.012999962637720238
2024-12-31,287840,-0.2700163125082966,-2.347679747733558,2.529525969211451,-0.2735474984173711,-2.626113554555109
2025-12-31,287840,-0.0675134478589322,-0.9133874975657248,1.7117806289841135,-0.2037087330806895,-0.7987058252175905
2020-12-31,290650,,0.2907019772976081,0.3489603777116538,,
2021-12-31,290650,0.0338876389665084,0.2676118855335972,0.161977660239542,0.1262827011893709,0.1926140810729066
2022-12-31,290650,,0.170014664656894,0.8727639593300501,-0.0417013934433411,
2023-12-31,290650,,0.2312088768056805,1.6827947877757792,-0.0231319886943289,
2024-12-31,290650,-0.0376666717469542,0.0094264476158553,1.6378795133209034,-0.0354500343031001,-0.3122325420470064
2025-12-31,290650,-0.19249013784603888,0.1283798889231829,0.8670074248440967,0.013049402335736211,-2.276043236507871
2020-12-31,293490,,0.1410546933523709,0.2642078198487765,,0.1790635025993308
2021-12-31,293490,0.0360890740492994,0.0916923181702747,0.7114047427673476,0.0655613605308921,0.0950783140003953
2022-12-31,293490,0.0057301749816395,0.1424882865129582,0.8214312177184143,0.0403199311595064,0.036746538500862
2023-12-31,293490,,0.085238645867007,1.936615417432024,0.026961494743009,
2024-12-31,293490,-0.0076583562349406,0.0294758681002516,2.061667319157461,0.0139637012539719,-0.0646040107205006
2025-12-31,293490,,-0.0427291467485005,2.167664883457356,-0.0074507100545916,
2020-12-31,298040,,0.032525442994354,3.2220528868337897,,0.0254328048752867
2021-12-31,298040,,0.0320589774795465,2.834236706880028,0.0095328539257069,
2022-12-31,298040,0.0322357591136991,0.0712856025920988,3.399807542414255,-0.0128092158184475,0.0426253288945232
2023-12-31,298040,,0.0909634105502683,4.0703289202078405,0.0406871769548407,
2024-12-31,298040,,0.0972979303898006,2.8470747789753648,-0.0099161314721106,
2025-12-31,298040,,0.1353390736895116,1.9856546759624412,0.007580182207887127,
2020-12-31,298380,,-17.997554621198603,0.098154851319212,,-14.549460771821536
2021-12-31,298380,-0.1156618889724645,-19.98646491057905,0.0816530893807274,-0.3006446941024849,-17.53257593142422
2022-12-31,298380,0.3530860498965929,0.6512145938139906,0.9265654793795982,0.4750695272161289,0.7152235685237994
2023-12-31,298380,-0.0482242786103992,-0.6060494924337938,1.0391465623125138,-0.0651978317103875,-0.4794747683092229
2024-12-31,298380,-0.0727257228677326,-1.8508357340604007,0.3531719903609717,-0.2201054168885387,-1.6564845845584937
2025-12-31,298380,-0.1168884007769662,-15.527875505725895,0.28961624009373416,-0.07501568017745537,-14.759072082727233
2020-12-31,307950,,0.0563061936764289,0.957550626960088,,0.0379997256015375
2021-12-31,307950,,0.044758486900406,0.6216650695184404,0.1193811402446066,
2022-12-31,307950,,0.0455572870514692,0.7089858236864003,0.0526427475577996,
2023-12-31,307950,,0.0606687199438125,0.6039740422726945,0.056185330407795,
2024-12-31,307950,,0.0580294909777799,0.7467188199276986,0.0811884571661565,
2025-12-31,307950,,0.06711392420393525,0.8155757335545956,0.06957852340651484,
2022-12-31,310210,0.034973507706784174,0.1444766710147924,0.6996695504602474,-0.1282038141753511,0.202652807272415
2023-12-31,310210,-0.09831719224743833,,1.1619959328290375,-0.2114032270309188,
2024-12-31,310210,-0.11324357460734821,,1.1048159208103674,-0.2084307993416055,
2025-12-31,310210,-0.2161433675916799,-3.276125191304348,1.8711408471530968,-0.3924680058481202,-3.3344441147342994
2023-12-31,316140,-0.11068619741854847,,14.626631934422244,,
2024-12-31,316140,-0.11926885238420858,,15.018482805216946,,
2025-12-31,316140,-0.1501597058632714,,15.79899286995295,0.003304769505629813,
2021-12-31,319400,0.024440669980417686,0.05589430474647531,0.664408475347401,0.11102302860463654,0.04627319392283922
2022-12-31,319400,0.03747273236876082,0.046240688341160484,0.39870825812457983,-0.04065397029667014,0.09580550099919317
2023-12-31,319400,0.02889329142213878,0.06779800139823808,1.390109799720319,-0.022421512267855038,0.0575571670755383
2024-12-31,319400,,0.08664460696550245,0.5769183349264346,0.3190577519177872,
2025-12-31,319400,,0.06495845169984296,0.6036490689625233,-0.02903774494289483,
2020-12-31,319660,,0.1703159593948794,0.2483058418661975,,0.1103448059021469
2021-12-31,319660,0.0819979454107473,0.2359483111610386,0.2882838833935887,0.2102360398042779,0.2003745382651045
2022-12-31,319660,0.1214579346015056,0.3188684914099107,0.338072599132666,0.0736613629334877,0.2726416654054144
2023-12-31,319660,0.0546620871238847,0.2708568838776184,1.3142353642686435,0.0741375942607376,0.2125320911299368
2024-12-31,319660,0.0518496972459726,0.2468073112155144,1.240820053717385,0.1106399801952289,0.1986671429967625
2025-12-31,319660,0.03982206411472717,0.22469321509389562,0.17596303548744147,0.046849345231020655,0.19793764259581217
2022-12-31,323280,0.05866210513585313,0.10508349106975061,0.7517094593710479,-0.07967288414369,0.1667141823845585
2023-12-31,323280,-0.023426252250520644,-0.16146586440637647,1.5572647280971488,0.045512328518327795,-0.15108622870497246
2024-12-31,323280,-0.029744884098973613,-0.08038998475475516,1.5948262663180488,0.022081689389299938,-0.08104702302683386
2025-12-31,323280,-0.03952054506307611,-0.13375213693515173,1.2854151325945853,-0.05946408353134014,-0.36493366467081234
2023-12-31,323410,,8.715828321487152,8.885842275883109,0.03520781859231768,
2024-12-31,323410,,12.339133522727273,8.644226536828192,0.016839754745281616,
2025-12-31,323410,,12.318144766873166,10.018314665924844,0.08446703464398962,
2020-12-31,326030,,-16.068046301644586,0.2665984307138963,,-16.077829687656155
2021-12-31,326030,-0.1055621894094602,-2.0850341092867657,0.3212902290251443,-0.0365076771464258,-1.848561540785382
2022-12-31,326030,-0.0384419589903963,-0.1040975135757897,0.9088039971543131,-0.1849856683486052,-0.1684316627302154
2023-12-31,326030,-0.0522502416601501,-0.1185771016560896,2.328912219475595,-0.1024949931986875,-0.2038348172176154
2024-12-31,326030,0.0172241383250741,0.1416083560145611,2.116046683852159,0.0490927435925147,0.0461817147713806
2025-12-31,326030,,0.3656535585127179,0.4938661046445206,0.0867318343710372,
2022-12-31,328130,,-2.212879534614791,0.4164036986004321,-0.311013980482306,
2023-12-31,328130,,-3.680566548367513,0.5667522085002544,-0.2357550925961984,
2024-12-31,328130,,-0.97998836373805,1.845505978467012,-0.1966611653655194,
2025-12-31,328130,,-1.1011502523019892,2.363682926942171,-0.1024697561977619,
2021-12-31,329180,5.5678421636783294e-06,0.039321690164372924,1.4412651010124276,,1.803748679314475e-05
2022-12-31,329180,,0.006507703781965549,,,
2023-12-31,329180,,0.004523440213432615,3.402656623600505,,
2024-12-31,329180,,0.05711692145411144,2.086945575625688,,
2025-12-31,329180,,0.12614265118684084,2.2163370056907636,,
2020-12-31,336370,,0.1011914183927683,2.498178710642369,,-0.0315625509242314
2021-12-31,336370,0.0021106429459648,0.035962893707154,0.7861011615179018,-0.032074548335644,0.0069026978050446
2022-12-31,336370,-0.0228053972575928,-0.1852004182472189,0.5669844308448754,-0.0699248997188859,-0.1692207839923006
2023-12-31,336370,0.1994266668702871,-0.1831318938871539,1.5897096255475784,-0.0214713284677099,1.9429473738428429
2024-12-31,336370,-0.035740464235672974,-0.13854282140351326,1.7597409932004797,-0.07915741607678957,-0.26985629013811957
2025-12-31,336370,,,1.1232573680872135,0.004369351923371727,
2021-12-31,347700,,,0.26934476095731297,-0.25518274130875296,
2022-12-31,347700,,,1.8236523678199117,-0.15742405929844128,
2023-12-31,347700,,,11.77776931244497,-0.33907717824178973,
2024-12-31,347700,,,1.812963268367233,-0.332628175358941,
2025-12-31,347700,-0.08671407847775567,-0.04690611075613699,1.7832870229375613,-0.2719355911497219,-0.15704576941169018
2024-12-31,347850,,-3.6028207427204118,1.3592408374060818,-0.13295474670957685,
2025-12-31,347850,,-6.404609531099606,1.2445352374597114,-0.163826153962937,
2022-12-31,348370,,0.0820772563244464,,-0.0999258802216189,0.1452194368088553
2023-12-31,348370,0.0198182583316779,0.005759473241,2.7431348601221632,0.0551695468764042,0.0602394268495934
2024-12-31,348370,-0.1191117179420877,-0.0529138232967815,1.912716721141705,-0.0370831522391608,-0.5454359439786687
2025-12-31,348370,-0.0010520202327661,-0.3015514970584867,2.035205838790497,0.010513857373684,-0.0065023137082801
2021-12-31,352820,,0.1924628616393366,0.689051418664315,0.029734564948066654,
2022-12-31,352820,,0.13610733037332082,0.5594481160636839,0.0505517380943596,
2023-12-31,352820,0.028959071469603796,0.13508037858031946,1.633081076499222,0.008668883022934027,0.18534650224851168
2024-12-31,352820,,0.10265350553966923,0.6140613100895839,0.009285506804825016,
2025-12-31,352820,,-0.05802942756096601,0.615316359995857,0.009475985269633497,
2020-12-31,357780,,0.2353916578398284,0.4069776833906853,,
2021-12-31,357780,,0.1832649545812169,0.2069911805029518,0.0970385185537897,
2022-12-31,357780,,0.1813140427850068,0.1474166217077294,0.1535670627049913,
2023-12-31,357780,,0.1524333871341939,1.0978817550887383,0.1530257808277678,
2024-12-31,357780,,0.18062342013402147,0.10247040099738441,0.1780418331451324,
2025-12-31,357780,,0.14261920634898703,1.272174605235369,0.0723149293658012,
2023-12-31,358570,-0.1277125471529598,-20.01347218462721,1.102111556741115,-0.3845248215496388,-17.981221117138134
2024-12-31,358570,-0.2183060410177487,-569.1957861265344,1.3625071689122372,-0.3914453092542317,-585.9466717404966
2025-12-31,358570,-0.1148045099234135,,1.103000608817768,-0.3023746255905443,
2021-12-31,373220,,-0.1398837210611382,1.5603828076187642,0.008825271026048874,
2022-12-31,373220,,0.09998854214727058,0.8847782803599672,-0.04494847983092057,
2023-12-31,373220,,3.3918974706267075,0.8310593179834932,0.04167009819829629,
2024-12-31,373220,,0.06517435771651083,0.9870834782285252,0.03790698735139331,
2025-12-31,373220,,0.10549515752368517,1.253417400359899,0.04334131354378317,
2023-12-31,376900,0.0188797188813245,-0.5933963055928911,-0.1180623763722909,-0.3259657561014734,-0.5356543377104076
2024-12-31,376900,0.0208488545894455,-0.7548679609539233,-0.1299508847549381,-0.4782661136221082,-0.6884841192574386
2025-12-31,376900,0.0369006481196279,0.0111492355905143,5.230805513378009,-0.3780485006200865,-0.1676464251280006
2022-12-31,377300,,-0.06854079011229136,0.8101506340518249,-0.009908151556050047,
2023-12-31,377300,,-0.059948631024761785,1.0633737181842204,0.06740928058411297,
2024-12-31,377300,,,2.194983758041895,0.040973310658746216,
2025-12-31,377300,,0.06629238283871104,2.6354884091152395,0.006403839003485401,
2025-12-31,388210,0.1360701088457494,0.3769421324427498,0.7904438602567033,0.1161930055622402,0.3790980685878792
2022-12-31,388720,-0.0075347954129538,-0.0767614445914466,0.3893869416153086,-0.0669163208783854,-0.0304816372897164
2023-12-31,388720,-0.0035683295833043,-0.2257481086958769,2.2454519126573733,-0.0054092790756231,-0.0140765268205182
2024-12-31,388720,0.0012349808650182,0.0139097981682679,1.2279975010835276,-0.0046494968419351,0.0086144688029203
2025-12-31,388720,-0.0098257802537043,-0.3898454257035136,1.206428141435013,-0.0898148477349444,-0.091762917347786
2023-12-31,389470,-11.841575617179965,-68.19351876667325,28.22323718901437,-0.2201612289732074,-313.2862035310246
2024-12-31,389470,-0.5584155582756999,-24.73617376109432,1.950332352332684,-0.1411978201675742,-52.5810555607607
2025-12-31,389470,-0.1157843271206664,-8.933285556944394,1.5376037302054864,-0.1485921290390106,-7.842333064052886
2022-12-31,397030,-0.047003384120800726,-21.865530315,0.027443329830044938,-0.07667599646893349,-16.947743715
2023-12-31,397030,-0.04688816183791401,,1.295415325296636,-0.11525155009461144,
2024-12-31,397030,-0.04579436232604314,-0.11738505813055233,1.3009266751747437,0.18099241608480224,-0.15057403012746234
2025-12-31,397030,-0.06025064548118855,,1.0731949145150936,-0.025663810434307974,
2023-12-31,402340,0.05166416866350368,-1.0640041137505147,1.1120345386770611,0.010913445820510213,1.6281097430234168
2024-12-31,402340,,2.5398446345589747,1.1181930542145626,0.005398987251370662,
2025-12-31,402340,,6.485852768767973,1.0960424653556213,0.01289456253974268,
2022-12-31,403870,0.14042973863339175,0.6015002639597581,0.3876318067421727,0.24690136394083015,0.5493054348847117
2023-12-31,403870,0.09068697433293546,0.5145823611194512,1.163996031611608,0.2080847691827314,0.48860570715611845
2024-12-31,403870,0.06717432312518418,0.5262153680936547,1.1985861391646628,0.12883681079297185,0.34300411898313804
2025-12-31,403870,0.05131563498688802,0.4714122558807927,1.1966555594074657,0.26555334196689145,0.42084669842782974
2024-12-31,417200,,0.0531641978543974,1.2094403274669676,-0.05593936849800981,
2025-12-31,417200,,-0.007615579418363279,1.355274647659691,0.010626813147074957,
2023-12-31,420770,0.0159576287475305,0.2068379850254182,1.0537895033822295,0.0134243604971527,0.293789027919845
2024-12-31,420770,0.0065262887291512,-0.0788116448566855,1.1269712805737675,0.0232577885147654,0.3368785664174368
2025-12-31,420770,0.0102403302465121,0.1199040247367126,1.1634734649215617,0.0580811437561792,0.2860528084726297
2025-12-31,424870,-0.2744032973825129,-95.27806364859453,1.128133787997148,-0.3466780356007965,-93.26072952539522
2024-12-31,437730,0.017149429079281586,0.07655860465153103,1.2450205575304159,0.042765732807517054,0.08068171387395132
2025-12-31,437730,-0.00388278576546709,-0.05881674118841714,1.2498189247267328,0.04708045366965602,-0.019844315161652984
2023-12-31,440110,-0.06784408874669702,-46.19976653975243,1.2653645825488482,-0.07126051676979071,-44.818851011341515
2024-12-31,440110,,,1.2370357855549001,-0.5181862488385256,
2025-12-31,440110,,,1.8096350901191256,-0.1696162038400201,
2024-12-31,443060,,0.18077242740299965,0.6348003747859556,0.19150439289008958,
2025-12-31,443060,,0.18238636885829476,0.5028857325655498,0.2111324172361509,
2023-12-31,445680,-0.04596020466251323,-4.564180528993281,1.069332886357785,-0.09441043955221211,-3.743402763692612
2024-12-31,445680,-0.0794433971409096,-3.4257076454490147,1.5821606426488604,-0.11597891493296282,-4.2236322542010365
2025-12-31,445680,-0.06095362638836521,-1.9356626673764497,1.201876491580342,-0.1175668311293412,-2.1880018039320004
2023-12-31,454910,,,1.0759143736739147,-0.02908524247587365,
2024-12-31,454910,,,1.0450214536976403,-0.06126552031578542,
2025-12-31,454910,,,1.0973341312733118,-0.02857426012594958,
2024-12-31,456160,0.0252684193011288,-14.072771915567484,-0.2445009429132663,-0.2149659484028413,-14.604964539770505
2025-12-31,456160,0.1207938290226081,-60.98106233343321,1.1585911389613748,-0.2309617195716015,-60.4704678112096
2024-12-31,458870,-0.16081260188676214,-3.5911371530060503,1.2820557506377757,-0.3092049334694739,-3.508504702523326
2025-12-31,458870,0.2594114895666267,0.4274256403891894,1.338849896401952,-0.01988684170263446,0.42742310033394576
2023-12-31,462350,0.15503045282730293,,-0.16913443109951853,-0.3724810805909212,-1373.593627892897
2024-12-31,462350,0.14142598893384298,-31.201526991387286,1.1506138364278236,-0.4565543642411762,-30.517718958240653
2025-12-31,462350,-0.4293993891139198,-17.027846208329827,2.222576205591771,-0.5168410423508574,-17.13331138894908
2025-12-31,466100,0.0198775462847111,0.0755156509595033,1.2458145167512733,-0.0767408294127185,0.1093242678952961
2025-12-31,468530,-0.082872451770569,-5.063966138102829,1.081248614787865,-0.1682365799473127,-4.407847147700977
2025-12-31,475830,,-877.2173361114793,0.2558476320565668,-0.13376145843827064,
2024-12-31,476830,0.050743645625770266,,-0.1325617127568373,-0.7492890595425383,
2025-12-31,476830,0.23277415486703762,-1.1398629675576932,1.2855884078390103,-0.2889319102954192,-1.1494075788322213
2025-12-31,486990,-1.095790413124788,-17.34601630010319,4.565160609687595,-0.4548561365484414,-17.65548647795561
2020-12-31,950160,,-20.48052481229425,0.4359705986827478,,
2021-12-31,950160,,-13.1909676941249,0.9411286288167128,-0.5277199872306086,
2022-12-31,950160,,-7.142459110775943,0.1930069780132336,-0.2101315324385446,
2023-12-31,950160,,-2.960578923483375,1.1796969342246568,-0.2113531368526066,
2024-12-31,950160,,-2.767622928359354,0.2955924139482149,-0.0799657539518526,
2025-12-31,950160,,,1.2073561803835955,-0.061556499400244005,
