date,code,roe,op_margin,net_margin,debt_ratio,ocf_to_assets,quality_raw_score,quality_score,quality_factor_count,quality_missing_ratio,quality_score_confidence
2020-12-31,000100,,0.0474102217326059,0.4153502368134,0.2895778398548366,,0.8356733715062618,87.5,3,0.4,75.0
2020-12-31,000150,,0.0517709351256733,-0.0085524105843624,3.521272501417815,,-0.8363791157050021,14.583333333333334,3,0.4,75.0
2020-12-31,000250,,6.262258231472248e-05,-0.1900719714638871,0.2329390936475633,,-0.8498263682773914,13.88888888888889,3,0.4,75.0
2020-12-31,000270,,0.0119614382815897,,1.1319943704352615,,-0.21074102533008215,38.88888888888889,2,0.6,60.0
2020-12-31,000660,,0.1598884554078127,,0.3716527470343556,,0.24960274706808733,67.36111111111111,2,0.6,60.0
2020-12-31,000720,,0.0345940848730841,0.0207402232736662,1.0602710438174563,,-0.3051905541280313,30.555555555555557,3,0.4,75.0
2020-12-31,000880,,0.0545050981908053,0.0351530827999372,8.694439760478772,,-0.6614085841265044,19.444444444444446,3,0.4,75.0
2020-12-31,001040,,0.0521737680241148,0.0172484765255749,1.6581089861665617,,-0.40588201317358774,25.0,3,0.4,75.0
2020-12-31,003230,,0.1398592060353889,0.1053180805676613,0.5984413801992131,,0.33379742030764764,70.13888888888889,3,0.4,75.0
2020-12-31,003380,,0.0353901840437511,,1.7179486689619274,,-0.2834476675040677,32.63888888888889,2,0.6,60.0
2020-12-31,003490,,-0.0428444374907857,-0.8885773301614159,0.8738809343427818,,-1.0700150544346179,11.11111111111111,3,0.4,75.0
2020-12-31,003550,,0.7561816869864202,,0.1574856176808979,,0.902958326828714,90.97222222222221,2,0.6,60.0
2020-12-31,003670,,0.0498661640615818,0.0176308556055528,1.0430613155228707,,-0.2823474766484173,33.33333333333333,3,0.4,75.0
2020-12-31,005290,,0.2069561614115495,0.1463146516745317,1.144582121692134,,0.5177840271373125,75.69444444444444,3,0.4,75.0
2020-12-31,005380,,-0.011380372044892,,1.730335597166749,,-0.38199237966907235,27.083333333333332,2,0.6,60.0
2020-12-31,005490,,0.0467497436949668,0.0738767162932565,0.7177350535469961,,-0.003726287382848238,54.166666666666664,3,0.4,75.0
2020-12-31,005930,,0.1844753671217558,0.1397866112260648,0.3608819065757509,,0.6079043483261025,79.16666666666666,3,0.4,75.0
2020-12-31,006260,,0.0535621712892083,0.0267767583674394,1.58966353497668,,-0.35200066414875975,28.47222222222222,3,0.4,75.0
2020-12-31,006400,,0.0865987897714165,,0.6050846624189916,,0.051063313853551506,59.72222222222222,2,0.6,60.0
2020-12-31,006730,,0.0082037457585058,1.6534900021167738,1.883829415501342,,0.42655981965283296,73.61111111111111,3,0.4,75.0
2020-12-31,007390,,-0.7338544781689484,-1.2936031137167023,0.3223385363112283,,-1.5152200135247134,4.166666666666666,3,0.4,75.0
2020-12-31,007660,,0.0291335786619951,-0.0003995445591583,4.6966608105324505,,-0.8512473067305812,13.194444444444445,3,0.4,75.0
2020-12-31,009150,,0.132206833432507,,0.5974511670182543,,0.146242206694127,64.58333333333334,2,0.6,60.0
2020-12-31,009540,,0.0117526084607855,,1.0034702608818908,,-0.18467504154210942,40.27777777777778,2,0.6,60.0
2020-12-31,009830,,0.0960115218784417,0.1661245877856405,1.543331123391993,,0.28464639382174933,69.44444444444444,3,0.4,75.0
2020-12-31,010120,,0.0484117613571168,,0.8260565151930209,,-0.07286339830821945,47.91666666666667,2,0.6,60.0
2020-12-31,010130,,0.6656371735794561,,0.168017392434867,,0.9007872557184545,89.58333333333334,2,0.6,60.0
2020-12-31,010140,,,,2.0864799843998503,,-0.2788886849338748,34.72222222222222,1,0.8,15.0
2020-12-31,010620,,0.0456425928549914,,,,-0.05948791963628524,48.61111111111111,1,0.8,20.0
2020-12-31,010950,,-0.0023725470835572,,1.893721881012184,,-0.3971860911292666,26.38888888888889,2,0.6,60.0
2020-12-31,011070,,0.0400998582735246,,1.7518319914154508,,-0.28076647281816747,34.02777777777778,2,0.6,60.0
2020-12-31,011200,,0.1612287341633672,0.0143289085030759,4.38540065615294,,-0.5230643071250293,22.22222222222222,3,0.4,75.0
2020-12-31,012330,,0.0598841703787952,,0.3119033185527695,,0.05667244030253549,61.80555555555556,2,0.6,60.0
2020-12-31,012450,,0.0684658809100622,0.0406860157602138,2.2954025179645936,,-0.4129985301691618,24.305555555555554,3,0.4,75.0
2020-12-31,015760,,0.1484405217951297,0.0796444512788408,1.8769608762225067,,-0.011636043437054405,52.083333333333336,3,0.4,75.0
2020-12-31,017670,,0.0764217025214539,0.083637331367228,0.918284958388194,,0.05365210609283753,61.111111111111114,3,0.4,75.0
2020-12-31,018260,,0.0740664885029777,0.0542251505388096,0.354026022761886,,0.05116504446703751,60.416666666666664,3,0.4,75.0
2020-12-31,018880,,,,2.3940136651758523,,-0.34228516894174876,29.166666666666668,1,0.8,15.0
2020-12-31,021240,,0.2106584154884379,0.1459145265886142,1.157500013184162,,0.5211690364755325,76.38888888888889,3,0.4,75.0
2020-12-31,028050,,0.0624174796380415,,0.6816777071886738,,-0.01435531782453379,51.388888888888886,2,0.6,60.0
2020-12-31,028260,,0.02745190038854,0.0411963658513687,0.7225436127960152,,-0.17096065933136909,41.66666666666667,3,0.4,75.0
2020-12-31,028300,,-1.7500976129416532,-1.3561872401249062,0.2789906196986318,,-1.5062840638252502,5.555555555555555,3,0.4,75.0
2020-12-31,030200,,0.0487129403162501,0.0383371786766575,1.2904488597750718,,-0.2554749131215621,36.80555555555556,3,0.4,75.0
2020-12-31,030530,,0.1486701375261484,,0.2386967581129241,,0.2539866263958693,68.05555555555556,2,0.6,60.0
2020-12-31,031980,,0.0842736928066324,0.3765136834362783,0.2022568023603716,,0.9293322067290658,91.66666666666666,3,0.4,75.0
2020-12-31,032640,,0.0751882354772243,,1.4307293202920544,,-0.1425579350721796,43.05555555555556,2,0.6,60.0
2020-12-31,033780,,0.2970100321144968,0.1900209379035014,0.3150868760447469,,1.0429675037165747,92.36111111111111,3,0.4,75.0
2020-12-31,034020,,0.0469316575030408,,3.378075024576676,,-0.5771162580275924,20.833333333333336,2,0.6,60.0
2020-12-31,034220,,0.0436067875466485,0.0029505420072175,1.9157469140725785,,-0.5319800490010355,21.52777777777778,3,0.4,75.0
2020-12-31,034730,,0.0226192881078545,,1.563379563249177,,-0.27779484416377076,35.41666666666667,2,0.6,60.0
2020-12-31,035420,,0.2143821427061658,0.1729471875829642,1.0848769120756907,,0.6485341160620256,81.94444444444444,3,0.4,75.0
2020-12-31,035720,,0.1092428339867833,0.1306100038298936,0.5037349826738464,,0.38849036998476355,72.22222222222221,3,0.4,75.0
2020-12-31,035760,,0.0972244847885399,,0.7123352305974554,,0.05076218401953454,59.02777777777778,2,0.6,60.0
2020-12-31,035900,,0.3215400312132923,0.2232494530400461,0.2045873567868152,,1.2448520637822142,94.44444444444444,3,0.4,75.0
2020-12-31,036830,,0.030688818021017,,0.2777770625610007,,0.003787274583966674,54.861111111111114,2,0.6,60.0
2020-12-31,036930,,-0.7837467615198576,-0.7154240035095469,1.223759653394548,,-1.7010433330692045,1.3888888888888888,3,0.4,75.0
2020-12-31,039030,,0.1890304629864078,0.1214843795429091,0.1473239712559001,,0.5903558026496295,78.47222222222221,3,0.4,75.0
2020-12-31,039200,,-9.8541021252804,-9.843608974227088,0.3390560411047319,,-1.518666241016345,3.4722222222222223,3,0.4,75.0
2020-12-31,041510,,-0.0842680091066295,,0.6291342581489863,,-0.3045789253437606,31.25,2,0.6,60.0
2020-12-31,042660,,0.0232864574388019,,1.6140637275635394,,-0.2868738348787374,31.944444444444443,2,0.6,60.0
2020-12-31,042700,,0.3192240847567978,0.2344014782517549,0.2285842430277602,,1.2783661600938467,95.13888888888889,3,0.4,75.0
2020-12-31,047050,,0.0211243090273489,0.0108473886449121,1.7649561317282332,,-0.5164377040395527,22.916666666666664,3,0.4,75.0
2020-12-31,047810,,0.0446673275598477,0.0240567261272097,2.7796587977938567,,-0.6261078420775783,20.13888888888889,3,0.4,75.0
2020-12-31,051910,,0.1672773638058843,,1.1263355858321051,,0.10919365604970847,62.5,2,0.6,60.0
2020-12-31,056190,,0.0835838997850644,0.0712145053486908,0.3997429470208286,,0.12710795588449403,63.888888888888886,3,0.4,75.0
2020-12-31,058470,,0.3856851198720297,,0.1286860321480342,,0.7621024264189225,85.41666666666666,2,0.6,60.0
2020-12-31,058610,,0.0731754242231434,0.0576347392220235,1.0190706435524657,,-0.0745471146561451,47.22222222222222,3,0.4,75.0
2020-12-31,060370,,-0.1110295231686227,0.615969067089491,0.1998472546298862,,0.5289914357445558,77.77777777777779,3,0.4,75.0
2020-12-31,064350,,,,1.9660079185324053,,-0.25405398917668415,37.5,1,0.8,15.0
2020-12-31,064760,,0.3377720646509268,0.2594386574494957,0.1127805807395927,,1.4330379882592852,97.22222222222221,3,0.4,75.0
2020-12-31,065350,,0.0396760666193783,0.0234655666535729,1.6357670602648262,,-0.4028351902760998,25.694444444444443,3,0.4,75.0
2020-12-31,066570,,0.0566788413338669,,0.640213780136737,,-0.01758564086173752,50.69444444444444,2,0.6,60.0
2020-12-31,066970,,-0.015722075121194,-0.0416506526549697,1.209814707647335,,-0.6810512795362825,18.055555555555554,3,0.4,75.0
2020-12-31,067310,,0.1849467315169775,0.0480156394123486,2.3700757139205013,,-0.1609260938531164,42.36111111111111,3,0.4,75.0
2020-12-31,068270,,0.4469507150962272,0.3203885675493264,0.3827077014329811,,1.636486242001149,98.61111111111111,3,0.4,75.0
2020-12-31,068760,,0.0893232551979364,,0.8229187026309973,,0.011749601965587327,56.25,2,0.6,60.0
2020-12-31,078600,,0.0762179670292603,0.059671357289428,1.3299748306977222,,-0.12450203670040495,44.44444444444444,3,0.4,75.0
2020-12-31,078930,,0.1206461312488135,0.0689951766893166,1.2894292334075927,,0.011169789252721274,55.55555555555556,3,0.4,75.0
2020-12-31,079550,,0.0197759536338495,0.0319920570950274,3.02850649030526,,-0.6977437649758353,17.36111111111111,3,0.4,75.0
2020-12-31,082270,,0.8871320001141986,,0.2017520119172314,,0.8938330376987276,88.88888888888889,2,0.6,60.0
2020-12-31,083650,,0.0451032158565438,0.0127363902961381,3.976389580976706,,-0.7675696509525436,15.277777777777779,3,0.4,75.0
2020-12-31,084370,,0.2471505378073998,0.1579394475558717,0.2072506876944807,,0.8385505625316981,88.19444444444444,3,0.4,75.0
2020-12-31,085660,,0.060840437435977,0.0131097409092697,0.9989518351486666,,-0.26825043396063414,36.11111111111111,3,0.4,75.0
2020-12-31,086280,,0.043998753910193,,1.1129726835677625,,-0.14106688080357985,43.75,2,0.6,60.0
2020-12-31,086450,,0.2010672975909699,0.1422488265923522,0.5293878136734153,,0.6167618561558564,81.25,3,0.4,75.0
2020-12-31,086520,,0.1040260026075873,0.0788563510586838,1.2254776693565193,,0.0284542569704921,57.638888888888886,3,0.4,75.0
2020-12-31,086900,,-0.3196798173393458,-0.0057724982701457,0.8906852890975927,,-1.0908045174035537,10.416666666666668,3,0.4,75.0
2020-12-31,087010,,-4.765821869836314,-4.675197132761852,2.7339565160880106,,-2.012362636414786,0.6944444444444444,3,0.4,75.0
2020-12-31,089030,,0.1985488782602213,0.1855264737746003,1.0071933085464706,,0.6807970166444908,82.63888888888889,3,0.4,75.0
2020-12-31,090430,,0.0514807986912445,,0.2687612886611273,,0.04831898938712023,58.333333333333336,2,0.6,60.0
2020-12-31,095340,,0.1370396039716955,0.0684263002441258,0.3986139310850147,,0.22624810161288367,65.97222222222221,3,0.4,75.0
2020-12-31,096530,,0.6422718435900673,0.4665336078960184,0.7336026892829661,,1.584194760430644,97.91666666666666,3,0.4,75.0
2020-12-31,096770,,-0.0034370458704443,,1.4924321414357915,,-0.31664704045696934,29.86111111111111,2,0.6,60.0
2020-12-31,097230,,0.0945022326120605,,5.19110993041511,,-0.4794830998697317,23.61111111111111,2,0.6,60.0
2020-12-31,098460,,0.0859465250152823,0.0318740321294528,0.1863762824145493,,0.023496909314719386,56.94444444444444,3,0.4,75.0
2020-12-31,101490,,0.0921204396696454,0.086991979025566,0.2379475232812907,,0.23911929799430545,66.66666666666666,3,0.4,75.0
2020-12-31,108490,,-0.1346893283535619,-0.1227460980211566,0.0561211213045814,,-1.0176024922340254,11.805555555555555,3,0.4,75.0
2020-12-31,112040,,-0.4043495271185525,-0.4852956283092852,0.3186619598512806,,-1.5144621062276697,4.861111111111112,3,0.4,75.0
2020-12-31,115180,,,,1.1574072107172195,,-0.08736511883113353,46.52777777777778,1,0.8,15.0
2020-12-31,122870,,0.047529611659639,0.0235483701612603,0.2760735459926038,,-0.10610201103450058,45.83333333333333,3,0.4,75.0
2020-12-31,128940,,-0.1209426271869667,0.3570237516870526,1.4100782079498766,,0.25916304845900334,68.75,3,0.4,75.0
2020-12-31,137400,,0.1408505028676287,0.0996343955788804,3.257429988182681,,-0.23432916379617524,38.19444444444444,3,0.4,75.0
2020-12-31,140410,,-0.7200662082534853,-0.8670240975515757,0.6142291768411838,,-1.575391765372225,2.083333333333333,3,0.4,75.0
2020-12-31,140860,,0.2438093504682695,0.2230578923960288,0.3801209263606442,,1.04839110299384,93.05555555555556,3,0.4,75.0
2020-12-31,141080,,-1.0059782233421015,-0.9735273683063282,0.1774272295368519,,-1.4853472941552428,6.944444444444445,3,0.4,75.0
2020-12-31,145020,,0.3914398442897148,,0.2012011786109485,,0.7599731707931157,84.72222222222221,2,0.6,60.0
2020-12-31,161390,,0.1191578859652821,0.075397908803776,0.4674125714292993,,0.20238045090949003,65.27777777777779,3,0.4,75.0
2020-12-31,161580,,-0.0508383841731084,-0.0379994085235468,2.3616352724082623,,-0.9764167717424058,12.5,3,0.4,75.0
2020-12-31,166090,,0.2547644911220094,0.1793840440054969,0.9357028072698984,,0.7871085816130972,86.11111111111111,3,0.4,75.0
2020-12-31,178320,,-0.0614107177869172,-0.1496944995731793,1.4716265387195342,,-1.2313423957468892,9.722222222222223,3,0.4,75.0
2020-12-31,180640,,1.5529551090009652,,1.5846305066915016,,0.6087597600090374,79.86111111111111,2,0.6,60.0
2020-12-31,183300,,0.2208722416156575,0.1963404868825004,1.098975102669654,,0.7495971670076025,84.02777777777779,3,0.4,75.0
2020-12-31,196170,,0.3049235887224106,0.2743333063677235,0.2590204402408631,,1.370489320196475,96.52777777777779,3,0.4,75.0
2020-12-31,204270,,0.1948415293456238,0.1772528314532267,0.2315968239022294,,0.801012927679184,86.80555555555556,3,0.4,75.0
2020-12-31,207940,,0.2058922427197579,0.2042426987606614,0.3641750341954834,,0.900948788391054,90.27777777777779,3,0.4,75.0
2020-12-31,213420,,0.2742384960682754,0.2386130204057339,0.1335780066867902,,1.221943180722905,93.75,3,0.4,75.0
2020-12-31,214150,,3.8259021002858713,2.846419802616757,0.1188868709566267,,1.707886757673199,99.65277777777779,3,0.4,75.0
2020-12-31,214370,,1.3990081689146432,1.139496442455586,0.0965564131702991,,1.707886757673199,99.65277777777779,3,0.4,75.0
2020-12-31,214450,,0.3254641398717474,0.2484107726255715,0.242181751288137,,1.342656178391062,95.83333333333334,3,0.4,75.0
2020-12-31,218410,,-0.397707189976353,-0.4914602454774862,0.3723508040958366,,-1.5255297848863543,2.7777777777777777,3,0.4,75.0
2020-12-31,222800,,0.0987539899922999,,1.8854287628825013,,-0.18792587008805606,39.58333333333333,2,0.6,60.0
2020-12-31,226950,,-4.733554893409966,-4.619620989265863,0.1104847751250409,,-1.476308002757445,8.680555555555555,3,0.4,75.0
2020-12-31,232140,,0.1305533203047094,0.1069870697798904,0.5223947653622141,,0.3368421137212394,70.83333333333334,3,0.4,75.0
2020-12-31,237690,,-0.3484920781386162,-0.3276458132066485,0.1464358161704944,,-1.4789585739444873,7.638888888888889,3,0.4,75.0
2020-12-31,240810,,0.2723489537287091,,0.4927972771332441,,0.4554417213514732,74.30555555555556,2,0.6,60.0
2020-12-31,241560,,0.1025259618588175,,0.4232104960869032,,0.12124443321045891,63.19444444444444,2,0.6,60.0
2020-12-31,247540,,0.0705727791176106,,,,-0.008321567060032248,52.77777777777778,1,0.8,20.0
2020-12-31,253450,,0.1507396605870572,0.0998272854392805,0.3801216645282579,,0.3798569373055832,71.52777777777779,3,0.4,75.0
2020-12-31,263750,,0.3426707637107509,,0.4358087926478595,,0.6115170663637012,80.55555555555556,2,0.6,60.0
2020-12-31,267250,,0.022077148601568,,,,-0.1078532955137464,45.13888888888889,1,0.8,20.0
2020-12-31,267260,,0.0738959125610626,,2.540655468634912,,-0.3740158374836206,27.77777777777778,2,0.6,60.0
2020-12-31,272210,,0.117702896050116,0.0825464741277684,1.8222030116716004,,-0.05218809782987502,49.30555555555556,3,0.4,75.0
2020-12-31,278470,,0.0827215505076383,0.0573279320789706,0.7743438968075872,,-0.005694504461056451,53.47222222222222,3,0.4,75.0
2020-12-31,281740,,0.1084239768278583,0.0621629812112445,1.3240293524322757,,-0.047522206326132604,50.0,3,0.4,75.0
2020-12-31,290650,,0.2907019772976081,,0.3489603777116538,,0.5227604364710048,77.08333333333334,2,0.6,60.0
2020-12-31,293490,,0.1410546933523709,0.1790635025993308,0.2642078198487765,,0.6909153755415786,83.33333333333334,3,0.4,75.0
2020-12-31,298040,,0.032525442994354,0.0254328048752867,3.2220528868337897,,-0.7368926211505725,16.666666666666664,3,0.4,75.0
2020-12-31,298380,,-17.997554621198603,-14.549460771821536,0.098154851319212,,-1.476308002757445,8.680555555555555,3,0.4,75.0
2020-12-31,307950,,0.0563061936764289,0.0379997256015375,0.957550626960088,,-0.17257300647003374,40.97222222222222,3,0.4,75.0
2020-12-31,319660,,0.1703159593948794,0.1103448059021469,0.2483058418661975,,0.48796363879185106,75.0,3,0.4,75.0
2020-12-31,326030,,-16.068046301644586,-16.077829687656155,0.2665984307138963,,-1.5037294779053894,6.25,3,0.4,75.0
2020-12-31,336370,,0.1011914183927683,-0.0315625509242314,2.498178710642369,,-0.6675978862147143,18.75,3,0.4,75.0
2020-12-31,357780,,0.2353916578398284,,0.4069776833906853,,0.3972823706218017,72.91666666666666,2,0.6,60.0
2020-12-31,950160,,-20.48052481229425,,0.4359705986827478,,-0.7386446777980384,15.972222222222221,2,0.6,60.0
2021-12-31,000100,,0.0144323582412572,0.4153502368134,0.2867331962854783,0.0241848644985849,0.6212224904818424,71.71052631578947,4,0.19999999999999996,75.0
2021-12-31,000150,-0.0002488314331768,0.0684777807463026,-0.0004777766579651,2.3840210601319063,-0.0001954271393787,-1.3225479208880675,12.5,5,0.0,100.0
2021-12-31,000250,-0.0083615173850883,-0.2091852934096647,-0.0492642876411435,0.3658009194627858,-0.03937491579281,-1.7822836562762403,9.868421052631579,5,0.0,100.0
2021-12-31,000270,,0.0747492136716529,,0.9091341336518765,0.0995285857583826,0.10328435273773248,57.89473684210527,3,0.4,75.0
2021-12-31,000660,,0.353384710152809,,0.4182037585775739,0.1838700855189011,0.9828687671344095,78.28947368421053,3,0.4,75.0
2021-12-31,000720,0.0164191465341464,0.050635485534294,0.0340939275928848,1.0316246704323455,0.0333108276986077,-0.5396877459095664,28.289473684210524,5,0.0,100.0
2021-12-31,000880,0.0255171973272433,0.0427206844933305,0.0384394707632754,8.477863667836049,0.0183932968191431,-0.7991634985911233,20.394736842105264,5,0.0,100.0
2021-12-31,001040,0.0101235078397048,0.0562041894920189,0.0181161727993789,1.5019066270420651,0.0468285304859116,-0.7545631567228538,21.710526315789476,5,0.0,100.0
2021-12-31,003230,0.0406884314030986,0.0939724811031868,0.0911343403922055,0.7123416224393694,0.0658326493854221,0.32907298953980946,67.76315789473685,5,0.0,100.0
2021-12-31,003380,,0.0859820716584204,,1.7403639708728442,0.0419557561984676,-0.23639676121301673,36.18421052631579,3,0.4,75.0
2021-12-31,003490,,0.4471673505933666,-0.8885773301614159,0.7552333199545582,0.0899466761006753,-0.007329475876057118,46.05263157894737,4,0.19999999999999996,75.0
2021-12-31,003550,,0.6167845617073552,,0.1386894434343369,0.0338613599828755,0.7868972435274831,74.3421052631579,3,0.4,75.0
2021-12-31,003670,0.02389732851152,0.0623253584790775,0.0809567402105293,0.5622340470126582,0.0195485828202489,-0.20114496899282092,38.15789473684211,5,0.0,100.0
2021-12-31,005290,0.0634172305224351,0.1839323705397424,0.1631341591873837,1.1228517479047475,0.0630065847996243,1.0162018080518165,78.94736842105263,5,0.0,100.0
2021-12-31,005380,,0.0556573511408441,,1.8077503050487125,-0.0154556317903118,-0.48372189228123896,29.605263157894733,3,0.4,75.0
2021-12-31,005490,,0.1510268090946049,0.2700780848510233,0.7177350535469961,0.0442223504739091,0.5149216720346058,71.05263157894737,4,0.19999999999999996,75.0
2021-12-31,005930,0.042915976672644,0.213810554582061,0.1661728318263351,0.3829770081771936,0.1131275805305115,0.9801964496252346,77.63157894736842,5,0.0,100.0
2021-12-31,006260,0.0132925934417698,0.0548308075322345,0.0220455197359768,1.7363135284052529,-0.0220572296157727,-0.9478309149201978,17.105263157894736,5,0.0,100.0
2021-12-31,006400,,0.1085782457284161,,0.6485358777520467,0.0704013349066857,0.1332714197432026,59.210526315789465,3,0.4,75.0
2021-12-31,006730,-0.0106978594957497,0.0412173196536689,-0.2812497036812025,2.1577452776043646,0.006022353635196,-2.110744823712651,7.894736842105263,5,0.0,100.0
2021-12-31,007390,0.073817341177832,-0.7398831714045598,1.1523520088526245,0.1313069184096068,-0.0867940866013468,0.6486042917789872,72.36842105263158,5,0.0,100.0
2021-12-31,007660,-0.0569407824413822,0.132049366491758,-0.0301278901017672,6.150188285046678,0.0152518234270704,-1.7412403261681575,10.526315789473683,5,0.0,100.0
2021-12-31,009150,,0.170278394755741,,0.4700903220238548,,0.19851819673943913,62.5,2,0.6,60.0
2021-12-31,009540,,0.0398475777539526,,0.5184829850654674,,-0.05203864923639936,44.07894736842105,2,0.6,60.0
2021-12-31,009830,0.11135816707737,0.0691274725819726,0.3112527204352363,1.1401758019250026,0.0235216804796727,1.2994014066733435,84.21052631578947,5,0.0,100.0
2021-12-31,010120,,0.0893562403840149,,0.9043019960202114,0.0623973948362545,0.01693078686154577,49.34210526315789,3,0.4,75.0
2021-12-31,010130,,0.5137016307889144,,0.2305420917396355,0.0793671028706217,0.9067195712920978,75.6578947368421,3,0.4,75.0
2021-12-31,010140,,-0.0741944979750808,,3.182571123647381,0.0589825311935682,-0.715323338129133,22.36842105263158,3,0.4,75.0
2021-12-31,010620,,0.0553104841599084,,,,-0.06173810482292812,43.42105263157895,1,0.8,20.0
2021-12-31,010950,,0.07719773854438,,1.7234599068892016,0.0140062680113022,-0.3348532260512548,32.89473684210527,3,0.4,75.0
2021-12-31,011070,,0.0883987693368998,,1.6720154900312003,0.0879087210495016,-0.07545673001801084,42.10526315789473,3,0.4,75.0
2021-12-31,011200,0.4883477355373761,0.5653777138061046,0.5726148620604572,0.9984782384999058,0.3881165974338811,2.858518179343249,99.3421052631579,5,0.0,100.0
2021-12-31,012330,,0.0458061099771869,,0.4319036317540428,0.0439267848600316,-0.015937302867919674,45.39473684210527,3,0.4,75.0
2021-12-31,012450,0.0172207009822018,0.0793266722331433,0.0447333853607067,1.8348971175452893,0.0099342083808119,-0.6958748599871403,23.684210526315788,5,0.0,100.0
2021-12-31,015760,-0.0147661508900017,-0.0568994374330702,-0.0623175405454149,2.008260489423477,0.0330294154945643,-1.8000046770277836,9.210526315789473,5,0.0,100.0
2021-12-31,017670,0.0285985284363946,0.0805172263852854,0.1482658466156792,0.90103830510067,0.0748972059849753,0.17342338020237386,61.18421052631579,5,0.0,100.0
2021-12-31,018260,,0.065656794974705,0.0542251505388096,0.3806462664623855,0.1002278219633388,0.12277196224960386,58.55263157894737,4,0.19999999999999996,75.0
2021-12-31,018880,,,,2.358333576402215,0.0294987010698087,-0.40556641500148505,31.57894736842105,2,0.6,35.0
2021-12-31,021240,0.084387563911337,0.1753819948084991,0.1461234489508879,1.0439859319265063,0.079187097033104,1.3187881818229479,84.86842105263158,5,0.0,100.0
2021-12-31,028050,0.0292296519683405,0.0795805025603815,0.0560757713347983,1.9777777862867671,0.0932409736242495,-0.2020625604465316,37.5,5,0.0,100.0
2021-12-31,028260,0.012570354476467,0.0169832740115783,0.0451768730289739,0.6532933502656165,0.0217675615722552,-0.6069315698620207,25.657894736842106,5,0.0,100.0
2021-12-31,028300,0.0129720597265655,-2.4839897638311284,0.68715541062256,0.2406351769717807,-0.0661874714784454,-0.5437856177738888,27.631578947368425,5,0.0,100.0
2021-12-31,030200,0.021272627746398,0.0615043437897172,0.0543228645111399,1.2258863899617618,0.1161136797866141,-0.16424101318597675,39.473684210526315,5,0.0,100.0
2021-12-31,030530,,0.1032947202417208,,0.2777986381805458,0.0203376018205809,0.051147819867902566,53.289473684210535,3,0.4,75.0
2021-12-31,031980,0.0321686809260912,0.3284652007338001,0.3468452710645878,0.2135410746299665,0.0720246408475098,1.2875899576618803,83.55263157894737,5,0.0,100.0
2021-12-31,032640,,0.0795815182945556,,1.3639226202497496,0.1264479067200578,0.0948244702307332,57.23684210526315,3,0.4,75.0
2021-12-31,033780,0.0395511793089409,0.2702672706085719,0.2292574175227498,0.2678455088618988,0.1026035514228702,1.1496970879223591,81.57894736842105,5,0.0,100.0
2021-12-31,034020,,0.0702480873969839,,1.9873424810911475,0.0134225355534233,-0.4075719319149211,30.92105263157895,3,0.4,75.0
2021-12-31,034220,0.03460537020511,0.1233360764669682,0.1080782215166303,1.5737145673684612,0.1019963027534447,0.21927958767755026,63.81578947368421,5,0.0,100.0
2021-12-31,034730,,0.0609126604969844,,1.584425197959608,0.0214897319270166,-0.3111397503354844,33.55263157894737,3,0.4,75.0
2021-12-31,035420,0.020414362582249,0.2025016525481901,0.1868433873335079,0.3616918451438825,0.0359283309781478,0.31710165118406447,67.10526315789474,5,0.0,100.0
2021-12-31,035720,0.0942889649931831,0.0966088759289859,0.4976386154550057,0.6717976330759783,0.0519049557470897,1.8492025789464483,90.13157894736842,5,0.0,100.0
2021-12-31,035760,,0.1210278542891234,,0.6570775290236449,0.0943540554110138,0.22801024321588573,65.13157894736842,3,0.4,75.0
2021-12-31,035900,0.083520401475377,0.3183147297150405,0.2899372963999252,0.2582337076207012,0.1481461683464429,2.288032416172859,96.71052631578947,5,0.0,100.0
2021-12-31,036830,,0.1268456028090339,,0.3497876756323945,-0.0030190549270752,0.006714528666354608,47.368421052631575,3,0.4,75.0
2021-12-31,036930,0.1038541625098588,0.2690828162646942,0.2981348988885298,1.1540038034516051,0.1164269412733079,1.9207920142204422,92.10526315789474,5,0.0,100.0
2021-12-31,039030,0.0530354137845664,0.2169839423144899,0.2201447697362646,0.1555560302559429,-0.034348197742675,0.9075492356383126,76.31578947368422,5,0.0,100.0
2021-12-31,039200,-0.1648606717512988,-8.211444407352236,-8.100712120741658,0.5999307672192955,-0.0175746288787181,-2.763030874094955,5.921052631578947,5,0.0,100.0
2021-12-31,041510,,0.0911558016989226,,0.6552771685527388,0.0604347716405644,0.06906636698016017,55.26315789473685,3,0.4,75.0
2021-12-31,042660,,-0.0197676308788263,,2.9731338841798,0.0440528541256772,-0.6611700620365456,24.342105263157894,3,0.4,75.0
2021-12-31,042700,0.0942877036781758,0.3373007878817933,0.2909356755753348,0.2922649093137273,0.0213168375384525,1.9273215255961773,92.76315789473685,5,0.0,100.0
2021-12-31,047050,0.0208207388434124,0.0162280985797926,0.0075347713146819,2.354969663589084,-0.1246666572183684,-1.3509435792516804,11.842105263157894,5,0.0,100.0
2021-12-31,047810,,0.0063469727142455,0.0240567261272097,3.324026705916354,0.0079619189486275,-0.8739368027075411,17.763157894736842,4,0.19999999999999996,75.0
2021-12-31,051910,,0.1129357130389491,,1.1968724607114127,0.079180371085528,0.047494168631917105,51.973684210526315,3,0.4,75.0
2021-12-31,056190,0.0254074241755311,0.1279469220313523,0.0837079748479012,0.3556405888645263,0.0226562591935168,0.011342503745205998,48.68421052631579,5,0.0,100.0
2021-12-31,058470,0.0793683037252815,0.4167894845089893,0.3752280450982996,0.1711439087314684,0.2072854806841602,2.7880095312421247,98.68421052631578,5,0.0,100.0
2021-12-31,058610,0.0515071767678917,0.0689704039461908,0.0765313994214127,0.897809305941522,-0.0577886259629403,0.048153987454034874,52.63157894736842,5,0.0,100.0
2021-12-31,060370,-0.0059206253388326,-0.1492688578931111,-0.0736606902458269,0.1208723037030247,0.0606753370680211,-1.3169356441941764,13.157894736842104,5,0.0,100.0
2021-12-31,064350,0.0046048179179454,,0.0087721241030822,2.105327290172035,-0.0682092196231831,-1.3140598870427995,13.815789473684212,4,0.19999999999999996,80.0
2021-12-31,064760,0.0733539498092641,0.3876284572011436,0.3066547432390374,0.101665726433272,0.1285420633609453,2.3330913087955993,97.36842105263158,5,0.0,100.0
2021-12-31,065350,0.0404032629010875,0.0664623874256524,0.0383008013315943,1.5797069582266412,-0.0158891482086757,-0.2878504496304879,34.868421052631575,5,0.0,100.0
2021-12-31,066570,0.0136313760411294,0.0287810211623136,0.0252871573544427,1.686996543335564,0.0430113838498313,-0.7705124574304005,21.052631578947366,5,0.0,100.0
2021-12-31,066970,0.1351156223720696,0.0561616804729373,0.2615711458627541,0.7952854942869938,-0.1365883658402708,0.7517180970876791,73.68421052631578,5,0.0,100.0
2021-12-31,067310,0.0639097884391852,0.4778209426640875,0.2882413299691385,1.8032646203571887,0.1041596906827989,1.797323514527679,88.81578947368422,5,0.0,100.0
2021-12-31,068270,0.0384911711396197,0.4089599073911974,0.3502433762637588,0.4041180177362332,0.1067971018879065,1.636249552406352,86.18421052631578,5,0.0,100.0
2021-12-31,068760,,0.1430690025324133,,0.8316749064660456,0.1146989338759556,0.2926996777741476,66.44736842105263,3,0.4,75.0
2021-12-31,078600,0.0465822724917408,0.0926939219652186,0.0841437526600364,1.3436070415420354,0.0311691134093098,0.18465836238617434,61.8421052631579,5,0.0,100.0
2021-12-31,078930,0.0437111296911481,0.1155164477872119,0.0949881338282196,1.3135122017716472,0.0377576339241496,0.21962596638222928,64.47368421052632,5,0.0,100.0
2021-12-31,079550,0.0582149798770928,0.0773239891647101,0.088652977899866,2.7787384182596058,-0.0968103532370179,-0.3081553451745118,34.21052631578947,5,0.0,100.0
2021-12-31,082270,0.0251481995014935,-0.1613342309946667,0.7014400621944282,0.1074618940945138,-0.0318746010325469,0.1727811033399083,60.526315789473685,5,0.0,100.0
2021-12-31,083650,-0.1449374755557879,-0.1483460727490362,-0.2073931197707193,3.9491808597696494,-0.0545426389599294,-2.8674256923917523,5.263157894736842,5,0.0,100.0
2021-12-31,084370,,0.2893958593467962,0.1579394475558717,0.2200360567796316,0.1732645753197002,1.0259540105209584,80.26315789473685,4,0.19999999999999996,75.0
2021-12-31,085660,0.009771787249996,0.0027676996633759,0.0369259067104921,0.90766970071389,-0.0087964722510652,-0.8582634372524305,18.421052631578945,5,0.0,100.0
2021-12-31,086280,,0.0582856234303356,,1.152309738255071,,-0.15777437371815348,40.78947368421053,2,0.6,60.0
2021-12-31,086450,0.0188133026208708,0.0929833958167398,0.0675269390457637,0.5457125469698031,0.0454332521185147,-0.1943418887566125,38.81578947368421,5,0.0,100.0
2021-12-31,086520,,0.1129029101631328,0.0788563510586838,1.7097022729044469,-0.0821284758008073,-0.5894436830292445,26.31578947368421,4,0.19999999999999996,75.0
2021-12-31,086900,0.0612255362190496,0.4853353315893031,0.2914443773263326,0.4204655166860952,0.0168128066964646,1.7859585429695324,88.1578947368421,5,0.0,100.0
2021-12-31,087010,-0.1056898686256306,-5.292787566929987,-5.152541637340986,0.2071290687736578,-0.1303201929333648,-3.0235005556471473,1.9736842105263157,5,0.0,100.0
2021-12-31,089030,0.0083428330404997,0.1629164062343006,0.0273880309540795,1.1965655040469934,0.0041453544321745,-0.6377435508510078,25.0,5,0.0,100.0
2021-12-31,090430,,0.0453942964610802,,0.2644271038779955,0.0629400634649018,0.07872451818637169,56.57894736842105,3,0.4,75.0
2021-12-31,095340,0.0361785916191583,0.2363853815370289,0.1748472208795141,0.1938469471321158,0.0990570929848401,0.9030526760445423,75.0,5,0.0,100.0
2021-12-31,096530,0.1339677563347281,0.421240913633582,0.3053522353611663,0.3629951579425602,0.2150098528647938,2.5979661065792428,98.02631578947368,5,0.0,100.0
2021-12-31,096770,,0.050283783665327,,0.6053587565542217,-0.0217062190951613,-0.24792666079181286,35.526315789473685,3,0.4,75.0
2021-12-31,097230,,0.0172301547594874,,6.878550414446758,-0.0720775824329932,-0.9505537655453811,16.447368421052634,3,0.4,75.0
2021-12-31,098460,0.0471176043774056,0.1674381640655208,0.1992171752441534,0.3111418806354703,0.0691633825438417,0.9342281729938596,76.97368421052632,5,0.0,100.0
2021-12-31,101490,0.0139285607808003,0.0883078955500244,0.0971759263366916,0.1541247914123412,0.0973743867129784,0.010493351912932436,48.026315789473685,5,0.0,100.0
2021-12-31,108490,0.0092452551522559,0.0012264597823755,0.1031455490663275,0.1644072783922872,0.0173452900024941,-0.4797367805525838,30.263157894736842,5,0.0,100.0
2021-12-31,112040,0.0658283027732558,0.274944835108258,0.2820385093224661,0.6941266360172206,0.1026299714182582,1.714210310389644,86.8421052631579,5,0.0,100.0
2021-12-31,115180,-0.2424115554306294,-3.8253597716854246,-3.803613370207806,0.137799146343143,-0.6967093289660969,-3.0236594275746365,1.3157894736842104,5,0.0,100.0
2021-12-31,122870,0.0012318580959575,0.2015987068550315,0.0065418095679241,0.287639652826588,-0.0047597957385591,-0.5842266115366062,26.973684210526315,5,0.0,100.0
2021-12-31,128940,0.1407322225462103,0.121686707219232,0.3981102372867974,1.1484224645606782,0.0743620929314958,1.7445968741318287,87.5,5,0.0,100.0
2021-12-31,137400,0.1038087548356871,0.2357680979039608,0.2270490609762525,1.9588540122978868,0.0060800197610204,1.1838964386934678,82.23684210526315,5,0.0,100.0
2021-12-31,140410,-0.0420966235904445,-0.5178973911030068,-0.2268004645054546,0.4376532319561044,-0.1814091430703156,-2.9993474233279134,3.9473684210526314,5,0.0,100.0
2021-12-31,140860,0.1695974956885506,0.2211832640814301,0.4308310179194172,0.9020965351729364,0.012996850260155,1.8660266463839523,91.44736842105263,5,0.0,100.0
2021-12-31,141080,-0.0501704257156627,-2.161566013173545,-1.993750051746236,0.1255998496451239,-0.1541364541811547,-3.0216468380399037,2.9605263157894735,5,0.0,100.0
2021-12-31,145020,0.0261098953172422,0.3827525369364495,0.379012434808919,0.1975427078108306,0.0668954127132174,1.3243205527679442,85.52631578947368,5,0.0,100.0
2021-12-31,161390,0.0238409623827831,0.0988400441163711,0.1014143091761768,0.4491160896846489,0.0527653390504837,0.03769320519336066,50.6578947368421,5,0.0,100.0
2021-12-31,161580,-0.0184861033932046,-0.0286063410566432,-0.0227245650625249,1.6846263239482178,-0.2391341589780147,-2.1817957997536834,7.236842105263158,5,0.0,100.0
2021-12-31,166090,0.0854235504422384,0.3087556156034385,0.2379985734803051,0.7518863248364372,0.1872887981333131,2.1550634909223776,96.05263157894737,5,0.0,100.0
2021-12-31,178320,0.064897689661562,0.1442196018886143,0.1152700808379984,1.825039467923398,-0.0450064222885755,0.37914135709643854,68.42105263157895,5,0.0,100.0
2021-12-31,180640,,1.8057446680288929,,1.2804522053040288,-0.0151097509476584,0.38461272474935093,69.07894736842105,3,0.4,75.0
2021-12-31,183300,0.0594882594572288,0.2248285573423638,0.16274627297127,0.7343830052318749,0.1189988938840805,1.2689430847069088,82.89473684210526,5,0.0,100.0
2021-12-31,195940,,0.0905034350772607,0.0438809541534298,,0.0063960064671897,-0.21192540925910638,36.84210526315789,3,0.4,60.00000000000001
2021-12-31,196170,-0.0629747023518688,-1.5745603659525431,-1.2479025391640084,0.452239846335972,-0.1003485640911769,-2.985256467921594,4.605263157894736,5,0.0,100.0
2021-12-31,204270,-0.0174895459909843,-0.1872755405199023,-0.1467044238641196,0.5483342533621626,0.0703668203244068,-1.8467023740618074,8.552631578947368,5,0.0,100.0
2021-12-31,207940,0.0280015949675608,0.3714185531128642,0.2923537398255701,0.5457494406200659,0.0495396744885444,1.018212261243092,79.60526315789474,5,0.0,100.0
2021-12-31,213420,0.077713273593705,0.2771853076153923,0.2744367457572267,0.142973410530736,0.1162360585998687,2.1049685818671198,94.73684210526315,5,0.0,100.0
2021-12-31,214150,0.094652589151745,3.577124955344437,3.3610012132149336,0.1272416692110944,0.1958803727502007,3.05015988948019,100.0,5,0.0,100.0
2021-12-31,214370,0.0327303367726982,0.7799837448953388,0.8448151582178297,0.0689835861589597,0.1892519198856069,2.139844507738231,95.39473684210526,5,0.0,100.0
2021-12-31,214450,0.0478801843179748,0.3527271699861787,0.3433070787699792,0.1721473200985592,0.1408924815248418,1.8634584698963277,90.78947368421053,5,0.0,100.0
2021-12-31,218410,0.0001206541838714,-0.0071164190690323,0.0016413059807004,0.4703834742217287,0.0573196944203605,-0.8507300106894022,19.078947368421055,5,0.0,100.0
2021-12-31,222800,,0.1377024821779888,,1.3438825958202154,0.0846383922692432,0.07745537269081033,55.92105263157895,3,0.4,75.0
2021-12-31,226950,-0.3282746195099457,-9.676652885640149,-11.665335304508693,1.5177236992029215,-0.3630367677055228,-3.3276913040786544,0.6578947368421052,5,0.0,100.0
2021-12-31,232140,0.0736098178058906,0.2155896561585452,0.2252520656461178,0.233906342156083,0.1828138879133504,1.9840130758917829,93.42105263157895,5,0.0,100.0
2021-12-31,237690,0.025652435173653,0.1679250774149503,0.1671223451887877,0.5830422430924415,0.0152784294320119,0.20320088926111912,63.1578947368421,5,0.0,100.0
2021-12-31,240810,,0.1743031218743553,,0.4927972771332441,0.1133173537495049,0.4205579162366915,69.73684210526315,3,0.4,75.0
2021-12-31,241560,,0.0838359032863192,,0.5057476619610415,0.0301070058854713,-0.004795914405221709,46.71052631578947,3,0.4,75.0
2021-12-31,247540,,0.0997110886607813,,,-0.0770375511986145,-0.34631766357518967,32.23684210526316,2,0.6,40.0
2021-12-31,253450,0.0257501080286736,0.1255209658387956,0.1275725869179804,0.2273277225027913,-0.0445349416468954,-0.06681132863604616,42.76315789473684,5,0.0,100.0
2021-12-31,257720,0.028776166918401,0.0630139337555374,0.0781485030545003,0.168088973320718,0.0438551740165604,0.05427072903803431,54.60526315789473,5,0.0,100.0
2021-12-31,259960,,0.3741608058695059,,0.1734895568427103,0.0741886231662627,0.7380651210902,73.02631578947368,3,0.4,75.0
2021-12-31,263750,,0.1060591309027647,,0.7173624775228985,0.0447603874226196,0.034554979619299445,50.0,3,0.4,75.0
2021-12-31,267250,,0.0414625583260407,,,,-0.08720788673590786,41.44736842105263,1,0.8,20.0
2021-12-31,267260,,0.0188577674672332,,2.540655468634912,,-0.5361792856002323,28.947368421052634,2,0.6,60.0
2021-12-31,272210,,0.0763861786941603,0.0825464741277684,0.7540766750094318,0.008595165386046,-0.1585889838963406,40.131578947368425,4,0.19999999999999996,75.0
2021-12-31,277810,-7.027163185913934e-05,-0.0648388455169178,-0.0011905402968621,0.0832423145092004,-0.0754905453882351,-1.3005620583636897,14.473684210526317,5,0.0,100.0
2021-12-31,278470,0.0370737388230158,0.0511760562672442,0.0344401019019732,0.9584993283992757,0.0821775146270247,0.04671757603505214,51.31578947368421,5,0.0,100.0
2021-12-31,281740,0.1312453664829085,0.2743045387830239,0.2750541044146706,1.2616829057941232,0.1002969047198632,1.8055100974533043,89.47368421052632,5,0.0,100.0
2021-12-31,290650,0.0338876389665084,0.2676118855335972,0.1926140810729066,0.161977660239542,0.1262827011893709,1.044581989657646,80.92105263157895,5,0.0,100.0
2021-12-31,293490,0.0360890740492994,0.0916923181702747,0.0950783140003953,0.7114047427673476,0.0655613605308921,0.2399460378059014,65.78947368421053,5,0.0,100.0
2021-12-31,298040,,0.0320589774795465,0.0254328048752867,2.834236706880028,0.0095328539257069,-0.8187395540470211,19.736842105263158,4,0.19999999999999996,75.0
2021-12-31,298380,-0.1156618889724645,-19.98646491057905,-17.53257593142422,0.0816530893807274,-0.3006446941024849,-3.0216468380399037,2.9605263157894735,5,0.0,100.0
2021-12-31,307950,,0.044758486900406,0.0379997256015375,0.6216650695184404,0.1193811402446066,0.053968560265961696,53.94736842105263,4,0.19999999999999996,75.0
2021-12-31,319400,0.0244406699804176,0.0558943047464753,0.0462731939228392,0.664408475347401,0.1110230286046365,-0.02035405739883689,44.73684210526316,5,0.0,100.0
2021-12-31,319660,0.0819979454107473,0.2359483111610386,0.2003745382651045,0.2882838833935887,0.2102360398042779,2.0393200275413017,94.07894736842105,5,0.0,100.0
2021-12-31,326030,-0.1055621894094602,-2.0850341092867657,-1.848561540785382,0.3212902290251443,-0.0365076771464258,-2.759912443518572,6.578947368421052,5,0.0,100.0
2021-12-31,329180,5.5678421636783294e-06,0.0393216901643729,1.803748679314475e-05,1.4412651010124276,,-1.0324689868662789,15.789473684210526,4,0.19999999999999996,80.0
2021-12-31,336370,0.0021106429459648,0.035962893707154,0.0069026978050446,0.7861011615179018,-0.032074548335644,-1.0641710401639082,15.131578947368421,5,0.0,100.0
2021-12-31,352820,,0.1924628616393366,,0.689051418664315,0.0297345649480666,0.1534633790392132,59.86842105263158,3,0.4,75.0
2021-12-31,357780,,0.1832649545812169,,0.2069911805029518,0.0970385185537897,0.4499074036872034,70.39473684210526,3,0.4,75.0
2021-12-31,373220,,-0.1398837210611382,,1.5603828076187642,0.0088252710260488,-0.714136414571326,23.026315789473685,3,0.4,75.0
2021-12-31,950160,,-13.1909676941249,,0.9411286288167128,-0.5277199872306086,-1.4006529954485312,11.18421052631579,3,0.4,75.0
2022-12-31,000100,,-0.0105148175336195,,0.247035344038468,0.0294103883980475,-0.08172125366214618,48.125,3,0.4,75.0
2022-12-31,000150,0.0086953289917339,0.0776234919699769,0.0190928023539986,1.5246207857640577,0.0150545100375635,-0.7663122282283942,21.875,5,0.0,100.0
2022-12-31,000250,0.0155719273525656,0.0854684146697244,0.0894979220550234,0.4897999794288508,0.0110822863042994,-0.20745336581077584,41.25,5,0.0,100.0
2022-12-31,000270,,0.0331682788720388,,0.9259388620877044,0.1232468736967873,0.10928375158850315,57.49999999999999,3,0.4,75.0
2022-12-31,000660,,0.1507400197197766,,0.5940151552345084,0.1410235792629414,0.49457069284255084,71.25,3,0.4,75.0
2022-12-31,000720,0.0554304391860786,0.0283024148732683,0.0997684706097247,1.0484775709454168,-0.0022660898331654,0.22253874265194118,65.0,5,0.0,100.0
2022-12-31,000880,0.0479041892679867,0.0547087478371776,0.0507614559817402,12.8410246965747,-0.002618074048322,-0.42356312920886,33.125,5,0.0,100.0
2022-12-31,001040,0.0139640726651219,0.0587656482969648,0.0224934785342492,1.640591095902915,0.0487240466716346,-0.6412108392353755,26.25,5,0.0,100.0
2022-12-31,003230,0.0754896614483297,0.0913852922265246,0.1476052696725097,0.9312762087396306,0.0746161332540174,1.0768108554061824,81.25,5,0.0,100.0
2022-12-31,003380,,0.0703631446771918,,1.8307975002964183,0.0836009816214166,-0.1362337276848747,44.375,3,0.4,75.0
2022-12-31,003490,,0.6291295949799147,,0.7205168441411771,0.1547528582068982,1.0564434559963853,80.625,3,0.4,75.0
2022-12-31,003550,,0.5902832675335393,,0.0935980472569508,0.013133477761434,0.8045605196925959,78.75,3,0.4,75.0
2022-12-31,003670,0.0255658263203913,0.0776609565114744,0.0623072315726193,0.7948660578618121,-0.0343770657667268,-0.3187573239483412,37.5,5,0.0,100.0
2022-12-31,005290,0.0863905740691009,0.2711903948667301,0.2334181901833113,0.9971827354866032,0.10138212910802,1.9285491943742827,90.625,5,0.0,100.0
2022-12-31,005380,,0.0411563667653067,,1.882228582735639,0.0284650434180937,-0.3643584697231228,34.375,3,0.4,75.0
2022-12-31,005490,,0.0434676149400253,0.2031462412181363,,0.0309445191794701,0.22534401717284966,66.25,3,0.4,60.00000000000001
2022-12-31,005930,0.0292647435612014,0.1413363838874064,0.1222843522048488,0.3634938123836662,0.098940590865375,0.5126542518175594,71.875,5,0.0,100.0
2022-12-31,006260,0.0294373550173704,0.04945698943357,0.0408367226745193,2.175921467734266,-0.0022072108901352,-0.6113985575869191,28.125,5,0.0,100.0
2022-12-31,006400,,0.1054181133458672,,0.7961365664539337,0.0720562232814477,0.1569458301058131,60.0,3,0.4,75.0
2022-12-31,006730,-0.0027518929697579,0.1838831869665018,-0.0536864077258294,1.594133848528051,0.0124807194093777,-0.9487213402433684,19.375,5,0.0,100.0
2022-12-31,007390,-0.0744048506117495,-0.6123017310692795,-0.7843782898113483,0.7137401471451861,-0.2437284795708243,-3.228366646140526,1.875,5,0.0,100.0
2022-12-31,007660,0.2389535805698271,0.2010610219589875,0.1885286153218592,1.758681352764876,0.0320424853688818,1.284380724051447,82.5,5,0.0,100.0
2022-12-31,009150,,0.1304520158936595,,0.4300019192225034,,0.16981058593558995,61.875,2,0.6,60.0
2022-12-31,009540,,0.0442584196047945,,1.6464382131903,,-0.31045013927222287,38.125,2,0.6,60.0
2022-12-31,009830,0.11135816707737,0.1035082169072147,0.3112527204352363,1.4770170471154995,-0.008674026215653,1.346835969934578,83.125,5,0.0,100.0
2022-12-31,010120,0.0092238314497207,0.0978960180994315,0.0222097947271669,1.0566528619082378,-0.0345285874873287,-0.7290085148228757,23.125,5,0.0,100.0
2022-12-31,010130,,0.2137905357653196,,0.3525495370658452,0.0996795402637609,0.5761348134558213,73.125,3,0.4,75.0
2022-12-31,010140,,-0.1199309452992556,,2.753895078644892,-0.1002646610719786,-1.280205437852872,15.625,3,0.4,75.0
2022-12-31,010620,,0.015945644587381,,0.540903071866334,0.0333401187965964,-0.08373614276709514,47.5,3,0.4,75.0
2022-12-31,010950,,0.0460019518791219,,1.5494815908268853,0.0078473711694797,-0.330714651657561,36.875,3,0.4,75.0
2022-12-31,011070,,0.0825632650329058,,1.5865183152960654,0.0712803430161686,-0.08491273976290101,46.875,3,0.4,75.0
2022-12-31,011200,0.1758178345256176,0.5093803984267855,0.5102225064935345,0.3685115687320829,0.411213481809873,2.942147749982256,99.375,5,0.0,100.0
2022-12-31,012330,,0.0433196655838969,,0.4727977580101137,0.0247281842420996,-0.031396252021832265,50.0,3,0.4,75.0
2022-12-31,012450,0.0216606577848759,0.0571839472911941,0.0775362992039271,1.853656412447988,-0.0166323223136652,-0.597606417399711,28.749999999999996,5,0.0,100.0
2022-12-31,015760,-0.0986980605266758,-0.3808707326440485,-0.2975889090544773,3.525967667351112,-0.0627691361637964,-3.3642554628638526,0.625,5,0.0,100.0
2022-12-31,017670,0.0285985284363946,0.1071892899809759,0.1482658466156792,1.4826796646300358,0.092194022766359,0.20676235723654704,63.74999999999999,5,0.0,100.0
2022-12-31,018260,,0.0440713613556315,,0.4579637623966354,0.1153869423034115,0.22380747249464716,65.625,3,0.4,75.0
2022-12-31,018880,,,,2.5302990300162542,0.000605697238106,-0.5024179231862287,30.0,2,0.6,35.0
2022-12-31,021240,0.0563414525492739,0.1702069736404073,0.1175057780754348,1.002810686532584,0.0119028304166724,0.6444268286887158,75.0,5,0.0,100.0
2022-12-31,028050,0.0732589541228616,0.0653139066711963,0.0659881349496975,1.6476724372963971,-0.0425581558965527,0.27283582165687714,67.5,5,0.0,100.0
2022-12-31,028260,0.0188883224219655,0.0707910819656187,0.0530258391564198,0.8992402019973335,0.0241545822007058,-0.33870353708811113,36.25,5,0.0,100.0
2022-12-31,028300,-0.0684720948652969,-1.528207128924521,-1.552522120014144,0.5507653336027938,-0.0660890714563248,-2.810849260121801,5.0,5,0.0,100.0
2022-12-31,030200,0.019186484245276,0.0699193988267463,0.0503612594390694,1.2703217096623924,0.0839058136635002,-0.2666876902032892,39.375,5,0.0,100.0
2022-12-31,030530,,0.1262969278692101,,0.2777986381805458,-0.0284244072036499,0.049922806600888936,54.37499999999999,3,0.4,75.0
2022-12-31,031980,0.0492770563670517,0.1818930238188755,0.8549106149593123,0.2291549098111907,0.0410756188600539,1.537186133890869,86.25,5,0.0,100.0
2022-12-31,032640,,0.0814210779616382,,1.3639226202497496,0.1436657093696191,0.165672502069838,60.62499999999999,3,0.4,75.0
2022-12-31,033780,0.04821400250861,0.249669031802918,0.2850800948326116,0.2906107290461454,0.060905894767976,1.4183480644665336,83.75,5,0.0,100.0
2022-12-31,034020,,0.0794301398550556,,1.280619443801693,0.0222897719312971,-0.1533681896552299,43.125,3,0.4,75.0
2022-12-31,034220,-0.053574983284444,-0.2650565819595391,-0.2701967470173079,1.8097917591240809,0.0495140650196726,-2.757060516196353,6.25,5,0.0,100.0
2022-12-31,034730,,0.0519037423185936,,1.573991085268834,0.0341440825127821,-0.25120859400997,40.0,3,0.4,75.0
2022-12-31,035420,0.020414362582249,0.1605201643986234,0.1868433873335079,0.4144429016819817,0.0275937425029953,0.35863133113548723,68.75,5,0.0,100.0
2022-12-31,035720,0.0104775177620578,0.0808801755844911,0.073794224068796,0.6656104678902663,0.0217281097562607,-0.36061168207607697,35.625,5,0.0,100.0
2022-12-31,035760,-0.0130122016435536,0.0252488832894372,-0.0550102295860924,1.269776006042256,0.1233419173125734,-1.0946094209651556,16.875,5,0.0,100.0
2022-12-31,035900,0.0882259180254055,0.2891298937268312,0.2369546699267237,0.291469884178496,0.0709433391197151,2.0624870046322807,92.5,5,0.0,100.0
2022-12-31,036830,,0.1551249387642518,,0.4201097798147614,-0.0074982614626751,0.13634715615466214,59.375,3,0.4,75.0
2022-12-31,036930,0.0870102849086802,0.2914405298362227,0.2979100935173811,0.7574443007518362,0.0996957900846274,2.193796763393993,93.75,5,0.0,100.0
2022-12-31,039030,0.0612553454268774,0.2032533190243734,0.2695410587919163,0.1582090785396954,0.0638984029950045,1.5453082200892516,86.875,5,0.0,100.0
2022-12-31,039200,-0.1907289937196971,-6.709134912123603,-6.542045421155403,0.534388167872862,-0.3523584891523238,-3.1852861168546,2.5,5,0.0,100.0
2022-12-31,041510,,0.1249747793432787,,0.573939717133519,0.040833313138198,0.16688948343063514,61.25000000000001,3,0.4,75.0
2022-12-31,042660,,-0.639683894527878,,12.908274045005124,-0.1040383449123108,-1.6780593499948988,11.875,3,0.4,75.0
2022-12-31,042700,0.1088882097103682,0.4008734738740977,0.4818483597954437,0.2061859870129563,0.0966366456203703,2.811108983113255,97.5,5,0.0,100.0
2022-12-31,047050,0.0285223261196897,0.0217927334492419,0.0124717292644457,2.296246464885132,0.0018000043189601,-0.7796049720149767,21.25,5,0.0,100.0
2022-12-31,047810,,0.0500302768643791,,3.309550097847485,-0.0322071774560346,-0.755047907878718,22.5,3,0.4,75.0
2022-12-31,051910,,0.1006109766807105,,0.7990141833511515,-0.0256264333235973,-0.12360388188211205,45.0,3,0.4,75.0
2022-12-31,056190,0.0149614490692893,0.111047690959624,0.0495750549057168,0.3939151786614396,0.0722014237070877,-0.07484892061516249,49.375,5,0.0,100.0
2022-12-31,058470,0.0875482113007633,0.4665622864455723,0.4290060790308105,0.1788267351099622,0.2358990633939156,2.9877102414758454,100.0,5,0.0,100.0
2022-12-31,058610,0.0208971655223256,0.0551638726796912,0.0393954917745888,0.6881258415003086,0.0332524442846123,-0.29731017788767233,38.75,5,0.0,100.0
2022-12-31,060370,-0.0044986622817507,-0.2807514762003707,-0.0430853786834255,0.1062944662648687,-0.0272816429339577,-1.726691662675249,10.625,5,0.0,100.0
2022-12-31,064350,0.0046048179179454,,0.0087721241030822,2.0843033762230023,0.0112343377745927,-0.9950568836523344,18.125,4,0.19999999999999996,80.0
2022-12-31,064760,0.0700421538388351,0.4271987288982313,0.3047561420960047,0.1078698180034026,0.1123214474597674,2.3681243888448127,95.625,5,0.0,100.0
2022-12-31,065350,0.0288534860998377,0.054130025576619,0.0312542786577811,2.057467791191192,0.0037808754882919,-0.591456376519298,29.375,5,0.0,100.0
2022-12-31,066570,0.0132904667216322,0.0352535904327219,0.0141838000280023,1.4622946269458283,0.0454819886333437,-0.6921018806462409,24.375,5,0.0,100.0
2022-12-31,066970,0.0928138993444104,0.079397541267391,0.0730369694236914,1.309237380053862,-0.1996204157453852,0.1869577476549008,63.125,5,0.0,100.0
2022-12-31,067310,0.0529634225462903,0.3459039207953602,0.2964232568901136,1.600939087287256,0.0629606723619203,1.4321098960041114,84.375,5,0.0,100.0
2022-12-31,068270,0.0407892162421976,0.3310853052855402,0.2584608423460297,0.3918957249555692,-0.0151170784053644,1.1624304148018212,81.875,5,0.0,100.0
2022-12-31,068760,,0.1297215755393369,,0.6999901657849441,-0.0420660025927329,-0.0816336030458989,48.75,3,0.4,75.0
2022-12-31,078600,0.0278595623244122,0.0893428162587357,0.0805945967899855,1.2516340693924253,0.0798332462914832,-0.0001408547964760476,52.5,5,0.0,100.0
2022-12-31,078930,0.0381200056952463,0.1838773730147886,0.07591954598126,1.0673521596822535,0.0635550156718424,0.37324494917250833,70.0,5,0.0,100.0
2022-12-31,079550,0.0892407849394038,0.0838828772296004,0.1085508500657413,2.28072923870964,0.0353640553634764,0.7039669433470255,76.875,5,0.0,100.0
2022-12-31,082270,-0.0166723879354018,-0.0730739863752428,-0.2775002043734331,0.1219761494995666,-0.0478992746626049,-2.0003640031205783,10.0,5,0.0,100.0
2022-12-31,083650,-0.1231720216322022,0.0165550228430356,-0.0923877819709783,8.050830819361995,-0.0344679282407061,-2.306368178619989,9.375,5,0.0,100.0
2022-12-31,084370,0.0267077505102124,0.2179798042993037,0.1402376297849536,0.1618065214089825,0.0662310991346336,0.6400975309557149,74.375,5,0.0,100.0
2022-12-31,085660,-0.0024370560029666,-0.0722097426348966,-0.0085031784670327,1.3380123270708295,-0.0006617304507092,-1.3589168326120773,13.750000000000002,5,0.0,100.0
2022-12-31,086280,,0.0681568793024578,,1.2068936756550497,,-0.15272546872198864,43.75,2,0.6,60.0
2022-12-31,086450,0.0244767757976512,0.0869182033262469,0.0878691045889187,0.47201774483788,0.043611172838475,0.041591443400956114,53.75,5,0.0,100.0
2022-12-31,086520,,0.1295589470701439,,1.149971692164545,-0.2532063150052362,-0.63469111190977,26.875,3,0.4,75.0
2022-12-31,086900,0.0300177071628685,0.2724726601471384,0.2452163627699177,0.3738741776515789,0.0308943120921932,0.942333228082761,80.0,5,0.0,100.0
2022-12-31,087010,-0.0508059521906867,-3.0558867033886905,-2.4795649575066285,0.289623098745451,-0.1176332833833879,-2.890260842848877,3.75,5,0.0,100.0
2022-12-31,089030,-0.0262775787931264,0.2155536208099907,-0.0927663218537838,1.244157238938125,0.0882418222254704,-1.1010582817597947,16.25,5,0.0,100.0
2022-12-31,090430,,0.0200811767460008,,0.2254781157907259,-0.0015361633380972,-0.09512192071471043,46.25,3,0.4,75.0
2022-12-31,095340,0.0696501705354459,0.3228764274941446,0.3400471899755387,0.2681387142746356,0.177658713367466,2.3626260023852215,95.0,5,0.0,100.0
2022-12-31,096530,0.1520098901099043,-0.2137664027307072,1.1901314568620702,0.1732362036828378,0.2147394344683029,1.6393137741737052,88.125,5,0.0,100.0
2022-12-31,096770,,0.0309387049422616,,1.825196543150976,0.0053378065130262,-0.43672952615331656,31.874999999999996,3,0.4,75.0
2022-12-31,097230,,-9.55136245158339e-05,,5.270879387641262,-0.0149898131382405,-0.816942099795478,20.625,3,0.4,75.0
2022-12-31,098460,0.0731182148852008,0.1644109358483619,0.2976870638922535,0.2797602980991849,0.0589575370239825,1.6991355056627206,90.0,5,0.0,100.0
2022-12-31,101490,0.0357031662200226,0.1555412746444412,0.2024264101069675,0.168109632632539,0.0944354630422787,0.8999871869711455,79.375,5,0.0,100.0
2022-12-31,108490,0.0044542880631479,-0.0944924818166427,0.0496652040905603,0.3040015930266578,-0.0241760682949573,-0.9515213795754027,18.75,5,0.0,100.0
2022-12-31,112040,-0.1768179516248625,-0.259384068253874,-0.7319132050345901,1.2829025701893746,-0.0454645291601457,-2.8800367423805002,4.375,5,0.0,100.0
2022-12-31,115180,-0.2188254440439719,-4.163708366804126,-4.091531125977567,0.1007629471675035,-0.4132124711404604,-3.0913480330206666,3.125,5,0.0,100.0
2022-12-31,122870,0.0306029554932411,0.1355084953921235,0.1340524946806808,0.3516600863988081,0.027379300604638,0.35958896913908467,69.375,5,0.0,100.0
2022-12-31,128940,0.1430612334766906,0.1367952175338392,0.4026371809099784,0.9467660958616896,0.1025294650917752,2.0732611817463806,93.125,5,0.0,100.0
2022-12-31,137400,0.1229269890284016,0.1227614470565471,0.1704678129525924,3.320909504625295,0.0258772119579801,0.7770301551642129,77.5,5,0.0,100.0
2022-12-31,140410,0.0530157166189746,-0.4541562136556361,0.2691530204850916,0.791206913060627,-0.1365870838161242,-0.36435540346102196,35.0,5,0.0,100.0
2022-12-31,140860,0.2022301885252178,0.3651219445816177,0.4660066735156222,0.3486874575830579,0.1145769681415724,2.7483435664774016,96.25,5,0.0,100.0
2022-12-31,141080,-0.0136012893157594,-1.5200677682405277,-0.5123694309759383,0.1309783615272707,-0.0135332353629511,-2.3080623885614155,8.75,5,0.0,100.0
2022-12-31,145020,0.0328160506310051,0.3504522321087684,0.3937555715039128,0.2117175003729603,0.0458723797258812,1.6290418043121053,87.5,5,0.0,100.0
2022-12-31,161390,0.0265762226245142,0.0836738151128077,0.1002549436899235,0.4654289932178983,0.0151875861635421,0.026819130947933218,53.125,5,0.0,100.0
2022-12-31,161580,-0.0184861033932046,0.0234290958514205,-0.0227245650625249,1.800180836852018,-0.0389883175226672,-1.6854482093598842,11.25,5,0.0,100.0
2022-12-31,166090,0.0753196605289635,0.309250987879592,0.268742530987709,0.7711566983618496,0.1214886182120433,2.0327205937570128,91.875,5,0.0,100.0
2022-12-31,178320,0.019377558609312,0.079011290596141,0.0430814681025346,1.3114633648594027,-0.0508123238626773,-0.6438576266997525,25.624999999999996,5,0.0,100.0
2022-12-31,180640,,0.1397429785630144,,1.2804522053040288,-0.0051008465032191,-0.09725978104945504,45.625,3,0.4,75.0
2022-12-31,183300,0.05819105103118,0.2143270500776249,0.18468670822277,0.5957489352252373,0.155946719131423,1.4411190731425358,85.0,5,0.0,100.0
2022-12-31,195940,0.0129265023056941,0.1123179596136476,0.075498249380007,0.5361314383642996,0.0152334835355627,-0.2314365601915251,40.625,5,0.0,100.0
2022-12-31,196170,-0.0411839083857935,-1.9332525260128688,-1.2093400806459005,0.6564957842981478,-0.0454273061530483,-2.7792689802807766,5.625,5,0.0,100.0
2022-12-31,204270,-0.0045349192369963,-0.1579489625304438,-0.0491734649016343,0.5216099243292172,0.0250634210890003,-1.4217700170414473,13.125,5,0.0,100.0
2022-12-31,207940,0.0191019875692187,0.3719646905791764,0.1479472316664058,0.8688314420742858,0.0543690570535694,0.6602728979707781,75.625,5,0.0,100.0
2022-12-31,213420,0.0433029773164002,0.2452043070431373,0.2499881095960162,0.1543652258381868,0.1385782629016399,1.4779191680339057,85.625,5,0.0,100.0
2022-12-31,214150,0.1052065115647667,2.040080593297896,2.184353173458326,0.6570044592002973,0.1531678595851602,2.8673284069547376,98.125,5,0.0,100.0
2022-12-31,214370,0.0302468329970875,0.3540232385416644,0.342843445231254,0.0780169503056012,0.1079226500635796,1.6465964991866955,88.75,5,0.0,100.0
2022-12-31,214450,0.049921382292648,0.3577425282913455,0.3597189592829814,0.2872734562155843,0.1156687383679527,2.0304966832180127,91.25,5,0.0,100.0
2022-12-31,218410,0.0055016842712426,0.0305115421171425,0.0580343934890298,0.4835251789642147,-0.0143169781644545,-0.6545160777629716,25.0,5,0.0,100.0
2022-12-31,222800,,0.2458730925992069,,1.0312559304747708,0.2726444846296195,0.6361342210453078,73.75,3,0.4,75.0
2022-12-31,226950,-0.1771886941073614,-1.0116492132296009,-1.6398289903351544,1.2628123110244096,-0.229731525526991,-3.3602543427918645,1.25,5,0.0,100.0
2022-12-31,232140,0.0155382268821359,0.0849872247675564,0.0912370460146809,0.5304282897508962,0.1078706465722046,0.052583963960763425,55.00000000000001,5,0.0,100.0
2022-12-31,237690,0.0308016054669336,0.0746686328157013,0.1631351916818213,0.6012507908216357,0.0019701804023948,0.1761190924575547,62.5,5,0.0,100.0
2022-12-31,240810,,0.1075870669843991,,0.4018381159973315,0.0249785469477635,0.12656799913891623,58.75,3,0.4,75.0
2022-12-31,241560,,0.1332013237954226,,0.4918311547442037,0.0598014750229653,0.25686864814469385,66.875,3,0.4,75.0
2022-12-31,247540,,0.090495020621874,,,-0.2620995023561174,-0.61639292811601,27.500000000000004,2,0.6,40.0
2022-12-31,253450,0.0260712750455468,0.082725823391404,0.0779353750538137,0.6580400487928295,-0.1083449980574222,-0.42920870046938725,32.5,5,0.0,100.0
2022-12-31,257720,0.0484238164939416,0.1077074838551686,0.0958760884680634,0.4056596498733535,0.0438551740165604,0.5443724445332884,72.5,5,0.0,100.0
2022-12-31,259960,,0.3233975432661457,,0.1664492257487904,0.0754041057414229,0.7930531527202603,78.125,3,0.4,75.0
2022-12-31,263750,,0.1060591309027647,,0.7173624775228985,0.0339984047602782,0.07231796152540425,55.625,3,0.4,75.0
2022-12-31,267250,,0.0619874139573958,0.039835336847119,2.045122600775044,,-0.49487532797099115,30.625000000000004,3,0.4,75.0
2022-12-31,267260,,0.0707092169426778,,,,-0.029949300657158586,50.625,1,0.8,20.0
2022-12-31,272210,0.0016126090087698,0.001178387347872,0.0077707259337599,0.784207191451099,0.0050975499789928,-0.9364401864124627,20.0,5,0.0,100.0
2022-12-31,277810,0.0166259427811899,0.107989011409887,0.2050324039081175,0.3530809034935047,-0.0252650014390193,0.09397064222901369,56.875,5,0.0,100.0
2022-12-31,278470,0.0370737388230158,0.1320305463229269,0.0344401019019732,1.0552636265643214,0.0473320527183003,0.09180203687548122,56.25,5,0.0,100.0
2022-12-31,281740,0.1074713791757286,0.2535196518354843,0.2197819579086732,1.5520088657224012,0.0805617957902189,1.6637593200791578,89.375,5,0.0,100.0
2022-12-31,290650,0.0338876389665084,0.170014664656894,0.1926140810729066,0.8727639593300501,-0.0417013934433411,0.32948099308056666,68.125,5,0.0,100.0
2022-12-31,293490,0.0057301749816395,0.1424882865129582,0.036746538500862,0.8214312177184143,0.0403199311595064,-0.3921750143843372,33.75,5,0.0,100.0
2022-12-31,298040,0.0322357591136991,0.0712856025920988,0.0426253288945232,3.399807542414255,-0.0128092158184475,-0.7114669992217755,23.75,5,0.0,100.0
2022-12-31,298380,0.3530860498965929,0.6512145938139906,0.7152235685237994,0.9265654793795982,0.4750695272161289,2.8081026285494346,96.875,5,0.0,100.0
2022-12-31,307950,,0.0455572870514692,,0.7089858236864003,0.0526427475577996,-0.006269310268430112,51.87500000000001,3,0.4,75.0
2022-12-31,310210,0.0349735077067841,0.1444766710147924,0.202652807272415,0.6996695504602474,-0.1282038141753511,0.1220087080269684,58.12500000000001,5,0.0,100.0
2022-12-31,319400,0.0374727323687608,0.0462406883411604,0.0958055009991931,0.3987082581245798,-0.0406539702966701,-0.013339938853305783,51.24999999999999,5,0.0,100.0
2022-12-31,319660,0.1214579346015056,0.3188684914099107,0.2726416654054144,0.338072599132666,0.0736613629334877,2.2167110881781036,94.375,5,0.0,100.0
2022-12-31,323280,0.0586621051358531,0.1050834910697506,0.1667141823845585,0.7517094593710479,-0.07967288414369,0.4790941207744494,70.625,5,0.0,100.0
2022-12-31,326030,-0.0384419589903963,-0.1040975135757897,-0.1684316627302154,0.9088039971543131,-0.1849856683486052,-2.7063780547613305,7.5,5,0.0,100.0
2022-12-31,328130,,-2.212879534614791,,0.4164036986004321,-0.311013980482306,-1.356946126382247,14.374999999999998,3,0.4,75.0
2022-12-31,329180,5.5678421636783294e-06,0.0065077037819655,1.803748679314475e-05,1.4412651010124276,,-1.07608880371371,17.5,4,0.19999999999999996,80.0
2022-12-31,336370,-0.0228053972575928,-0.1852004182472189,-0.1692207839923006,0.5669844308448754,-0.0699248997188859,-2.387417717066458,8.125,5,0.0,100.0
2022-12-31,348370,,0.0820772563244464,0.1452194368088553,,-0.0999258802216189,-0.20231141233815297,41.875,3,0.4,60.00000000000001
2022-12-31,352820,,0.1361073303733208,,0.5594481160636839,0.0505517380943596,0.22146073575045033,64.375,3,0.4,75.0
2022-12-31,357780,,0.1813140427850068,,0.1474166217077294,0.1535670627049913,0.7031454762469396,76.25,3,0.4,75.0
2022-12-31,373220,,0.0999885421472705,,0.8847782803599672,-0.0449484798309205,-0.198845073406834,42.5,3,0.4,75.0
2022-12-31,377300,,-0.0685407901122913,,0.8101506340518249,-0.00990815155605,-0.452017538790088,31.25,3,0.4,75.0
2022-12-31,388720,-0.0075347954129538,-0.0767614445914466,-0.0304816372897164,0.3893869416153086,-0.0669163208783854,-1.4703815948445704,12.5,5,0.0,100.0
2022-12-31,397030,-0.0470033841208007,-21.865530315,-16.947743715,0.0274433298300449,-0.0766759964689334,-2.7421718474349075,6.875000000000001,5,0.0,100.0
2022-12-31,403870,0.1404297386333917,0.6015002639597581,0.5493054348847117,0.3876318067421727,0.2469013639408301,2.9375550492109044,98.75,5,0.0,100.0
2022-12-31,950160,,-7.142459110775943,,0.1930069780132336,-0.2101315324385446,-1.303286005079523,15.0,3,0.4,75.0
2023-12-31,000100,,0.0018284457798572,,0.3127489237937559,0.0336152733296859,0.12104465464230951,56.451612903225815,3,0.4,75.0
2023-12-31,000150,0.0086953289917339,0.0704470494814023,0.0190928023539986,2.471138864321356,0.0439617476210056,-0.42264372926822913,32.795698924731184,5,0.0,100.0
2023-12-31,000250,-0.0383955548613813,0.0492119336957671,-0.2134461241785443,1.424086745332444,0.0039110958305936,-1.8096801802554938,12.903225806451612,5,0.0,100.0
2023-12-31,000270,,0.1121570966693327,,0.8004553083895862,0.1397880476252214,0.6173955398669726,74.73118279569893,3,0.4,75.0
2023-12-31,000660,,-0.1976535628988246,,0.8476655376020522,0.003074577524779,-0.5209044194395732,30.64516129032258,3,0.4,75.0
2023-12-31,000720,0.0554304391860786,0.0310323940991508,0.0997684706097247,2.186568239868964,-0.0680840975126657,0.15112479185944738,58.06451612903226,5,0.0,100.0
2023-12-31,000810,,1.020620193014493e-08,,5.440877554733485,-0.0111927673892006,-0.9038785059334491,22.58064516129032,3,0.4,75.0
2023-12-31,000880,0.0479041892679867,0.0320187890868713,0.0507614559817402,5.817307020003234,0.0086004442618182,-0.3252799049513941,37.096774193548384,5,0.0,100.0
2023-12-31,001040,0.0139640726651219,0.060030722205888,0.0224934785342492,1.664120258515687,0.0723327474780471,-0.07710574859857267,46.236559139784944,5,0.0,100.0
2023-12-31,003230,0.0764573259719712,0.1295483905932875,0.1127690192851053,1.957974035815456,0.1141088516339377,1.4856584427320298,91.39784946236558,5,0.0,100.0
2023-12-31,003380,0.0026695329207395,0.05456275880336,0.0047099162001957,2.518043227777764,0.0424006322012669,-0.6201744344056143,28.49462365591398,5,0.0,100.0
2023-12-31,003490,,0.455257015070129,,1.986892389898402,0.1069558991042601,1.0007953253726334,81.72043010752688,3,0.4,75.0
2023-12-31,003550,,0.4866398314670556,,1.114445966578829,0.021038858517123,0.842130157106557,77.95698924731182,3,0.4,75.0
2023-12-31,003670,0.0255658263203913,0.0450273819443614,0.0623072315726193,2.3300745967350367,-0.1082035846593431,-0.6107589355210419,29.03225806451613,5,0.0,100.0
2023-12-31,005290,0.0427648959050767,0.1999024754339881,0.1513219322998646,1.9659580455384087,0.0437101341960663,0.9885691127990364,81.18279569892472,5,0.0,100.0
2023-12-31,005380,,0.0932085557467328,,1.7578759689829135,-0.00127844795568,-0.11532233003856804,45.16129032258064,3,0.4,75.0
2023-12-31,005490,,0.0630887858561809,0.2031462412181363,1.7068388157176249,0.0411111236126379,0.5888277817338683,73.65591397849462,4,0.19999999999999996,75.0
2023-12-31,005830,0.0400529943901396,0.5279272301938974,0.4067854355084675,5.379019099120332,,1.3175194325099895,87.63440860215054,4,0.19999999999999996,80.0
2023-12-31,005930,0.0164903353801875,0.0361033538159947,0.0867027842529325,0.2489025423907787,0.0523218871519735,0.36895146247530336,69.89247311827957,5,0.0,100.0
2023-12-31,005940,,,,7.202654841473637,-0.002308356806172,-0.7341003746787889,24.193548387096776,2,0.6,35.0
2023-12-31,006260,0.0109271591624054,0.0623313214042875,0.0176227462225361,2.779996037971901,0.0047888495528147,-0.6255200579267084,27.956989247311824,5,0.0,100.0
2023-12-31,006400,,0.0833884737242625,,1.745044317104217,0.0525027115267833,0.0760643156344678,53.76344086021505,3,0.4,75.0
2023-12-31,006730,6.305440981376274e-05,0.2401466908471419,0.0011434596386674,2.67176509961372,0.0179043006027799,-0.41398840903855155,33.33333333333333,5,0.0,100.0
2023-12-31,006800,,0.8947272271616176,,10.207005650504977,-0.0201268176017414,-0.003429462482218759,50.53763440860215,3,0.4,75.0
2023-12-31,007390,-0.0173142283376279,-0.4305554070010136,-0.2667155296165898,1.079587467550409,0.0153155822228355,-2.1387111497382603,10.75268817204301,5,0.0,100.0
2023-12-31,007660,0.0349860084602029,0.0792046091353625,0.0494303258567119,2.3000759153753165,0.0809277818638639,0.2970626958936585,67.74193548387096,5,0.0,100.0
2023-12-31,009150,,0.0779321857318275,,0.4257258618037781,,0.2511217264233802,65.05376344086021,2,0.6,60.0
2023-12-31,009540,,0.013760630457564,,1.633767306250726,,-0.12570332340426377,44.623655913978496,2,0.6,60.0
2023-12-31,009830,,0.0336097771513014,,1.617427230717066,0.0057833497170185,-0.18369306623124104,42.473118279569896,3,0.4,75.0
2023-12-31,010120,0.0252607499533838,0.0784350009687761,0.0454083725748012,1.1895459254050929,0.0309338271564521,0.15907486359695536,59.13978494623656,5,0.0,100.0
2023-12-31,010130,,0.0699530892645275,,1.2501187373090927,0.0460753554387164,0.12270580748284737,56.98924731182796,3,0.4,75.0
2023-12-31,010140,,0.0374608237923588,,3.2868434462854474,-0.0271722734747833,-0.6399564395856278,27.419354838709676,3,0.4,75.0
2023-12-31,010620,,-0.0079052946608067,,1.2431073148647336,-0.0465952044671397,-0.3985978740354942,33.87096774193548,3,0.4,75.0
2023-12-31,010950,,0.0954358298826997,,1.4438203093098363,0.0378909606460586,0.10493898513185365,54.83870967741935,3,0.4,75.0
2023-12-31,011070,,0.0385068746508689,,1.5885268281871774,0.0880266827906313,0.15232038370065518,58.602150537634415,3,0.4,75.0
2023-12-31,011200,0.0043383629358221,0.0356512910990741,0.0448664745915896,1.201852004864847,0.0494962004874589,-0.18447485755449475,41.935483870967744,5,0.0,100.0
2023-12-31,012330,,0.0485028928527156,,0.4542263618427049,0.0773374393400438,0.35988536758035927,69.35483870967742,3,0.4,75.0
2023-12-31,012450,0.0015171495020836,0.0607356786466251,0.0035594553193759,4.096910525753495,0.0363297241197566,-0.9710029219455198,20.43010752688172,5,0.0,100.0
2023-12-31,015760,0.019243830850356,0.081592730748304,0.0340533667914808,6.639983242247556,-0.0027184346683428,-0.7725290025620607,23.118279569892472,5,0.0,100.0
2023-12-31,016360,0.0227111232434257,0.5195457469865771,0.3896710910825619,8.578141502753597,,1.0505591609422869,84.94623655913979,4,0.19999999999999996,80.0
2023-12-31,017670,0.0249901737654455,0.1131060893424582,0.0700123335930277,2.415159539427153,0.1236013641798855,0.43704448878049806,71.50537634408603,5,0.0,100.0
2023-12-31,018260,,0.0601739115098284,,1.356577289450971,0.0664253989582164,0.16008850549626236,59.67741935483871,3,0.4,75.0
2023-12-31,018880,-0.0162590301567392,0.0087169622502412,-0.018204336148604,3.575569836491156,0.026736112795079,-1.370362569566567,18.27956989247312,5,0.0,100.0
2023-12-31,021240,0.0568432749257125,0.1938289946339977,0.1359302763863333,0.8194910923153358,0.0613425230901176,1.431921591501498,90.32258064516128,5,0.0,100.0
2023-12-31,024110,,42.79960144761556,,13.14746086100704,,0.20000000000000007,62.365591397849464,2,0.6,60.0
2023-12-31,028050,0.0542569352912788,0.0619188310072919,0.0629095983525513,1.3396622429078584,-0.0388290657467184,0.33774072191188387,68.27956989247312,5,0.0,100.0
2023-12-31,028260,0.0207569656225342,0.0756865141324531,0.0639114716216966,1.6913087311473436,0.0239448516721011,0.02808545687684088,52.68817204301075,5,0.0,100.0
2023-12-31,028300,-0.0408077956966817,-3.027569686274576,-2.516654859246767,0.2966875623318337,-0.1006144776232718,-2.793837951631754,7.526881720430108,5,0.0,100.0
2023-12-31,029780,0.0173660430849367,0.1827980480853377,0.1364583349100661,3.682692819386685,,0.1133734202232059,55.376344086021504,4,0.19999999999999996,80.0
2023-12-31,030200,0.019186484245276,0.0480680534448823,0.0503612594390694,1.348867650302937,0.1054833047553323,0.2796591495164094,67.20430107526882,5,0.0,100.0
2023-12-31,030530,,0.0964752754091964,,1.3949619675522178,0.056335589719683,0.1887044578430984,61.82795698924731,3,0.4,75.0
2023-12-31,031980,0.0257953133746844,0.0628822712154746,0.5156089225095138,1.1857824869241522,0.0750631702611038,1.1317557885720995,86.02150537634408,5,0.0,100.0
2023-12-31,032640,,0.0710009865747092,,2.336964344798103,0.117916163672806,0.18562558309672433,60.752688172043015,3,0.4,75.0
2023-12-31,032830,0.011344265059716,0.014610811417821,0.2380614080713738,6.651772956892966,,-0.1011688598786018,45.69892473118279,4,0.19999999999999996,80.0
2023-12-31,033780,0.0351181745593482,0.2407308826304514,0.1972684886387025,1.4062964153802555,0.0701169945049758,1.350738350463865,88.17204301075269,5,0.0,100.0
2023-12-31,034020,,0.0749436610365168,,1.2344993867283005,0.0563694017308249,0.1762960093393743,60.215053763440864,3,0.4,75.0
2023-12-31,034220,-0.0669202433179373,-0.2816103443142426,-0.3298092341719657,4.222375849700434,0.0302737360573703,-3.069262138784074,4.838709677419355,5,0.0,100.0
2023-12-31,034730,0.0059839715603548,0.0800842014000394,0.0138462490231158,1.6184814938326475,0.0370401896854266,-0.3200913845521762,37.634408602150536,5,0.0,100.0
2023-12-31,035420,,0.1554745476915916,,1.4926947313383423,0.040532690864354,0.2304151291207045,63.97849462365591,3,0.4,75.0
2023-12-31,035720,0.0031995301538872,0.0649240165660938,0.022903432817802,0.7103687276536439,0.0323456048941769,-0.19461453451303792,41.39784946236559,5,0.0,100.0
2023-12-31,035760,-0.0130122016435536,0.0066663785547683,-0.0550102295860924,1.529744578363743,0.0998619752279319,-0.7720468409103237,23.655913978494624,5,0.0,100.0
2023-12-31,035900,0.1008893673728308,0.313854972373139,0.2486533198411669,1.3009533773279764,0.137816126321819,2.7061004163306377,98.38709677419355,5,0.0,100.0
2023-12-31,036830,,0.1833399916595874,,1.4061914331871246,0.0331736788773382,0.27722793221991865,66.66666666666666,3,0.4,75.0
2023-12-31,036930,0.0870102849086802,0.0718166519720385,0.2979100935173811,0.5917287887825822,-0.0615252234295464,1.6404639907565697,93.54838709677419,5,0.0,100.0
2023-12-31,039030,0.0142766737364742,0.0399144859966343,0.1069496957955495,1.0762716559669778,0.0163602254209881,0.1162158239059276,55.91397849462365,5,0.0,100.0
2023-12-31,039200,-0.0654644242600296,-4.747734704832904,-2.852919088879838,1.2800762810461166,-0.2053518226024001,-3.3479519714607244,1.6129032258064515,5,0.0,100.0
2023-12-31,039490,,31.565660549536798,,8.929995905597398,-0.0160830371796022,0.012304309988969586,52.1505376344086,3,0.4,75.0
2023-12-31,041510,,0.1896846891448635,,1.6198974597458116,0.0594534693628098,0.3496726679467664,68.81720430107528,3,0.4,75.0
2023-12-31,042660,,0.038675472730365,,3.962926618667149,-0.1151809297351515,-1.1159532749001428,18.817204301075268,3,0.4,75.0
2023-12-31,042700,0.030878001976337,0.0930440026850586,0.470144857813328,0.1420199558095279,0.0510906793947335,1.3673338650071662,89.24731182795699,5,0.0,100.0
2023-12-31,047050,0.0352804265782678,0.0387461240003079,0.0242608306484461,2.627045234975594,0.0528247723704668,-0.05612910866644551,47.31182795698925,5,0.0,100.0
2023-12-31,047810,0.0360120027392464,0.0649188227356946,0.0525417317135604,4.75502196044772,-0.141467241321955,-1.0167695397720051,19.35483870967742,5,0.0,100.0
2023-12-31,051910,,3.9910848056701007,,0.873555785023771,0.0561365896116232,1.027182250550486,83.87096774193549,3,0.4,75.0
2023-12-31,055550,-0.0929761379207611,,,11.230672355344328,,-1.6,14.78494623655914,2,0.6,40.0
2023-12-31,056190,-0.0026218963726074,0.0058874213873378,-0.0104229409828363,0.8001071936543692,0.0086766934277998,-0.6474936301269436,26.881720430107524,5,0.0,100.0
2023-12-31,058470,0.0573731027080652,0.4540096323632733,0.3976149640508982,0.0865493875297349,0.1420567863123451,2.8133999540950176,98.9247311827957,5,0.0,100.0
2023-12-31,058610,0.0,0.0251196420828387,0.0,1.6154539802929626,0.069139925537504,-0.4552496078654865,31.72043010752688,5,0.0,100.0
2023-12-31,060370,0.0332485981037814,0.2033797735586386,0.1824987715224469,0.203984632508673,0.1757731904755225,1.6414063795673837,94.08602150537635,5,0.0,100.0
2023-12-31,064350,0.0270228252963314,0.0443550010304243,0.0430994304124612,3.0847569201714835,0.0893493695191535,-0.04801666896485321,48.38709677419355,5,0.0,100.0
2023-12-31,064400,,0.0890184050553293,,1.1466504550187906,0.0002145354818885,0.004801598570994631,51.075268817204304,3,0.4,75.0
2023-12-31,064760,0.040862622221472,0.2776223833961707,0.3205785202244561,1.0634307342119962,-0.0125768945223032,1.4945521068718501,91.93548387096774,5,0.0,100.0
2023-12-31,065350,0.0169007624665425,0.0420279295898715,0.0185543530416004,2.828207934075131,0.0530578141711408,-0.39410532439260326,34.946236559139784,5,0.0,100.0
2023-12-31,066570,0.0197638681032038,0.0481261112135876,0.023438892789437,1.555328752216864,0.0710594069017419,0.008021705432742332,51.61290322580645,5,0.0,100.0
2023-12-31,066970,0.0928138993444104,0.0117526726267623,0.0449708610790603,1.309237380053862,-0.1637913575780446,0.14694396216248662,57.52688172043011,5,0.0,100.0
2023-12-31,067310,0.0529634225462903,0.1746044897151158,0.2964232568901136,3.064681966991639,0.0412967238143419,1.2730447248116739,87.09677419354838,5,0.0,100.0
2023-12-31,068270,0.0407892162421976,0.3980851999563569,0.2584608423460297,0.4631728599373462,0.062227647891087,2.156184183529776,95.6989247311828,5,0.0,100.0
2023-12-31,068760,,0.0701604044659065,,1.7122069332666403,-0.0328873246720466,-0.27711453487199944,38.17204301075269,3,0.4,75.0
2023-12-31,071050,,1.7577329780334767,,10.384617009125389,-0.03336365141535,-0.05493209361471646,47.8494623655914,3,0.4,75.0
2023-12-31,078600,0.0003965296123188,0.0278195898374467,0.0009195830277976,3.1668280092714585,0.0045273719713639,-1.0036249895539326,19.892473118279568,5,0.0,100.0
2023-12-31,078930,0.0409975938652319,0.1879759363322008,0.1079152606889636,1.9536780313890016,0.0767699436268345,0.8981008059681355,79.03225806451613,5,0.0,100.0
2023-12-31,079550,0.0342173639845754,0.0766054108076624,0.0631794172963088,3.2475302312534686,-0.0570827849093253,-0.39418942607551827,34.40860215053764,5,0.0,100.0
2023-12-31,082270,-0.0557306155474866,-1.291879555945946,-1.9918291194594595,0.0972064728913361,0.0256679734610312,-2.3664245481325588,9.67741935483871,5,0.0,100.0
2023-12-31,083650,0.0461407020513983,0.0335083507891298,0.0326857904489826,6.655798428458626,0.0482551972142739,-0.26562945983193836,39.247311827956985,5,0.0,100.0
2023-12-31,084370,0.00033577040099,0.014289219585866,0.0023994848638361,1.1766491216355892,0.0726318324947853,-0.36134568378190324,35.483870967741936,5,0.0,100.0
2023-12-31,085660,0.0164773990562968,-0.2798007369248245,0.6666410228012115,1.5594331534027135,0.004837057818234,-0.0738091504456713,46.774193548387096,5,0.0,100.0
2023-12-31,086280,,0.0606996308491968,,0.9426449302042816,0.1304402257421057,0.4816075324100555,72.04301075268818,3,0.4,75.0
2023-12-31,086450,0.0231147959041989,0.0909958629528255,0.0801531730442559,1.4602903655662849,0.0381487203521375,0.26146773296722675,65.59139784946237,5,0.0,100.0
2023-12-31,086520,,0.0341248095604929,,2.545306918160142,-0.0722984664642343,-0.6732103036715562,26.344086021505376,3,0.4,75.0
2023-12-31,086790,-0.1110127810759545,14.903278195147156,-25.47199082355213,13.893443327462652,-0.016631427933252,-1.7898294001640327,13.440860215053762,5,0.0,100.0
2023-12-31,086900,-0.0047779340272111,0.0609400399230677,-0.0380770354591909,1.2707477543033798,0.0232723630874688,-0.711987795655404,24.731182795698924,5,0.0,100.0
2023-12-31,087010,-0.0888499643477731,-6.105473892310228,-6.057802300460597,1.3861258279046955,-0.1550475605988507,-3.2976868427488935,3.763440860215054,5,0.0,100.0
2023-12-31,089030,-0.0525099800057488,-0.1105587839751695,-0.4756678889125396,2.333483722683367,0.0014351157341359,-2.444999653103635,9.13978494623656,5,0.0,100.0
2023-12-31,090430,,0.0194113466605361,,0.2021778371301896,0.0382635749097823,0.18779885818437492,61.29032258064516,3,0.4,75.0
2023-12-31,095340,-0.0159803479037389,-0.242654706308638,-0.1338310198420611,1.2763241905896294,0.0400746572114618,-1.8264214044588842,12.365591397849462,5,0.0,100.0
2023-12-31,096530,0.1520098901099043,-0.109856847808134,1.1901314568620702,0.2041862831335591,0.0503294661855395,1.7655327279345927,94.6236559139785,5,0.0,100.0
2023-12-31,096770,0.0274585451810353,0.0785895146552266,0.0366841635704525,1.748350700947772,0.0372410776579747,0.07120825028711197,53.2258064516129,5,0.0,100.0
2023-12-31,097230,-0.0134969491648084,-0.0834303398251232,-0.0091250660017899,9.063074877643215,0.0790650662618017,-1.470643291901744,17.20430107526882,5,0.0,100.0
2023-12-31,098460,0.0124327164111034,0.0353241901020333,0.0784964863293969,0.2648409892990526,0.0904155967878096,0.41862656326367964,70.96774193548387,5,0.0,100.0
2023-12-31,101490,0.0313289091432945,0.1484093059710145,0.163110436144265,1.1578951739054362,0.0725543899244857,1.0262194393136872,83.33333333333334,5,0.0,100.0
2023-12-31,105560,,,,11.173747627810233,,-0.6,30.107526881720432,1,0.8,15.0
2023-12-31,108490,-0.0068118081599865,-0.2302444752781911,-0.0923240368229627,1.2160500209081613,-0.0370894113495649,-1.7854287002033402,13.978494623655912,5,0.0,100.0
2023-12-31,112040,0.07562306704568,0.192628305191304,0.1764434965911067,2.8246131266902776,0.0319686986059515,1.3588177550670177,88.70967741935483,5,0.0,100.0
2023-12-31,115180,-0.1563938014581404,-2.2731093763909023,-2.1156249732384027,1.1393075840279097,-0.5197992943148094,-3.319614860183079,2.6881720430107525,5,0.0,100.0
2023-12-31,122870,0.0306029554932411,0.14727872543043,0.1340524946806808,1.3310263670264058,0.1183314714538312,1.0424623522550331,84.40860215053763,5,0.0,100.0
2023-12-31,128940,0.1430612334766906,0.1577498005052342,0.4026371809099784,0.7277628657023895,0.0884669375521035,2.375641671862808,96.7741935483871,5,0.0,100.0
2023-12-31,137400,0.0231555244326635,0.0494227513734638,0.0652860595442394,3.7665881138432566,-0.0277796690588023,-0.603331298545006,29.56989247311828,5,0.0,100.0
2023-12-31,138040,0.0584762386529944,0.2736289106036969,0.2733361797708031,9.562532937406822,,1.2357732855844157,86.55913978494624,4,0.19999999999999996,80.0
2023-12-31,138930,0.0196200512116984,1.644878172512508,1.3056457765966347,13.740044665322063,,1.0029752859357184,82.25806451612904,4,0.19999999999999996,80.0
2023-12-31,140410,-0.0199747098986264,-0.3901405579756281,-0.1159995316354175,1.4620276545022943,-0.1160132902215338,-2.622406348421657,8.60215053763441,5,0.0,100.0
2023-12-31,140860,0.0509363577371941,0.1688066790658023,0.1949014664386384,1.3562815462453262,0.0928919006571497,1.533891791813688,92.47311827956989,5,0.0,100.0
2023-12-31,141080,-0.0973903433506615,-3.9167440460812655,-3.787405217915061,1.2290298600131078,-0.189605681965085,-3.3376761918038964,2.1505376344086025,5,0.0,100.0
2023-12-31,145020,0.049472717603386,0.407373368604749,0.4901877531459022,0.2126137127477002,0.0854775891491656,2.4419944862498135,97.31182795698925,5,0.0,100.0
2023-12-31,161390,0.0320424921387912,0.1693878724964946,0.1283344641692868,1.341180571382132,0.0931998295401317,0.9885070342913592,80.64516129032258,5,0.0,100.0
2023-12-31,161580,,-0.2997636973014977,,1.745729111553768,0.1346672461631383,-0.4307531572548322,32.25806451612903,3,0.4,75.0
2023-12-31,166090,0.0194267751672186,0.143796977237719,0.1198947996963544,1.679269977594985,0.0573053886060329,0.5003256116294587,73.11827956989248,5,0.0,100.0
2023-12-31,178320,0.019377558609312,0.0196160418263133,0.0430814681025346,3.076937150862112,-0.0370616516571393,-0.7075720772174081,25.268817204301076,5,0.0,100.0
2023-12-31,180640,,0.146330384390581,,1.3260729956799155,0.0345609565037172,0.22167780633179232,63.44086021505376,3,0.4,75.0
2023-12-31,183300,0.0361342584130795,0.1272947680703624,0.105386098968285,2.1169129940702924,0.0946617911574381,0.7237378970502855,76.88172043010752,5,0.0,100.0
2023-12-31,195940,0.0123858931535428,0.1040051244009843,0.0674641604978928,1.5475201966180356,0.019389166969509,-0.016707772352182314,49.46236559139785,5,0.0,100.0
2023-12-31,196170,-0.0512360293245163,-0.49711302767019,-0.374432896852659,1.6656236476023358,0.002197027324058,-2.7421342448261528,8.064516129032258,5,0.0,100.0
2023-12-31,204270,0.0473397774533512,0.1738205016935732,0.1849634757248004,1.7179971519054449,-0.0019661459413624,1.0082610209701204,82.79569892473118,5,0.0,100.0
2023-12-31,207940,0.0264770347493441,0.3080652207789752,0.2324689448638878,1.6643239546184254,0.0521190751530363,1.3734553507751255,89.78494623655914,5,0.0,100.0
2023-12-31,213420,0.032484181959676,0.2588271972009865,0.2269077000028028,1.1422492422994166,0.0983374020112732,1.6265906880629055,93.01075268817203,5,0.0,100.0
2023-12-31,214150,0.0896288014948565,1.4150958423545668,1.2159721845677798,1.3390526393654154,0.0937593004998671,2.879861100095045,99.46236559139786,5,0.0,100.0
2023-12-31,214370,0.0456865356133625,0.5276226360915085,0.5236248320655473,1.0800442774392789,0.0850783514229534,2.3024658409880456,96.23655913978494,5,0.0,100.0
2023-12-31,214450,0.0701250865952003,0.3996025636064901,0.4097906098374403,1.2026743272014329,0.0828806653176237,2.54243412655014,97.84946236559139,5,0.0,100.0
2023-12-31,218410,-0.0098412527064697,-0.2203103802674308,-0.1502086519520021,1.504010243920449,0.0189911678983977,-1.8772127474323501,11.29032258064516,5,0.0,100.0
2023-12-31,222800,-0.0103750264880909,-0.0193478968568071,-0.0211442441100631,2.182538668371765,-0.092111449732544,-1.531712042167478,15.591397849462366,5,0.0,100.0
2023-12-31,226950,-0.1016963439201336,-2.490616752904092,-2.432699959261333,2.468534984288612,-0.1786377312937693,-3.587191853877999,1.0752688172043012,5,0.0,100.0
2023-12-31,232140,0.0020553794937206,0.0094636822106087,0.0133548083130655,1.3939051364984811,-0.0192077992574771,-0.7032061173074491,25.806451612903224,5,0.0,100.0
2023-12-31,237690,0.009386474160657,0.1158506587187026,0.0583310503038859,1.7115808635020326,0.0031949939507606,-0.16991632027329012,43.01075268817204,5,0.0,100.0
2023-12-31,240810,,0.1075870669843991,,0.2786726436056292,0.0056792893967031,0.23946133681899107,64.51612903225806,3,0.4,75.0
2023-12-31,241560,,0.1257816416878398,,0.7873225554966422,0.1168734998783341,0.607601425356195,74.19354838709677,3,0.4,75.0
2023-12-31,247540,,0.0254395515878225,,2.8056110734225226,-0.1204992458639714,-0.9312404131592897,21.50537634408602,3,0.4,75.0
2023-12-31,253450,0.0260712750455468,0.1005119597475725,0.0779353750538137,0.5967046398419752,0.0066760437776648,0.36952248155840345,70.43010752688173,5,0.0,100.0
2023-12-31,257720,0.1185987000418799,0.1498670577828141,0.1301378802299599,1.529676672375722,,1.4852374113523628,90.86021505376344,4,0.19999999999999996,80.0
2023-12-31,259960,,0.4203196918795921,,1.188774767869638,0.0685154403223644,0.9520360461342036,79.56989247311827,3,0.4,75.0
2023-12-31,263750,,,,1.7609106568471466,0.011098448861845,-0.12668161123813768,44.086021505376344,2,0.6,35.0
2023-12-31,267250,0.0254098314206568,0.0486574550810201,0.0433775218266055,2.989563975152067,,-0.26616486011555684,38.70967741935484,4,0.19999999999999996,80.0
2023-12-31,267260,,0.1230130316659902,,3.1072781080274736,,-0.19479686947219593,40.86021505376344,2,0.6,60.0
2023-12-31,272210,-0.0007464093037741,0.0601339606576782,-0.0026927469780309,1.944596300926746,-0.0434157808841995,-0.9085314003018616,22.043010752688172,5,0.0,100.0
2023-12-31,277810,0.0166259427811899,0.143315345561727,0.2050324039081175,1.032929104661178,-0.0003687686216609,0.6944249581650631,75.80645161290323,5,0.0,100.0
2023-12-31,278470,,0.179268833645677,,0.4705159965875752,0.2862708514658222,0.8235795025892348,77.41935483870968,3,0.4,75.0
2023-12-31,281740,0.0484360775722315,0.1511021462917617,0.1636556462315192,2.806714147157328,0.0449616447288042,0.8580330839065395,78.49462365591397,5,0.0,100.0
2023-12-31,290650,,0.2312088768056805,,1.6827947877757792,-0.0231319886943289,0.10216094269798448,54.3010752688172,3,0.4,75.0
2023-12-31,293490,0.0057301749816395,0.085238645867007,0.036746538500862,1.936615417432024,0.026961494743009,-0.32708120812513114,36.55913978494624,5,0.0,100.0
2023-12-31,298040,0.0322357591136991,0.0909634105502683,0.0426253288945232,4.0703289202078405,0.0406871769548407,-0.26029018558251704,39.784946236559136,5,0.0,100.0
2023-12-31,298380,-0.0482242786103992,-0.6060494924337938,-0.4794747683092229,1.0391465623125138,-0.0651978317103875,-2.8782465270062136,6.451612903225806,5,0.0,100.0
2023-12-31,307950,,0.0606687199438125,,0.6039740422726945,0.056185330407795,0.2727773694746493,66.12903225806451,3,0.4,75.0
2023-12-31,310210,-0.0983171922474383,0.1444766710147924,0.202652807272415,1.1619959328290377,-0.2114032270309188,-0.9687619817236226,20.967741935483872,5,0.0,100.0
2023-12-31,316140,-0.1106861974185484,,,14.626631934422244,,-1.6,14.78494623655914,2,0.6,40.0
2023-12-31,319400,0.0288932914221387,0.067798001398238,0.0575571670755383,1.390109799720319,-0.022421512267855,-0.007682607895571986,50.0,5,0.0,100.0
2023-12-31,319660,0.0546620871238847,0.2708568838776184,0.2125320911299368,1.3142353642686435,0.0741375942607376,1.8081255710233233,95.16129032258065,5,0.0,100.0
2023-12-31,323280,-0.0234262522505206,-0.1614658644063764,-0.1510862287049724,1.5572647280971488,0.0455123285183277,-1.8747484268550163,11.827956989247312,5,0.0,100.0
2023-12-31,323410,,8.715828321487152,,8.885842275883109,0.0352078185923176,0.2118697092746748,62.903225806451616,3,0.4,75.0
2023-12-31,326030,-0.0522502416601501,-0.1185771016560896,-0.2038348172176154,2.328912219475595,-0.1024949931986875,-2.8651554947951197,6.989247311827956,5,0.0,100.0
2023-12-31,328130,,-3.680566548367513,,0.5667522085002544,-0.2357550925961984,-1.4043579477258814,17.741935483870968,3,0.4,75.0
2023-12-31,329180,,0.0045234402134326,,3.402656623600505,,-0.5010227148234901,31.182795698924732,2,0.6,60.0
2023-12-31,336370,0.1994266668702871,-0.1831318938871539,1.9429473738428429,1.5897096255475784,-0.0214713284677099,1.0644582234437951,85.48387096774194,5,0.0,100.0
2023-12-31,348370,0.0198182583316779,0.005759473241,0.0602394268495934,2.7431348601221632,0.0551695468764042,-0.23658035541768774,40.32258064516129,5,0.0,100.0
2023-12-31,352820,0.0289590714696037,0.1350803785803194,0.1853465022485116,1.633081076499222,0.008668883022934,0.7045982638961359,76.34408602150538,5,0.0,100.0
2023-12-31,357780,,0.1524333871341939,,1.0978817550887383,0.1530257808277678,0.6414018529514687,75.26881720430107,3,0.4,75.0
2023-12-31,358570,-0.1277125471529598,-20.01347218462721,-17.981221117138134,1.102111556741115,-0.3845248215496388,-3.3121272014447456,3.225806451612903,5,0.0,100.0
2023-12-31,373220,,3.3918974706267075,,0.8310593179834932,0.0416700981982962,0.9794498484904243,80.10752688172043,3,0.4,75.0
2023-12-31,376900,0.0188797188813245,-0.5933963055928911,-0.5356543377104076,-0.1180623763722909,-0.3259657561014734,-2.1495974504998223,10.21505376344086,5,0.0,100.0
2023-12-31,377300,,-0.0599486310247617,,1.0633737181842204,0.0674092805841129,-0.027226834399521643,48.924731182795696,3,0.4,75.0
2023-12-31,388720,-0.0035683295833043,-0.2257481086958769,-0.0140765268205182,2.2454519126573733,-0.0054092790756231,-1.5044926173639097,16.666666666666664,5,0.0,100.0
2023-12-31,389470,-11.841575617179965,-68.19351876667325,-313.2862035310246,28.22323718901437,-0.2201612289732074,-4.0,0.5376344086021506,5,0.0,100.0
2023-12-31,397030,-0.046888161837914,-21.865530315,-16.947743715,1.295415325296636,-0.1152515500946114,-3.1245859815344925,4.301075268817205,5,0.0,100.0
2023-12-31,402340,0.0516641686635036,-1.0640041137505147,1.6281097430234168,1.1120345386770611,0.0109134458205102,0.4994805675581012,72.58064516129032,5,0.0,100.0
2023-12-31,403870,0.0906869743329354,0.5145823611194512,0.4886057071561184,1.163996031611608,0.2080847691827314,3.045846637943789,100.0,5,0.0,100.0
2023-12-31,440110,-0.067844088746697,-46.19976653975243,-44.81885101134152,1.2653645825488482,-0.0712605167697907,-2.9473738554688045,5.913978494623656,5,0.0,100.0
2023-12-31,445680,-0.0459602046625132,-4.564180528993281,-3.743402763692612,1.069332886357785,-0.0944104395522121,-2.997985201652576,5.376344086021505,5,0.0,100.0
2023-12-31,454910,,,,1.0759143736739147,-0.0290852424758736,-0.14513905422818138,43.54838709677419,2,0.6,35.0
2023-12-31,462350,0.1550304528273029,,-1373.593627892897,-0.1691344310995185,-0.3724810805909212,-0.34117608158238677,36.02150537634409,4,0.19999999999999996,80.0
2023-12-31,950160,,-2.960578923483375,,1.1796969342246568,-0.2113531368526066,-1.527745343274849,16.129032258064516,3,0.4,75.0
2024-12-31,000100,,0.0794575382510035,,0.3454393629403564,0.0003646473393785,0.08559717728602327,56.994818652849744,3,0.4,75.0
2024-12-31,000150,,0.0284114114315274,,2.502433321906916,-0.0359336246997244,-0.44334289808239946,33.160621761658035,3,0.4,75.0
2024-12-31,000250,-0.0007993246897901,-0.0155471049292914,-0.00543812604269,1.3841760195810089,0.0334246857523369,-0.6677763571117703,26.42487046632124,5,0.0,100.0
2024-12-31,000270,,0.1086460544292871,,1.674566172715585,0.1142776192619707,0.2689604738831057,65.80310880829016,3,0.4,75.0
2024-12-31,000660,,0.4000415635993917,,0.6594875280085364,0.1732515706018336,0.970660166102782,81.86528497409327,3,0.4,75.0
2024-12-31,000720,,0.013841867643885,,2.3221425733244305,-0.028319709387131,-0.41186025598963283,34.196891191709845,3,0.4,75.0
2024-12-31,000810,,0.512654101568799,,5.288271098933638,0.0312663117378702,0.028712975720331234,52.331606217616574,3,0.4,75.0
2024-12-31,000880,0.0880381744027827,0.0430038214106211,0.2252267773250583,6.110949380833024,0.0115287052260165,1.055507915977032,84.97409326424871,5,0.0,100.0
2024-12-31,001040,,0.0622257555295767,,1.658298729295291,0.0722684051970244,0.07491572518514569,55.95854922279793,3,0.4,75.0
2024-12-31,003230,0.0778463314706688,0.198906908512118,0.1338065786771604,2.009998280495227,0.1765550209566954,1.8489828534529693,93.78238341968913,5,0.0,100.0
2024-12-31,003380,0.0511179390488892,0.0835879307598193,0.0910662262889014,2.669937813633502,0.0445953386315643,0.6268750398667112,73.05699481865285,5,0.0,100.0
2024-12-31,003490,,0.5610073289082647,,1.9922728290165697,0.0907204826816616,0.7920805311126367,77.720207253886,3,0.4,75.0
2024-12-31,003550,,0.4541984732824427,,0.1084729602371511,0.0340307042631581,0.7470330709859904,76.68393782383419,3,0.4,75.0
2024-12-31,003670,-0.0004578311933603,0.0014820241001388,-0.0013094112113133,2.9230191817291526,0.0756344504951929,-0.732097941423332,25.38860103626943,5,0.0,100.0
2024-12-31,005290,0.0348564477487642,0.2421986976754044,0.1303410410382819,1.876251298759332,0.0991958692258963,1.067728567966462,85.49222797927462,5,0.0,100.0
2024-12-31,005380,,0.0834157730610171,,2.744826045469832,-0.0056534392000162,-0.3093959389636811,36.26943005181347,3,0.4,75.0
2024-12-31,005490,,0.040562832509344,,0.6714696354957573,0.043145463416362,0.11074296167681152,58.03108808290155,3,0.4,75.0
2024-12-31,005830,0.0400529943901396,0.5279272301938974,0.4067854355084675,6.4238607416408575,,1.222202514746206,88.08290155440415,4,0.19999999999999996,80.0
2024-12-31,005930,0.0164903353801875,0.1161001053228022,0.0867027842529325,0.2718897779181751,0.1037239793438696,0.6434074417733491,73.57512953367875,5,0.0,100.0
2024-12-31,005940,,,,8.102688109765168,-0.0505251992800803,-0.8572453318784066,23.83419689119171,2,0.6,35.0
2024-12-31,006260,0.0109271591624054,0.0415860832293447,0.0176227462225361,1.7974827568528486,-0.0035813202769615,-0.46177520174217446,32.12435233160622,5,0.0,100.0
2024-12-31,006400,,0.0009273549592488,,0.8048023502516509,-0.0134574687070384,-0.1426720534515959,43.005181347150256,3,0.4,75.0
2024-12-31,006730,-0.0017001786372842,0.2662029293133524,-0.0358270651746907,2.413805807548052,0.0179043006027799,-0.6374514207599769,26.94300518134715,5,0.0,100.0
2024-12-31,006800,,1.6432152776298723,,10.816312345476527,-0.0561957884777382,-0.07482930557071815,45.07772020725388,3,0.4,75.0
2024-12-31,007390,-0.0084079125251644,-0.1695411016432039,-0.0926628067236805,1.105372677289166,0.0029586665141905,-1.481854187205251,16.580310880829018,5,0.0,100.0
2024-12-31,007660,0.0468372078250882,0.1255459255734845,0.0704809290912409,2.13689009097491,0.1404298260080055,0.8993487922741075,79.27461139896373,5,0.0,100.0
2024-12-31,009150,,0.0859839968612733,,0.4717404942354344,,0.1742611991683593,60.62176165803109,2,0.6,60.0
2024-12-31,009540,,0.0637885301754839,,1.359818672922772,,0.0011428166460061007,49.740932642487046,2,0.6,60.0
2024-12-31,009830,,-0.0292044034667424,,1.9305722213751249,-0.0216404310100261,-0.39035304510448177,34.715025906735754,3,0.4,75.0
2024-12-31,010120,0.0252607499533838,0.0650715917249426,0.0454083725748012,1.1647522432678634,0.0300215244852248,0.14745774674497242,59.067357512953365,5,0.0,100.0
2024-12-31,010130,,0.0467713943393518,,1.4464588338972568,0.028073356677827,-0.05049875151644553,47.66839378238342,3,0.4,75.0
2024-12-31,010140,,0.0516020587596225,,4.040539582561497,-0.0023422276835244,-0.5508949045546376,29.533678756476682,3,0.4,75.0
2024-12-31,010620,,0.0327098292825866,,1.231068854320705,0.1364533686724035,0.29976444138783576,67.35751295336787,3,0.4,75.0
2024-12-31,010950,,-0.0469365111485921,,1.5630480933883313,0.0004755500837129,-0.288614198754222,36.787564766839374,3,0.4,75.0
2024-12-31,011070,,0.0229425939115143,,1.3750968170990128,0.0040050758600936,-0.14783962583726556,42.487046632124354,3,0.4,75.0
2024-12-31,011200,0.0043383629358221,0.4114198278143458,0.0448664745915896,0.2248648796143823,0.119451533031812,0.7200600368926648,75.64766839378238,5,0.0,100.0
2024-12-31,012330,,0.0648884772595082,,1.4371795410117525,0.0539529898991558,0.05713119836748727,54.92227979274611,3,0.4,75.0
2024-12-31,012450,0.0757448419879405,0.2147570066853959,0.1432461120460299,4.974491080305128,-0.0537122904858888,0.8004822265731313,78.23834196891191,5,0.0,100.0
2024-12-31,015760,0.019243830850356,0.130100316216033,0.0340533667914808,6.144720390662782,0.0527868619119441,-0.4847374742628703,31.606217616580313,5,0.0,100.0
2024-12-31,016360,0.0348040857928856,0.9403851256950968,0.6972321096801357,8.764764197888592,,1.280999635833461,89.11917098445595,4,0.19999999999999996,80.0
2024-12-31,017670,0.0249901737654455,0.1176630882073238,0.0700123335930277,1.3462958439996038,0.129488880753319,0.6155105730532435,72.53886010362694,5,0.0,100.0
2024-12-31,018260,,0.0708184335925277,,0.3629938749309224,0.0455104214939758,0.21044384205204186,62.17616580310881,3,0.4,75.0
2024-12-31,018880,-0.0076536058418416,0.0374899441443782,-0.0077700956733316,3.827047537090773,0.0429419240648364,-1.0761724034558702,19.170984455958546,5,0.0,100.0
2024-12-31,021240,0.0568432749257125,0.1881706921200332,0.1359302763863333,0.7747866805895853,0.0508831909707917,1.407371482756542,91.19170984455958,5,0.0,100.0
2024-12-31,024110,,24.540227917441065,,12.590414478138218,,0.20000000000000007,61.6580310880829,2,0.6,60.0
2024-12-31,028050,0.0415457407442999,0.0880119252378336,0.0682971119582549,2.2155910288225216,0.0507086349248631,0.4567404290808932,71.50259067357513,5,0.0,100.0
2024-12-31,028260,0.0207569656225342,0.1076107820866237,0.0639114716216966,0.6232841721048663,0.0299444184136003,0.3081593717300384,67.87564766839378,5,0.0,100.0
2024-12-31,028300,0.0010024881642167,-1.1537241163822016,0.0347800927644763,0.4473558098288376,-0.1071502299041309,-1.4092381017948574,17.098445595854923,5,0.0,100.0
2024-12-31,029780,0.0205738254315813,0.2534221273038224,0.1909958758434023,3.469792812786502,,0.6766554779811085,74.61139896373057,4,0.19999999999999996,80.0
2024-12-31,030200,,0.0697425771438317,,1.2281606406370178,0.1029243056226764,0.24920325606086738,65.28497409326425,3,0.4,75.0
2024-12-31,030530,,0.0749415262452531,,1.5226984331521256,0.0461686147852209,0.03375067765528614,52.84974093264248,3,0.4,75.0
2024-12-31,031980,0.0517075157311689,0.3655661932331912,0.5079316950216852,1.216319078844392,0.0981716386519303,2.0205835146841857,95.33678756476684,5,0.0,100.0
2024-12-31,032640,,0.064721014823492,,1.3263828946515686,0.1252603583906482,0.29564855543355467,66.83937823834198,3,0.4,75.0
2024-12-31,032830,0.0178577966564705,0.8548287663952722,15.174401054399354,8.861810540700807,,1.0,83.41968911917098,4,0.19999999999999996,80.0
2024-12-31,033780,0.0261238259396782,0.296042910808702,0.1711273299870386,0.4596591461680421,0.0678236657914712,1.3234503090111573,90.67357512953367,5,0.0,100.0
2024-12-31,034020,,0.0338056992406727,,1.2220626143800402,-0.0375242767822757,-0.2367235699043394,40.932642487046635,3,0.4,75.0
2024-12-31,034220,-0.0669202433179373,-0.0265131516403324,-0.3298092341719657,3.9731483270425536,0.0317374434749394,-2.3461707054929293,8.808290155440414,5,0.0,100.0
2024-12-31,034730,0.0059839715603548,0.0167467765353597,0.0138462490231158,1.5619175889347907,0.0331226858458824,-0.4460197957491002,32.64248704663213,5,0.0,100.0
2024-12-31,035420,,0.1934297947689023,,1.4261686119818868,0.0461458648418226,0.21845270044443485,63.212435233160626,3,0.4,75.0
2024-12-31,035720,0.0055385635237231,0.0679326955584415,0.0408624577583939,1.8126980547980769,0.0381514431316659,-0.2751930707424727,38.34196891191709,5,0.0,100.0
2024-12-31,035760,,0.0140801638436986,,1.5840211518184013,0.1012622356533954,0.10781359944807055,57.51295336787565,3,0.4,75.0
2024-12-31,035900,0.0854721881172649,0.2839164144291429,0.2275532690018762,1.291081878667037,0.0273654570310846,2.0705593143302163,95.85492227979275,5,0.0,100.0
2024-12-31,036830,,0.1726094793314308,,1.25380416054758,0.0348673119803105,0.1811528143038342,61.13989637305699,3,0.4,75.0
2024-12-31,036930,,0.3544144301069219,,0.6082632443217119,0.1606376775732173,0.9135813657470921,79.79274611398964,3,0.4,75.0
2024-12-31,039030,0.0142766737364742,0.1256915077717317,0.1069496957955495,1.0857923494831774,0.0417173600614886,0.3955098652540142,69.43005181347151,5,0.0,100.0
2024-12-31,039200,0.1395352469232354,0.6761346320078009,0.6629011924489258,1.2403630452466068,-0.1049475073742265,2.1630434023981664,97.40932642487047,5,0.0,100.0
2024-12-31,039490,,-241.41967416018477,,9.421715323629776,-0.0787133617438591,-1.74465422184039,11.398963730569948,3,0.4,75.0
2024-12-31,041510,,0.0550421747507679,,1.676110539713095,0.0387488768681151,-0.04213142772014596,48.18652849740933,3,0.4,75.0
2024-12-31,042660,,0.0094637427602958,,2.914828219494224,-0.161903108373426,-0.9267071504996645,22.797927461139896,3,0.4,75.0
2024-12-31,042700,0.030878001976337,0.4762240832624814,0.470144857813328,0.3157044436200406,0.0777214344557308,1.9133693620414558,94.30051813471503,5,0.0,100.0
2024-12-31,047050,0.0352804265782678,0.0427519337981142,0.0242608306484461,1.3776216327807418,0.0293822965529498,0.14455795829023416,58.549222797927456,5,0.0,100.0
2024-12-31,047810,0.039239071136226,0.0840811292998261,0.0748096888404006,4.320269679484847,-0.0694413452210191,-0.2635900320335428,39.89637305699482,5,0.0,100.0
2024-12-31,051910,,0.0393323082668752,,0.9465235200004488,0.0313714730437351,0.028684063806109387,51.813471502590666,3,0.4,75.0
2024-12-31,055550,-0.0929761379207611,,,11.230672355344328,,-1.6,14.766839378238341,2,0.6,40.0
2024-12-31,056190,-0.0026218963726074,-0.3321580271724513,-0.0104229409828363,0.6044189176603663,0.1104148154186526,-0.811651415769168,24.352331606217618,5,0.0,100.0
2024-12-31,058470,0.0418120549812778,0.4448959721192597,0.3558305097723432,0.0688779363926602,0.1270115811886713,2.219262482707237,97.92746113989638,5,0.0,100.0
2024-12-31,058610,0.0102861206276763,0.0359035798430658,0.0269551789664937,1.6181974409844595,0.0212809375264415,-0.3302039849430294,35.233160621761655,5,0.0,100.0
2024-12-31,060370,0.0332485981037814,0.1935812407355106,0.1824987715224469,0.1100404144435164,0.0153351073702323,1.2262398132578474,88.60103626943005,5,0.0,100.0
2024-12-31,064350,0.0270228252963314,0.0443550010304243,0.0430994304124612,1.428862127310366,-0.0213122847848604,-0.06522735704943385,46.63212435233161,5,0.0,100.0
2024-12-31,064400,,0.1398279692531975,,0.9755083757030788,0.1254691092170902,0.45953800580738047,72.02072538860104,3,0.4,75.0
2024-12-31,064760,0.0376202157206741,0.298270101069011,0.2475426449460318,1.0730627867567435,0.0803681798726063,1.658376664540044,92.74611398963731,5,0.0,100.0
2024-12-31,065350,0.0035248709292177,0.0325436623689792,0.0049312052684191,2.414709230804277,-0.0178627726360966,-0.8007677328953702,24.870466321243523,5,0.0,100.0
2024-12-31,066570,0.0197638681032038,0.0339045569676191,0.023438892789437,1.634058092681026,0.0331741506837529,-0.15838654001169433,41.968911917098445,5,0.0,100.0
2024-12-31,066970,-0.0910534941560717,-0.2059464693346565,-0.218842677251187,3.552855449522666,0.0721429181223364,-2.4105038161799444,7.772020725388601,5,0.0,100.0
2024-12-31,067310,,0.1121488107444663,,3.2220406781440603,0.0167381021206282,-0.2748559620746586,38.860103626943,3,0.4,75.0
2024-12-31,068270,,0.2354898766499133,,0.1923401471367866,0.0293463989383234,0.4198160891144554,70.46632124352331,3,0.4,75.0
2024-12-31,068760,,0.1065090136843945,,1.673312139267258,0.0410463361525229,0.039021307563314414,54.40414507772021,3,0.4,75.0
2024-12-31,071050,0.0352556721420662,12.068866727934958,10.442620796970504,9.921812813888828,-0.0376743820705979,1.0710916073869692,86.01036269430051,5,0.0,100.0
2024-12-31,078600,0.0003965296123188,0.145980770358622,0.0009195830277976,3.261549143259326,0.0276844872137247,-0.7032492255756423,25.906735751295333,5,0.0,100.0
2024-12-31,078930,0.0021294237655069,0.0981235353553037,0.0060503737735749,1.8942013568853056,0.0498757076081128,-0.43186968549077287,33.67875647668394,5,0.0,100.0
2024-12-31,079550,0.0347495064775276,0.0701601712550698,0.0550154939533735,4.9521881628218845,0.0871807501886629,-0.06765206610462166,46.1139896373057,5,0.0,100.0
2024-12-31,082270,-0.1092011704603823,-1.98174255925626,-1.829804420438441,0.9240745050833143,-0.1481393499819181,-3.0800026675862573,6.217616580310881,5,0.0,100.0
2024-12-31,083650,0.0165142282618429,0.0485499038434278,0.0177774274938458,5.148777310361828,0.0075157868875548,-0.8575613889282843,23.316062176165804,5,0.0,100.0
2024-12-31,084370,0.0014689494270924,0.2034087837958989,0.0075492044538863,1.2603592862133055,0.1066808975600253,-0.008059010652825438,49.22279792746114,5,0.0,100.0
2024-12-31,085660,0.0164773990562968,-0.3907659410550914,0.6666410228012115,1.7846651400763112,-0.0061868710804015,-0.05902416597797431,47.15025906735752,5,0.0,100.0
2024-12-31,086280,,0.0628041689705047,,0.9036892635639944,0.111146921503543,0.31643784588282614,68.39378238341969,3,0.4,75.0
2024-12-31,086450,0.032314549384888,0.1217671283077461,0.1148446239069549,1.4009564861287844,0.0494231280208992,0.7005223320038179,75.12953367875647,5,0.0,100.0
2024-12-31,086520,,-0.1830070554077354,,2.3219050528219314,0.0349773495117581,-0.4969823427485042,31.088082901554404,3,0.4,75.0
2024-12-31,086790,-0.1176370680320299,12.839181654481155,-21.20251665111839,13.661256884777828,-0.0003406551477918,-1.70162769268365,11.917098445595855,5,0.0,100.0
2024-12-31,086900,0.0075785744637616,0.1114107012752619,0.0701641615986073,1.2545577147671652,0.033387360061713,0.03518621042339565,53.8860103626943,5,0.0,100.0
2024-12-31,087010,-0.2302201354981029,-7.989080068993597,-8.10550455983384,1.9593967043862783,-0.2546051985425173,-3.484891774827969,1.5544041450777202,5,0.0,100.0
2024-12-31,089030,0.0656402085356903,0.1322040200445269,0.3018971662111864,2.336917656213781,0.0319280674753123,1.5341521022053128,92.2279792746114,5,0.0,100.0
2024-12-31,090430,,0.0666910215947263,,0.2501272597163107,0.0248722755095972,0.15851458487012776,60.10362694300518,3,0.4,75.0
2024-12-31,095340,-0.0159803479037389,0.2741292243757044,-0.1338310198420611,1.1104618917222713,0.0423829539985136,-0.9886734491983763,20.72538860103627,5,0.0,100.0
2024-12-31,096530,0.0016935246853495,0.0591587130576209,0.0196322046544648,1.2144821897540534,0.0635400944187549,-0.2791864287935164,37.82383419689119,5,0.0,100.0
2024-12-31,096770,0.0274585451810353,-0.0239755746061389,0.0366841635704525,1.661857494889175,0.0278757248830976,-0.07098031597349894,45.59585492227979,5,0.0,100.0
2024-12-31,097230,-0.0134969491648084,0.0725194372454646,-0.0091250660017899,4.980035880718489,-0.0494014550204057,-1.5993792833306706,15.544041450777202,5,0.0,100.0
2024-12-31,098460,-0.0142646637734389,0.0150091339658772,-0.0955678444270451,0.1798907667417159,0.0742883002576125,-0.9655874713913978,21.761658031088082,5,0.0,100.0
2024-12-31,101490,0.0336466297951936,0.2060831742220822,0.1757368701882143,1.1998307362452794,0.0967482540694607,1.313501386360119,90.15544041450777,5,0.0,100.0
2024-12-31,105560,,,,11.440896343609722,,-0.6,28.497409326424872,1,0.8,15.0
2024-12-31,108490,-0.015976501310575,-0.2052213205002963,-0.2198218402273439,1.080521100299186,0.0329376830242164,-1.6984674903432435,12.435233160621761,5,0.0,100.0
2024-12-31,112040,0.07562306704568,0.2415944883571971,0.1764434965911067,3.5907711405143448,-0.0639695710689217,1.1846829079945584,87.56476683937824,5,0.0,100.0
2024-12-31,115180,-0.1053318437460081,-2.660334391302558,-2.489367565597854,1.0652479301056443,-0.3153276386614183,-3.3425401667822134,4.145077720207254,5,0.0,100.0
2024-12-31,122870,,-0.0426389646188241,,1.231585639221491,-0.0041975337739881,-0.2441907449551871,40.41450777202073,3,0.4,75.0
2024-12-31,128940,0.0280769462589801,0.1407878084418485,0.0965414566053366,0.5832489255330742,0.0906736853863787,0.8279040521876591,78.75647668393782,5,0.0,100.0
2024-12-31,137400,0.033206041497554,0.1541677090921623,0.0899153783896217,3.052679405804265,0.0170599808170205,0.27894396531539906,66.32124352331607,5,0.0,100.0
2024-12-31,138040,0.0635485481286317,0.0601481821272017,0.0601481821272017,10.433034547050635,,0.2117364995949378,62.69430051813472,4,0.19999999999999996,80.0
2024-12-31,138930,0.0199055224895435,1.1652578132655065,1.0536930590945357,13.565178869096906,,1.0339549389691345,84.4559585492228,4,0.19999999999999996,80.0
2024-12-31,140410,-0.1177878752961996,-0.7335173174442047,-2.800967836037776,1.3807926353289344,-0.2305626159573677,-3.392775986022694,2.072538860103627,5,0.0,100.0
2024-12-31,140860,0.0384632621277163,0.2114248786572681,0.1533066729466911,1.4407892998602905,0.0629542173205654,1.1504501123206832,86.52849740932642,5,0.0,100.0
2024-12-31,141080,0.0176520905392965,0.0169947235117221,0.3698164597806648,1.1409623365300456,0.0839727712862058,0.9254930990165132,80.31088082901555,5,0.0,100.0
2024-12-31,145020,0.0492958952685926,0.507859279521484,0.3998662560831812,0.1059879181582641,0.108792876868311,2.3768830609502447,98.96373056994818,5,0.0,100.0
2024-12-31,160190,-0.003221135431721,-0.0230793513664222,-0.012015229410115,1.7201154901713531,-0.0075529069317015,-0.9307470564622425,22.279792746113987,5,0.0,100.0
2024-12-31,161390,0.0320424921387912,0.1930917507332349,0.1283344641692868,1.3227850450297851,0.0852938425902548,0.9862558567401614,82.90155440414507,5,0.0,100.0
2024-12-31,161580,,-0.0397236779553768,,1.7688358182292896,-0.2310904913072805,-1.011967298015563,19.689119170984455,3,0.4,75.0
2024-12-31,166090,0.0231513550412199,0.1891596286974179,0.1289889166717006,0.685608368091466,0.0873218547290509,0.9440663204016543,80.82901554404145,5,0.0,100.0
2024-12-31,178320,0.0293700729295973,0.1057137046707492,0.0757945843406886,2.2031725618289,-0.0467408421006148,0.015850293378630947,50.259067357512954,5,0.0,100.0
2024-12-31,180640,,0.3302928529283938,,1.2730312860148056,0.012362296526195,0.3337484019932898,68.9119170984456,3,0.4,75.0
2024-12-31,183300,0.0361342584130795,0.2269525177152642,0.105386098968285,2.2262467642529065,0.1374849493900333,1.0106372196732374,83.93782383419689,5,0.0,100.0
2024-12-31,195940,0.0119339880178154,0.0968964312611451,0.0631810728933137,1.5081232520227528,0.0361656865774685,0.021464929377408286,50.77720207253886,5,0.0,100.0
2024-12-31,196170,-0.0531529437852833,-1.6683547670866885,-1.9291348510865465,1.6869982127064105,0.1001555371427035,-2.4315232599311822,7.253886010362693,5,0.0,100.0
2024-12-31,204270,-0.1064968101854222,-0.7729906649359506,-1.115133781390573,1.7837073377276411,0.0928112400025823,-2.4696936779651764,6.7357512953367875,5,0.0,100.0
2024-12-31,207940,0.0249697516145442,0.285220638993755,0.2227898388939852,0.5131251631291844,0.0792256088140141,1.515553434898351,91.70984455958549,5,0.0,100.0
2024-12-31,213420,0.0278164660792534,0.2285551155408811,0.1939624036630252,1.1490381702459826,0.082541365520771,1.3002573145992264,89.63730569948186,5,0.0,100.0
2024-12-31,214150,0.0482159816339297,0.8815751426392661,0.5020919230127912,1.2681310126135428,0.1456578185622528,2.4796529762148856,99.48186528497409,5,0.0,100.0
2024-12-31,214370,0.0529976812944505,0.6244188222597117,0.5757553155003763,1.0719121686117488,0.0434243552077515,2.26528655409381,98.44559585492227,5,0.0,100.0
2024-12-31,214450,0.0470526680206376,0.3914778145544323,0.2859861656785231,1.1818600331282114,0.1539630213121601,2.158934066768068,96.89119170984456,5,0.0,100.0
2024-12-31,218410,0.0019720778849918,-0.0457049411193045,0.0280460886319087,1.3505842753463029,0.0233598784610581,-0.5304675094290706,30.569948186528496,5,0.0,100.0
2024-12-31,222800,0.0462110219547646,0.001570835786886,0.0657868496029433,3.114926608024593,-0.1170960794682662,-0.26503144520970595,39.37823834196891,5,0.0,100.0
2024-12-31,226950,-0.625526268218723,-35.80072438667542,-39.82646667991568,4.978031383988914,-0.2378981273707377,-3.9654689596368735,0.5181347150259068,5,0.0,100.0
2024-12-31,232140,-0.0036665558874157,-0.0113735234507215,-0.0311367131880421,1.3233741877480418,-0.0233785495019092,-0.9988680588282826,20.207253886010363,5,0.0,100.0
2024-12-31,237690,0.0280269516769283,0.1208170591956939,0.2713660611096505,1.415679478705692,0.0776797472267719,1.182713298175313,87.04663212435233,5,0.0,100.0
2024-12-31,240810,,,,0.3235088145500769,0.0519292422727066,0.23600372581594645,64.24870466321244,2,0.6,35.0
2024-12-31,241560,,0.0703774746064505,,0.7510567366176679,0.0200391083982436,0.06904824163155575,55.44041450777202,3,0.4,75.0
2024-12-31,247540,,-0.0789930889522969,,2.6704251317725785,0.1208855935304085,-0.1373638926704812,43.523316062176164,3,0.4,75.0
2024-12-31,253450,-0.0086298756953656,-0.0103710601902758,-0.0678453862648487,0.2704107678396937,0.156683288047056,-0.5375315388974224,30.05181347150259,5,0.0,100.0
2024-12-31,257720,0.1185987000418799,0.2281842473734284,0.1301378802299599,0.8724845460166883,0.1191546906466578,1.9460112098192106,94.81865284974094,5,0.0,100.0
2024-12-31,259960,,0.4510379874964769,,0.1627564436377208,0.1121603762022639,0.9847873720676776,82.38341968911918,3,0.4,75.0
2024-12-31,263750,,,,1.4353315606030146,0.0019295700703598,-0.09604670725548049,44.559585492227974,2,0.6,35.0
2024-12-31,267250,0.0254098314206568,0.0259986886240659,0.0433775218266055,2.669460144405042,0.0678020533731112,-0.03805860507571206,48.704663212435236,5,0.0,100.0
2024-12-31,267260,,0.2076920477389267,,2.4000169473062227,0.1976081113320396,0.41855644365733224,69.94818652849742,3,0.4,75.0
2024-12-31,272210,0.00370908552561,0.0891758387049796,0.0127423763309096,2.304539206561034,-0.0042927809266175,-0.619723965700257,27.461139896373055,5,0.0,100.0
2024-12-31,277810,,-0.2941946305326973,,1.0337451772079402,-0.0129336332558151,-0.5994370849914773,29.015544041450774,3,0.4,75.0
2024-12-31,278470,,0.1564653728664379,,0.7186847243892942,0.0986862873245188,0.44116094721500015,70.98445595854922,3,0.4,75.0
2024-12-31,281740,0.0241317029431294,0.1219147346227655,0.0907764535633236,2.9032533237802736,-0.0110699197558991,0.02304669525970307,51.29533678756477,5,0.0,100.0
2024-12-31,287840,-0.2700163125082966,-2.347679747733558,-2.626113554555109,2.529525969211451,-0.2735474984173711,-3.5756583451977626,1.0362694300518136,5,0.0,100.0
2024-12-31,290650,-0.0376666717469542,0.0094264476158553,-0.3122325420470064,1.6378795133209034,-0.0354500343031001,-2.0520409786331406,10.362694300518134,5,0.0,100.0
2024-12-31,293490,-0.0076583562349406,0.0294758681002516,-0.0646040107205006,2.061667319157461,0.0139637012539719,-1.1686524590959009,18.65284974093264,5,0.0,100.0
2024-12-31,298040,,0.0972979303898006,,2.8470747789753648,-0.0099161314721106,-0.31904495439822533,35.751295336787564,3,0.4,75.0
2024-12-31,298380,-0.0727257228677326,-1.8508357340604007,-1.6564845845584937,0.3531719903609717,-0.2201054168885387,-3.2122731239606432,5.181347150259067,5,0.0,100.0
2024-12-31,307950,,0.0580294909777799,,0.7467188199276986,0.0811884571661565,0.24170321816099571,64.76683937823834,3,0.4,75.0
2024-12-31,310210,-0.1132435746073482,,,1.1048159208103674,-0.2084307993416055,-1.6957355516955002,12.953367875647666,3,0.4,60.00000000000001
2024-12-31,316140,-0.1192688523842085,,,15.018482805216946,,-1.6,14.766839378238341,2,0.6,40.0
2024-12-31,319400,0.0288932914221387,0.0866446069655024,0.0575571670755383,0.5769183349264346,0.3190577519177872,0.7750455644616421,77.2020725388601,5,0.0,100.0
2024-12-31,319660,0.0518496972459726,0.2468073112155144,0.1986671429967625,1.240820053717385,0.1106399801952289,1.8199135772348742,93.26424870466322,5,0.0,100.0
2024-12-31,323280,-0.0297448840989736,-0.0803899847547551,-0.0810470230268338,1.5948262663180488,0.0220816893892999,-1.6712021214174395,13.989637305699482,5,0.0,100.0
2024-12-31,323410,,12.339133522727272,,8.644226536828192,0.0168397547452816,0.15164717259978627,59.58549222797927,3,0.4,75.0
2024-12-31,326030,0.0172241383250741,0.1416083560145611,0.0461817147713806,2.116046683852159,0.0490927435925147,0.03501403679927663,53.36787564766839,5,0.0,100.0
2024-12-31,328130,,-0.97998836373805,,1.845505978467012,-0.1966611653655194,-1.5771594474443225,16.06217616580311,3,0.4,75.0
2024-12-31,329180,,0.0571169214541114,,2.086945575625688,,-0.1241568379944191,44.04145077720207,2,0.6,60.0
2024-12-31,336370,-0.0357404642356729,-0.1385428214035132,-0.2698562901381195,1.7597409932004795,-0.0791574160767895,-2.386588528649197,8.290155440414509,5,0.0,100.0
2024-12-31,347850,,-3.602820742720412,,1.3592408374060818,-0.1329547467095768,-1.3021966145179198,18.134715025906736,3,0.4,75.0
2024-12-31,348370,-0.1191117179420877,-0.0529138232967815,-0.5454359439786687,1.9127167211417055,-0.0370831522391608,-2.269294599170548,9.32642487046632,5,0.0,100.0
2024-12-31,352820,0.0289590714696037,0.1026535055396692,0.1853465022485116,0.6140613100895839,0.009285506804825,0.9559548637827295,81.34715025906736,5,0.0,100.0
2024-12-31,357780,,0.1806234201340214,,0.1024704009973844,0.1780418331451324,0.7282189956788232,76.16580310880829,3,0.4,75.0
2024-12-31,358570,-0.2183060410177487,-569.1957861265344,-585.9466717404966,1.3625071689122372,-0.3914453092542317,-3.3898648758996863,2.5906735751295336,5,0.0,100.0
2024-12-31,373220,,0.0651743577165108,,0.9870834782285252,0.0379069873513933,0.07943961902233093,56.476683937823836,3,0.4,75.0
2024-12-31,376900,0.0208488545894455,-0.7548679609539233,-0.6884841192574386,-0.1299508847549381,-0.4782661136221082,-2.157079965175302,9.844559585492227,5,0.0,100.0
2024-12-31,377300,,-0.0599486310247617,,2.194983758041895,0.0409733106587462,-0.28224439445018523,37.30569948186528,3,0.4,75.0
2024-12-31,388720,0.0012349808650182,0.0139097981682679,0.0086144688029203,1.2279975010835276,-0.0046494968419351,-0.6178408683620429,27.979274611398964,5,0.0,100.0
2024-12-31,389470,-0.5584155582756999,-24.73617376109432,-52.5810555607607,1.950332352332684,-0.1411978201675742,-3.2218614582599585,4.66321243523316,5,0.0,100.0
2024-12-31,397030,-0.0457943623260431,-0.1173850581305523,-0.1505740301274623,1.3009266751747437,0.1809924160848022,-1.6712327879482758,13.471502590673575,5,0.0,100.0
2024-12-31,402340,0.0516641686635036,2.5398446345589747,1.6281097430234168,1.1181930542145626,0.0053989872513706,2.125771011485171,96.37305699481865,5,0.0,100.0
2024-12-31,403870,0.0671743231251841,0.5262153680936547,0.343004118983138,1.1985861391646628,0.1288368107929718,2.6046465693928176,100.0,5,0.0,100.0
2024-12-31,437730,0.0171494290792815,0.076558604651531,0.0806817138739513,1.245020557530416,0.042765732807517,0.2250206708974768,63.730569948186535,5,0.0,100.0
2024-12-31,440110,-0.067844088746697,-46.19976653975243,-44.81885101134152,1.2370357855549,-0.5181862488385256,-3.3698893934090766,3.6269430051813467,5,0.0,100.0
2024-12-31,443060,,0.1807724274029996,,0.6348003747859556,0.1915043928900895,0.6610976507888058,74.09326424870466,3,0.4,75.0
2024-12-31,445680,-0.0794433971409096,-3.4257076454490147,-4.2236322542010365,1.5821606426488604,-0.1159789149329628,-3.085045738723789,5.699481865284974,5,0.0,100.0
2024-12-31,454910,,,,1.0450214536976403,-0.0612655203157854,-0.22987011714033845,41.45077720207254,2,0.6,35.0
2024-12-31,456160,0.0252684193011288,-14.072771915567484,-14.604964539770505,-0.2445009429132663,-0.2149659484028413,-2.0509566326814523,10.880829015544041,5,0.0,100.0
2024-12-31,458870,-0.1608126018867621,-3.5911371530060503,-3.508504702523326,1.2820557506377757,-0.3092049334694739,-3.377056729100911,3.1088082901554404,5,0.0,100.0
2024-12-31,462350,0.1414259889338429,-31.201526991387286,-30.517718958240653,1.1506138364278236,-0.4565543642411762,-1.39666432410944,17.616580310880828,5,0.0,100.0
2024-12-31,950160,,-2.767622928359354,,0.2955924139482149,-0.0799657539518526,-0.9685460947517219,21.243523316062177,3,0.4,75.0
2025-12-31,000100,,0.0386198146675436,,0.377228117378478,0.0322733224568318,0.06160171575499642,52.26130653266332,3,0.4,75.0
2025-12-31,000150,,0.0519429561592546,,1.6413012345620566,-0.0138382365116101,-0.2409852719569508,37.185929648241206,3,0.4,75.0
2025-12-31,000250,0.0125676381882277,0.0591755719723975,0.0768875368587287,1.4928870839676682,0.0003179422299378,-0.34813960570494046,34.67336683417086,5,0.0,100.0
2025-12-31,000270,,0.0509743119971573,,0.6675430449211788,0.0880723829798147,0.21383434620871006,62.311557788944725,3,0.4,75.0
2025-12-31,000660,,0.4655987180460952,,0.4842571034964714,0.2190277456743196,1.1320111358201976,83.41708542713567,3,0.4,75.0
2025-12-31,000720,,0.0132292097496329,,2.7093341052916124,-0.0891901462747273,-0.7035638490829849,25.125628140703515,3,0.4,75.0
2025-12-31,000810,,0.4761479393670628,,3.8335762112336726,0.0193680937987764,0.3451913255835786,67.8391959798995,3,0.4,75.0
2025-12-31,000880,0.0880381744027827,0.0755740116290804,0.2252267773250583,5.1630990015510205,0.0185985315482793,1.1848605577721172,84.92462311557789,5,0.0,100.0
2025-12-31,0009K0,-0.058493684917856,-51.35590800572893,-45.53039013392156,1.035253337307004,-0.0236462016674462,-2.718938379813055,9.045226130653267,5,0.0,100.0
2025-12-31,001040,,0.0582460929400115,,1.7555586586469567,0.068623733927559,0.00761657035098573,49.74874371859296,3,0.4,75.0
2025-12-31,003230,0.0778463314706688,0.2071146890294989,0.1338065786771604,1.897446120120212,0.1166465473449482,1.7638949907610795,91.4572864321608,5,0.0,100.0
2025-12-31,003380,0.0167599412393941,0.0771843262327253,0.0309518307275723,2.7490699704247894,0.0545837088824373,-0.4934022346708814,31.155778894472363,5,0.0,100.0
2025-12-31,003490,,0.1143495871726463,,3.3259959181608623,0.0745202066172994,-0.09886695473517018,45.22613065326633,3,0.4,75.0
2025-12-31,003550,,0.3562378030892463,,0.104882760411495,0.0227930061943056,0.6553826940025401,75.87939698492463,3,0.4,75.0
2025-12-31,003670,0.0103831090585583,0.0762117957286266,0.053096931655208,2.0395144198858954,-0.0206805489775389,-0.6671836680454066,26.633165829145728,5,0.0,100.0
2025-12-31,005290,0.0348564477487642,0.3152499990308252,0.1303410410382819,0.8155351434871156,0.0762517744380443,1.4262558501402913,87.93969849246231,5,0.0,100.0
2025-12-31,005380,,0.05430623639918,,1.827611786956804,-0.0110059426690225,-0.2552300696911785,35.678391959798994,3,0.4,75.0
2025-12-31,005490,,0.0370062571246238,,0.6533406254434841,0.0258915987365119,-0.0017568383005555337,49.246231155778894,3,0.4,75.0
2025-12-31,005830,0.0328355576690383,0.4971969039759348,0.3696605414662175,7.138549185426102,,1.3696813280999196,87.43718592964824,4,0.19999999999999996,80.0
2025-12-31,005930,,0.1413643392574868,,0.2664031293681372,0.107924112364096,0.5059114350999321,71.85929648241206,3,0.4,75.0
2025-12-31,005940,0.0332546029436848,,,7.948916229379168,-0.0675673561531187,-0.5027315738983198,30.65326633165829,3,0.4,60.00000000000001
2025-12-31,006260,,0.0699169761739864,,2.080447155509048,0.0228063679798942,-0.1588558969989951,40.7035175879397,3,0.4,75.0
2025-12-31,006400,,0.0880251672360015,,0.7967353771324466,0.0109120628752951,0.02814645654474359,50.753768844221106,3,0.4,75.0
2025-12-31,006730,0.0262569978501757,0.3032494822993751,0.4854346871625565,2.390276438199321,0.0179279084736492,1.224329213062328,86.4321608040201,5,0.0,100.0
2025-12-31,006800,,0.0333905288792045,,10.218146846230686,-0.0409186493163772,-0.9163373037790223,22.613065326633166,3,0.4,75.0
2025-12-31,007390,-0.0202520391997848,-0.3571129381819893,-0.3256583984127127,1.137192762996263,-0.0046802273707066,-2.6756646856482345,9.547738693467336,5,0.0,100.0
2025-12-31,007660,0.0659912587007856,0.197309024894428,0.1594390639735061,1.6306284049124329,0.1017711736965098,1.8948017851527557,93.96984924623115,5,0.0,100.0
2025-12-31,009150,,0.0900913988737037,,0.4685552947691982,,0.1392523972888927,55.778894472361806,2,0.6,60.0
2025-12-31,009540,,0.0637885301754839,,1.4089041024168796,,-0.04931532954194918,47.73869346733669,2,0.6,60.0
2025-12-31,009830,,-0.0022049058411873,,1.8925974064514428,-0.0087867592783469,-0.3654977606537536,33.165829145728644,3,0.4,75.0
2025-12-31,010120,,0.1102540476735396,,1.2593920371609906,0.0564237910576783,0.14215998270572877,56.28140703517588,3,0.4,75.0
2025-12-31,010130,,0.0657259255940741,,0.9629821478507306,-0.0328570447172647,-0.17329057579248386,39.698492462311556,3,0.4,75.0
2025-12-31,010140,,0.09036008878647,,3.685215436617335,0.1126819169188021,-0.08013816641585547,45.7286432160804,3,0.4,75.0
2025-12-31,010620,,0.1544257699937926,,1.1629224804031666,0.1158952633189685,0.42319150435911085,69.84924623115577,3,0.4,75.0
2025-12-31,010950,0.0073104198870809,0.0272377901046977,0.0075107835463385,1.8902239933657297,0.0834255742144918,-0.7824794462834959,24.120603015075375,5,0.0,100.0
2025-12-31,011070,,0.0379461063937687,,1.1409628915218146,0.0755548850282104,0.08083513413164378,54.773869346733676,3,0.4,75.0
2025-12-31,011200,,0.1096792334591589,,0.2548689707809763,0.0842235005393095,0.3744859580008636,68.84422110552764,3,0.4,75.0
2025-12-31,012330,,0.0519094285418534,,1.457964255939703,0.0534798907856014,-0.00714338104324877,48.743718592964825,3,0.4,75.0
2025-12-31,012450,0.0757448419879405,0.244903383660613,0.1432461120460299,3.217846200051833,-0.0016630024040203,1.3351015722013961,86.93467336683418,5,0.0,100.0
2025-12-31,015760,0.0793698939903872,0.204984523645108,0.137457029468326,5.300198842629095,0.0687036466141279,1.1334374211379281,83.91959798994975,5,0.0,100.0
2025-12-31,016360,0.0412349575042634,1.9452837888694412,1.4967976830259555,9.669447701206686,,1.6078399155879262,89.44723618090453,4,0.19999999999999996,80.0
2025-12-31,017670,-0.014119044005967,0.0121762746904021,-0.0419125986912226,1.4469035503936678,0.0976899844808923,-1.6072633920945287,17.587939698492463,5,0.0,100.0
2025-12-31,018260,,0.0684971624018337,,0.3253308301716169,0.0680976528467655,0.23619355695234434,63.81909547738693,3,0.4,75.0
2025-12-31,018880,0.018088474562169,0.0352225413504999,0.0204278424139895,3.4567067858390645,-0.0020712659325478,-0.8781664668533551,23.115577889447238,5,0.0,100.0
2025-12-31,021240,,0.1937637528531222,,0.9531591345895052,-0.0006282727677822,0.1708072178104904,59.2964824120603,3,0.4,75.0
2025-12-31,024110,,11.026702777457649,,13.718476113317989,,0.18541221822267817,60.80402010050251,2,0.6,60.0
2025-12-31,028050,0.0415457407442999,0.0884676565904497,0.0682971119582549,1.017327246015711,0.0602978294454741,0.7271979027113856,79.39698492462311,5,0.0,100.0
2025-12-31,028260,,0.0978656583380263,,0.5395664849663517,0.0391457877102258,0.1715271671880903,59.798994974874375,3,0.4,75.0
2025-12-31,028300,0.0010024881642167,-1.1537241163822016,0.0347800927644763,0.5534020667401681,-0.0826552978115987,-1.7980851391060013,15.07537688442211,5,0.0,100.0
2025-12-31,029780,0.0205738254315813,0.2534221273038224,0.1909958758434023,3.710947088149835,,0.7062785364680152,78.39195979899498,4,0.19999999999999996,80.0
2025-12-31,030200,,0.0755157972782483,,1.2332760088091674,0.0918372279030826,0.18875697334468977,61.30653266331658,3,0.4,75.0
2025-12-31,030530,,-0.056261164309982,,0.4989160770241347,0.0336531878208531,-0.13259888381593726,43.21608040201005,3,0.4,75.0
2025-12-31,031980,0.0804460166089522,0.4553949043749816,0.4297737449221784,1.1651394369926498,0.0982864524835219,2.741352753491193,99.49748743718592,5,0.0,100.0
2025-12-31,032640,,0.0403082847025983,,1.1896164571989627,0.1052479427439609,0.16942164489588712,58.79396984924623,3,0.4,75.0
2025-12-31,032830,0.0199707262825005,0.1256125605942789,2.517899508627964,8.193420034053434,,0.2998045602286852,66.83417085427136,4,0.19999999999999996,80.0
2025-12-31,033780,0.0456710545762732,0.2311668812947638,0.2080262959165017,0.6120378556052878,0.0449260461778768,1.9777873048302013,94.9748743718593,5,0.0,100.0
2025-12-31,034020,,0.0353212983364902,,1.277723768117652,-0.0238615256240929,-0.24985505899281574,36.68341708542713,3,0.4,75.0
2025-12-31,034220,,0.1299086799276672,,3.6275963715010646,0.0300534359461009,-0.25036033804531915,36.18090452261307,3,0.4,75.0
2025-12-31,034730,,0.026654754819746,,1.5062734788476997,0.0240767781698183,-0.1526766209215196,41.20603015075377,3,0.4,75.0
2025-12-31,035420,,0.1818473256383625,,1.4159476340725488,0.0527702849719425,0.24407798369483147,65.32663316582915,3,0.4,75.0
2025-12-31,035720,0.0131616851152583,0.0997075219727724,0.0924300957062868,1.835167686846168,0.0348447558184196,-0.10399641874308749,44.72361809045226,5,0.0,100.0
2025-12-31,035760,0.0220176996850681,0.0141064354212279,0.0640477519760416,1.503745636304482,0.1022281180243152,0.06618708370640622,52.76381909547738,5,0.0,100.0
2025-12-31,035900,0.0454144033211428,0.1753543258171351,0.1167784028459034,0.4448558261797458,0.0803822328434305,1.4427120808067033,88.44221105527639,5,0.0,100.0
2025-12-31,036830,0.0455654660619264,0.0780890415054254,0.5085338631243619,0.4520645182897969,0.0322329239791271,1.6701378425960616,89.9497487437186,5,0.0,100.0
2025-12-31,036930,0.0128637942185287,0.0570975708285625,0.1298807075356926,1.46880553002577,-0.0623724244446317,-0.21039871407604682,38.19095477386934,5,0.0,100.0
2025-12-31,039030,0.0346948643651497,0.2586939204154118,0.2305307263756505,1.12384668569929,0.0962387550837591,1.8048394308911688,92.96482412060301,5,0.0,100.0
2025-12-31,039200,0.0052669336512534,-0.041719037597669,0.0723858172716633,1.2537289918780674,0.0491530463087102,-0.5881220098861325,29.145728643216078,5,0.0,100.0
2025-12-31,039490,0.0541080526898905,0.1213350843105166,0.0956666400176101,10.244687625450892,-0.01005565565742,0.44569023798710644,70.85427135678391,5,0.0,100.0
2025-12-31,041510,0.0345373255201333,0.1499223010523812,0.1389509280168244,0.51479031020871,0.0387488768681151,1.0841425014619206,82.41206030150754,5,0.0,100.0
2025-12-31,042660,,0.0958401947659735,,2.38453835768943,0.0273945494584652,-0.14023083202068928,42.71356783919598,3,0.4,75.0
2025-12-31,042700,0.1000757002928908,0.4079977019485694,0.395311988231399,1.1940601966316209,0.1788963240418758,2.717859586604895,98.49246231155779,5,0.0,100.0
2025-12-31,047050,,0.0382938788975957,,1.3456181691387523,0.0840407510581527,0.0774292109565168,54.2713567839196,3,0.4,75.0
2025-12-31,047810,0.0211241339472848,0.0857289423161435,0.0554972998835061,5.460992663890173,-0.0736476830992152,-0.9924173614172171,22.110552763819097,5,0.0,100.0
2025-12-31,051910,,0.0607095998006461,,1.130182496991898,0.0577874414486599,0.07112473347009868,53.266331658291456,3,0.4,75.0
2025-12-31,055550,,,,12.92458092235619,,-0.6,28.391959798994975,1,0.8,15.0
2025-12-31,056190,0.0156249292580992,0.1274497163653256,0.1126240673995925,1.5421918691977017,0.0583797938699152,0.25664730443528805,66.33165829145729,5,0.0,100.0
2025-12-31,058470,0.0418120549812778,0.4983522642964785,0.3558305097723432,0.1057118980459135,0.1875709312437674,2.6664471580882703,97.98994974874373,5,0.0,100.0
2025-12-31,058610,0.0143988613034446,0.0586679465576275,0.0433619459661352,1.676139989614332,0.0519124648757509,-0.3698745678685906,32.663316582914575,5,0.0,100.0
2025-12-31,060370,0.0051444767082064,0.0266696464227624,0.0418261268519841,0.1273783198867,0.0422180654925049,-0.5209806422892217,30.15075376884422,5,0.0,100.0
2025-12-31,064350,,,,1.278428045361985,0.1014938071342897,0.22984843360004478,63.31658291457286,2,0.6,35.0
2025-12-31,064400,,0.1050511014521427,,0.7072955772776842,0.0507440146683652,0.19613555262331478,61.80904522613066,3,0.4,75.0
2025-12-31,064760,0.0376202157206741,0.2823959832792058,0.2475426449460318,1.0804090428433393,0.0385107687562017,1.7614344936078574,90.95477386934674,5,0.0,100.0
2025-12-31,065350,0.0156962794004113,0.0232508644521513,0.0236215268435666,2.842499267046504,0.0173903557919895,-0.7986993128295914,23.618090452261306,5,0.0,100.0
2025-12-31,066570,,0.0314951594544224,,1.4952138017252936,0.0546425878107882,-0.047896307772348115,48.24120603015075,3,0.4,75.0
2025-12-31,066970,-0.0910534941560717,0.0339140854310012,-0.1813798857606109,3.552855449522666,-0.0029047581664179,-2.3232789244699825,11.557788944723619,5,0.0,100.0
2025-12-31,067310,,0.1121488107444663,,3.314718651765356,0.0533027506827864,-0.16660319373245147,40.20100502512563,3,0.4,75.0
2025-12-31,068270,,0.2929261571043172,,0.2516736001436591,0.0240115420306691,0.5385347409412237,72.8643216080402,3,0.4,75.0
2025-12-31,068760,0.0268726201856244,0.1165773889801699,0.082930470506245,1.748998830560938,0.1061830019768891,0.48903021204854114,71.35678391959799,5,0.0,100.0
2025-12-31,071050,0.0641304636326579,7.909115466299043,6.286253213607064,9.542413129178383,-0.0376743820705979,1.7772552496961787,91.95979899497488,5,0.0,100.0
2025-12-31,078600,0.0265353484558565,0.0941797910924886,0.1029130217101535,2.6180758229369085,0.0154362800483734,0.15156822863023015,57.286432160804026,5,0.0,100.0
2025-12-31,078930,0.0216705180645763,0.1331985284892534,0.062380084787514,1.8965071020712927,0.0453822401782292,0.04025239657561002,51.256281407035175,5,0.0,100.0
2025-12-31,079550,0.0371773048225278,0.085387571219393,0.0516518886278309,5.048992714443743,-0.0875933803155808,-0.5516336977044312,29.64824120603015,5,0.0,100.0
2025-12-31,082270,-0.0500958268510214,0.145309647255553,-0.5065922526463997,2.13449286438525,-0.0585763763281284,-2.0735040416082056,13.06532663316583,5,0.0,100.0
2025-12-31,083650,0.0711261050323503,0.0896647642755004,0.0569909205482755,4.7937150435251565,0.1653037193895128,0.6608696893946897,76.38190954773869,5,0.0,100.0
2025-12-31,084370,0.0189502079654238,0.0831239007588452,0.1379485954199003,1.154136015632648,0.0813427448424612,0.5479646421126769,73.86934673366834,5,0.0,100.0
2025-12-31,085660,-0.0120659403797829,-0.4093045797797414,-0.4661012820917201,2.0634372490710198,-0.0160845330281235,-2.7283694612969756,8.542713567839195,5,0.0,100.0
2025-12-31,086280,,0.0712419562541005,,1.7801667546266828,0.1173899067569352,0.17859630734104615,60.30150753768844,3,0.4,75.0
2025-12-31,086450,0.032314549384888,0.1156545429356382,0.1148446239069549,0.395369565747468,0.0436000027493586,0.8420547291304393,80.90452261306532,5,0.0,100.0
2025-12-31,086520,0.041273873543387,0.1557113498030284,0.1813009074373725,2.0839861219928104,-0.0170543886187635,1.140228749070207,84.42211055276381,5,0.0,100.0
2025-12-31,086790,-0.1176370680320299,12.176776079486263,-21.20251665111839,13.64724697329986,-0.0103222212135035,-1.7386796932358646,15.577889447236181,5,0.0,100.0
2025-12-31,086900,0.0153931813533598,0.1458420011724036,0.1179789085435515,1.2550114540051267,0.0777347171349225,0.41947773739751815,69.34673366834171,5,0.0,100.0
2025-12-31,087010,-0.0138334746263116,-3.89305908418528,-1.2637951859070538,1.2557110165381469,-0.0853001318952361,-2.8719733616088114,6.030150753768844,5,0.0,100.0
2025-12-31,089030,-0.0339482628622675,0.1702610148132704,-0.1601043752342964,2.799615450994984,-0.0344030184176832,-2.049718735160402,13.5678391959799,5,0.0,100.0
2025-12-31,090430,,0.0903591367937791,,0.2400351328953885,0.0539284251719992,0.24522919226429157,65.82914572864321,3,0.4,75.0
2025-12-31,095340,,0.2699982346446776,,0.1526146494424601,0.0364928869372243,0.5334137033040237,72.36180904522614,3,0.4,75.0
2025-12-31,096530,0.0016935246853495,0.0846333989548463,0.0196322046544648,1.213732582900698,0.0850082926131647,-0.6534562264077008,27.1356783919598,5,0.0,100.0
2025-12-31,096770,,0.0279291129863154,,1.7806529121818495,0.0250746050385702,-0.18760492058773665,39.19597989949749,3,0.4,75.0
2025-12-31,097230,,0.0128126879665994,,5.587939741899074,0.0363216232647197,-0.7180947056815046,24.623115577889447,3,0.4,75.0
2025-12-31,098460,0.0262576196026285,0.0778992403391911,0.1402269422742733,0.1932733140590428,0.0079320504004672,0.6654937331212271,77.38693467336684,5,0.0,100.0
2025-12-31,101490,0.0450754539721734,0.1935363456746229,0.2059495880383346,1.4332708313715563,0.0800366433710877,1.8636865780405796,93.46733668341709,5,0.0,100.0
2025-12-31,105560,,,,11.971305594964717,,-0.6,28.391959798994975,1,0.8,15.0
2025-12-31,108490,0.0089689950499526,0.0242702491623691,0.0990562637304878,1.055363383748902,0.0562871378095479,-0.1446987965692551,41.70854271356784,5,0.0,100.0
2025-12-31,112040,,0.1607603398548015,,2.035014431896784,0.0398511373606339,0.07305648788720207,53.768844221105525,3,0.4,75.0
2025-12-31,115180,-0.1305147628756194,-4.154202183479787,-3.919760199929778,1.1342617798597554,-0.3115394941854701,-3.180880673020739,3.015075376884422,5,0.0,100.0
2025-12-31,122870,,0.1798140874947837,,1.3236611873720956,0.0813377005950997,0.3416046853786222,67.33668341708542,3,0.4,75.0
2025-12-31,128940,0.0337492211865096,0.1519789515246851,0.125339307784067,0.5163035133426285,0.0777087835902536,1.102512892630545,82.91457286432161,5,0.0,100.0
2025-12-31,137400,0.033206041497554,0.1252292700180709,0.0899153783896217,2.757285457508903,-0.0049566567445827,0.23654833766285116,64.321608040201,5,0.0,100.0
2025-12-31,138040,0.0604070523592825,0.1169952694931541,0.0906844895082175,11.635202747304636,,0.5448078532799133,73.36683417085426,4,0.19999999999999996,80.0
2025-12-31,138930,0.0268695845244019,2.1855891114867205,1.7209835476559605,14.17754380712246,,1.2025883837512708,85.42713567839196,4,0.19999999999999996,80.0
2025-12-31,140410,-0.1373502986474338,-2.1861583912223423,-2.4106981007800483,2.3533070138311305,-0.1109131892811058,-3.181313755143633,2.512562814070352,5,0.0,100.0
2025-12-31,140860,0.0443289981512754,0.1892591179254502,0.2121042324467933,1.4803146761521606,0.0460584139502061,1.7377802007259482,90.45226130653266,5,0.0,100.0
2025-12-31,141080,0.0176520905392965,-0.5601656180929935,0.3698164597806648,0.2421848850752535,-0.0731997409198313,-0.19851900526682648,38.69346733668342,5,0.0,100.0
2025-12-31,145020,0.0492958952685926,0.4476183814811971,0.3998662560831812,0.1036980606006864,0.0827368251476837,2.6633009257910896,97.48743718592965,5,0.0,100.0
2025-12-31,160190,-0.0344172847891067,-0.1314525601284283,-0.1427856231403533,1.8096798918388384,-0.0686874706939734,-2.583283321538184,10.050251256281408,5,0.0,100.0
2025-12-31,161390,,0.1416233698559368,,1.0216839615823134,0.0323081945986892,0.16274126352483279,57.78894472361809,3,0.4,75.0
2025-12-31,161580,-0.0345243888211232,-0.9092905803607428,-0.7706730003118979,1.6432874405605276,0.0622857755174166,-2.544403284968193,10.552763819095476,5,0.0,100.0
2025-12-31,166090,0.0215801993968156,0.1718041176641999,0.1318419092355042,1.486811632654904,0.0609797879444043,0.6421244773980673,75.37688442211056,5,0.0,100.0
2025-12-31,178320,0.0293700729295973,-0.1728942973339911,0.0757945843406886,3.0308082442235027,-0.0392758360635972,-0.6705560962344496,26.13065326633166,5,0.0,100.0
2025-12-31,180640,,-0.8975902679622262,,0.2811041536543847,0.0282534198099783,-0.6483325648867022,27.63819095477387,3,0.4,75.0
2025-12-31,183300,0.0424537677637938,0.1625040382864582,0.0915746117499137,2.6997571417035413,0.0397951469544357,0.7244593339887166,78.89447236180904,5,0.0,100.0
2025-12-31,195940,0.0146542821152777,0.0992008040406577,0.0711477610075781,0.6745179278827023,0.0550498217870104,0.04071914163353417,51.75879396984925,5,0.0,100.0
2025-12-31,196170,0.0582792608136012,0.5441585105016248,0.449371303705796,1.6920864069959445,0.0924252078424475,2.7264517767183936,98.99497487437185,5,0.0,100.0
2025-12-31,204270,-0.0598505916874351,-0.4584895383060241,-0.3997088751381824,2.131793264943955,-0.0148640729816817,-2.8534813587022314,6.532663316582915,5,0.0,100.0
2025-12-31,207940,0.0249697516145442,0.4390067430825314,0.2227898388939852,0.5055977390084087,0.0995596946384397,1.974826941824971,94.47236180904522,5,0.0,100.0
2025-12-31,213420,0.0315820523719897,0.1779799232110105,0.1433088331616551,1.529107749743812,0.026074737851725,0.8922973973745055,81.4070351758794,5,0.0,100.0
2025-12-31,214150,0.0482159816339297,0.4532454039809747,0.5020919230127912,1.2624635467468293,0.1107096118704396,2.580472419002548,96.98492462311557,5,0.0,100.0
2025-12-31,214370,0.0471278585769449,0.577310184506706,0.5942871454234354,1.0858188082925917,0.0507103268624229,2.476222998749755,95.97989949748744,5,0.0,100.0
2025-12-31,214450,0.0470526680206376,0.4568574011789831,0.2859861656785231,1.4348692637259972,0.1230742609431998,2.56189020776279,96.4824120603015,5,0.0,100.0
2025-12-31,218410,0.0191711148702221,0.1818131422254301,0.1765363107735342,1.3482195680994749,0.0445259134881561,0.8350209248989255,80.40201005025126,5,0.0,100.0
2025-12-31,222800,0.0130939843918637,0.0332282516374579,0.0179752400126553,2.979332725354078,-0.1101041594328375,-1.299489706887912,19.597989949748744,5,0.0,100.0
2025-12-31,226950,-0.0607786565291277,-2.8574654830729167,-2.978883308234185,1.308795709321506,-0.0200519400809594,-2.7481879232324724,8.040201005025125,5,0.0,100.0
2025-12-31,232140,0.013193770819579,0.0734405220577243,0.0886632871301126,1.2742792236242042,0.0416639612078937,-0.07240232222018514,46.231155778894475,5,0.0,100.0
2025-12-31,237690,0.0314065540795316,0.1797691747290713,0.2131765675607098,0.358856566592181,0.046528125178183,1.521827748272848,88.94472361809045,5,0.0,100.0
2025-12-31,240810,,,,0.29075694739459,0.133894644223611,0.436429892807745,70.35175879396985,2,0.6,35.0
2025-12-31,241560,,0.0638180322702552,,0.7445178010970752,0.0617185664359599,0.14593403127068527,56.78391959798995,3,0.4,75.0
2025-12-31,247540,,0.0807610522539609,,2.356229903732537,-0.0425291375677887,-0.37965521219053844,32.1608040201005,3,0.4,75.0
2025-12-31,253450,0.0103845477031768,0.0766908191986825,0.0652044398907021,0.3151385495348918,-0.0259293339131508,-0.354666048226208,33.66834170854271,5,0.0,100.0
2025-12-31,257720,,0.2106824634887808,,0.5963628720618266,-0.0047949800776035,0.2427503534865432,64.82412060301507,3,0.4,75.0
2025-12-31,259960,,0.4004123571369082,,0.1595620089415847,0.106752412896273,0.9974704577645815,81.90954773869346,3,0.4,75.0
2025-12-31,263750,0.0358296879585644,,0.271440390848876,1.3951431922360982,0.0109259462521619,1.204243882283397,85.92964824120602,4,0.19999999999999996,80.0
2025-12-31,267250,,0.0934127654854835,,2.66335381917859,0.0928443545078039,0.015233458910631575,50.25125628140703,3,0.4,75.0
2025-12-31,267260,2.8516001421955177e-05,0.368927819571688,7.596611578530739e-05,2.4878492741663814,0.1631890017426753,-0.35448615639081704,34.17085427135678,5,0.0,100.0
2025-12-31,272210,0.0312353270990273,0.0278816076570989,0.1879280995147224,1.9696564989663243,-0.0195514088411308,0.6633311354222242,76.88442211055276,5,0.0,100.0
2025-12-31,277810,,-0.0673005667347448,,1.0739264831964883,-0.0151766272069725,-0.3883833934966925,31.65829145728643,3,0.4,75.0
2025-12-31,278470,,0.2490723441561214,,0.769751247250847,0.2997375200670784,0.6780030287199337,77.88944723618091,3,0.4,75.0
2025-12-31,281740,0.0035911057478119,0.0381529715638158,0.0129999626377202,2.7228957197140016,0.0299900894691175,-1.120127346336213,21.105527638190953,5,0.0,100.0
2025-12-31,287840,-0.0675134478589322,-0.9133874975657248,-0.7987058252175905,1.7117806289841135,-0.2037087330806895,-3.2659565408725033,2.0100502512562812,5,0.0,100.0
2025-12-31,290650,-0.1924901378460388,0.1283798889231829,-2.276043236507871,0.8670074248440967,0.0130494023357362,-1.698859860128845,16.08040201005025,5,0.0,100.0
2025-12-31,293490,-0.0076583562349406,-0.0427291467485005,-0.0646040107205006,2.167664883457356,-0.0074507100545916,-2.0358791564678542,14.07035175879397,5,0.0,100.0
2025-12-31,298040,,0.1353390736895116,,1.9856546759624407,0.0075801822078871,-0.06721994381414202,46.733668341708544,3,0.4,75.0
2025-12-31,298380,-0.1168884007769662,-15.527875505725897,-14.759072082727233,0.2896162400937341,-0.0750156801774553,-2.7669772510568063,7.035175879396985,5,0.0,100.0
2025-12-31,307950,,0.0671139242039352,,0.8155757335545956,0.0695785234065148,0.16589393538650024,58.291457286432156,3,0.4,75.0
2025-12-31,310210,-0.2161433675916799,-3.276125191304348,-3.3344441147343,1.8711408471530968,-0.3924680058481202,-3.2894323267837846,1.507537688442211,5,0.0,100.0
2025-12-31,316140,-0.1501597058632714,,,15.79899286995295,0.0033047695056298,-1.6822102568991986,16.582914572864322,3,0.4,60.00000000000001
2025-12-31,319400,,0.0649584516998429,,0.6036490689625233,-0.0290377449428948,-0.11007803393780717,44.221105527638194,3,0.4,75.0
2025-12-31,319660,0.0398220641147271,0.2246932150938956,0.1979376425958121,0.1759630354874414,0.0468493452310206,1.7982161009727122,92.46231155778895,5,0.0,100.0
2025-12-31,323280,-0.0395205450630761,-0.1337521369351517,-0.3649336646708123,1.2854151325945853,-0.0594640835313401,-2.4820800363377784,11.055276381909549,5,0.0,100.0
2025-12-31,323410,,12.318144766873166,,10.018314665924844,0.0844670346439896,0.3526488143991167,68.34170854271356,3,0.4,75.0
2025-12-31,326030,0.0172241383250741,0.3656535585127179,0.0461817147713806,0.4938661046445206,0.0867318343710372,0.5922188031975727,74.87437185929649,5,0.0,100.0
2025-12-31,328130,,-1.1011502523019892,,2.363682926942171,-0.1024697561977619,-1.356891925988248,19.09547738693467,3,0.4,75.0
2025-12-31,329180,,0.1261426511868408,,2.216337005690764,,-0.049628933147433135,47.23618090452261,2,0.6,60.0
2025-12-31,336370,-0.0357404642356729,-0.1385428214035132,-0.2698562901381195,1.1232573680872135,0.0040936171620225,-2.2719662407412375,12.562814070351758,5,0.0,100.0
2025-12-31,347850,,-6.404609531099606,,1.2445352374597114,-0.163826153962937,-1.3806020746554912,18.592964824120603,3,0.4,75.0
2025-12-31,348370,-0.0010520202327661,-0.3015514970584867,-0.0065023137082801,2.035205838790497,0.010513857373684,-1.9746404858248061,14.572864321608039,5,0.0,100.0
2025-12-31,352820,,-0.058029427560966,,0.615316359995857,0.0094759852696334,-0.22741735847987665,37.68844221105528,3,0.4,75.0
2025-12-31,357780,,0.142619206348987,,1.272174605235369,0.0654777324276731,0.2296798117074425,62.8140703517588,3,0.4,75.0
2025-12-31,358570,-0.1148045099234135,-569.1957861265344,-585.9466717404966,1.103000608817768,-0.3023746255905443,-3.176275505136622,4.522613065326634,5,0.0,100.0
2025-12-31,373220,,0.1054951575236851,,1.253417400359899,0.0433413135437831,0.09377799030201228,55.27638190954774,3,0.4,75.0
2025-12-31,376900,0.0369006481196279,0.0111492355905143,-0.1676464251280006,5.230805513378009,-0.3780485006200865,-1.6247224837422038,17.08542713567839,5,0.0,100.0
2025-12-31,377300,,0.066292382838711,,2.6354884091152395,0.0064038390034854,-0.2979285693613882,35.175879396984925,3,0.4,75.0
2025-12-31,388720,-0.0098257802537043,-0.3898454257035136,-0.091762917347786,1.206428141435013,-0.0898148477349444,-2.765530773476156,7.537688442211055,5,0.0,100.0
2025-12-31,389470,-0.1157843271206664,-8.933285556944394,-7.842333064052886,1.5376037302054864,-0.1485921290390106,-3.176954021217778,4.0201005025125625,5,0.0,100.0
2025-12-31,397030,-0.0602506454811885,-0.1173850581305523,-0.1505740301274623,1.0731949145150936,-0.0256638104343079,-2.3157952914917264,12.060301507537687,5,0.0,100.0
2025-12-31,402340,,6.485852768767973,,1.096042465355621,0.0128945625397426,0.7698244487460654,79.89949748743719,3,0.4,75.0
2025-12-31,403870,0.051315634986888,0.4714122558807927,0.4208466984278297,1.1966555594074657,0.2655533419668914,2.744932973965316,100.0,5,0.0,100.0
2025-12-31,424870,-0.2744032973825129,-95.27806364859453,-93.26072952539522,1.128133787997148,-0.3466780356007965,-3.17997794192081,3.5175879396984926,5,0.0,100.0
2025-12-31,437730,-0.003882785765467,-0.0588167411884171,-0.0198443151616529,1.2498189247267328,0.047080453669656,-1.4457878813061074,18.090452261306535,5,0.0,100.0
2025-12-31,440110,,,,1.8096350901191256,-0.1696162038400201,-0.6803717469161683,25.628140703517587,2,0.6,35.0
2025-12-31,443060,,0.1823863688582947,,0.5028857325655498,0.2111324172361509,0.5904426362104968,74.37185929648241,3,0.4,75.0
2025-12-31,445680,-0.0609536263883652,-1.9356626673764497,-2.1880018039320004,1.201876491580342,-0.1175668311293412,-3.0321429304055387,5.527638190954774,5,0.0,100.0
2025-12-31,454910,,,,1.0973341312733118,-0.0285742601259495,-0.14322973161521693,42.211055276381906,2,0.6,35.0
2025-12-31,456160,0.1207938290226081,-60.98106233343321,-60.4704678112096,1.1585911389613748,-0.2309617195716015,-1.1844646968893722,20.100502512562816,5,0.0,100.0
2025-12-31,458870,0.2594114895666267,0.4274256403891894,0.4274231003339457,1.338849896401952,-0.0198868417026344,2.299352406023567,95.47738693467338,5,0.0,100.0
2025-12-31,462350,-0.4293993891139198,-17.027846208329827,-17.13331138894908,2.222576205591771,-0.5168410423508574,-3.3412032225013855,1.0050251256281406,5,0.0,100.0
2025-12-31,466100,0.0198775462847111,0.0755156509595033,0.1093242678952961,1.2458145167512733,-0.0767408294127185,-0.11389562154373392,43.71859296482412,5,0.0,100.0
2025-12-31,468530,-0.082872451770569,-5.063966138102829,-4.407847147700977,1.081248614787865,-0.1682365799473127,-3.170103031965165,5.025125628140704,5,0.0,100.0
2025-12-31,475830,,-877.2173361114793,,0.2558476320565668,-0.1337614584382706,-1.1425539693213937,20.603015075376884,3,0.4,75.0
2025-12-31,486990,-1.095790413124788,-17.34601630010319,-17.65548647795561,4.565160609687595,-0.4548561365484414,-3.686295683979723,0.5025125628140703,5,0.0,100.0
2025-12-31,950160,,-2.767622928359354,,1.2073561803835955,-0.0462777398061162,-1.013847851765279,21.608040201005025,3,0.4,75.0
