date,code,pred_return_60d,pred_return_90d,pred_mdd_60d,pred_mdd_90d,prob_top20_60d,prob_top20_90d,score_score,close,quality_score,quality_factor_count,quality_missing_ratio,quality_score_confidence,vol_20,vol_60,vol_ma_20,volume,mom_20,close_over_ma20,rsi_14,vol_ratio_20,ma_5,ma_20,ma_60,ret_5d,ret_10d,name,market,sector,listed_at,delisted_at,dominant_theme,theme_score,theme_confidence,theme_raw_score,filtered_theme_score,raw_theme_score,theme_threshold,theme_debug_reason,theme_score_effective,theme_applied_flag,market_up,market_status_date,market_kospi_close,market_kospi_ma20,market_vol_5d,market_foreign_5d,regime,regime_reason,close_over_ma20_win,tech_trend_alignment,tech_trend_score,tech_ret_5d_win,tech_ret_10d_win,tech_mom_20_win,tech_rsi_score,tech_momentum_score,tech_vol_20_win,tech_vol_60_win,tech_stability_score,tech_vol_ma_20_win,tech_volume_win,tech_volume_score,tech_liquidity_pct,tech_liquidity_guard,tech_score,tech_source,pred_score_60,ret_rank_60,pred_return_60d_pct01,pred_score_90,ret_rank_90,pred_return_90d_pct01,ret_score,ret_score_v11,pred_score,prob_score_missing,prob_score_raw,prob_rank_pct,prob_score,quality_score_raw,quality_score_rank,quality_score_confidence_multiplier,quality_score_missing_multiplier,quality_score_effective,qual_score,vol_20_pct,vol_60_pct,safety_score,liquidity_score,valuation_score,return_score,probability_score,technical_score,score_formula_version,ret_score_missing,qual_score_missing,tech_score_missing,safety_score_missing,liquidity_score_missing,theme_score_missing,ret_score_fallback_used,prob_score_fallback_used,qual_score_fallback_used,tech_score_fallback_used,safety_score_fallback_used,liquidity_score_fallback_used,fallback_count,risk_penalty,pred_mdd_mix,weight_profile,w_tech,w_tech_base,w_ret,w_ret_base,w_prob,w_prob_base,w_qual,w_qual_base,w_risk_penalty,w_safety,w_liquidity,final_score_before_theme,final_score,quality_penalty_ratio,quality_gate_applied,quality_flag,shadow_quality_penalty_ratio,shadow_quality_gate_applied,shadow_final_score_quality_gate,shadow_rank_quality_gate,quality_gate_experiment,theme_weight,weight_source,regime_applied,w_theme,w_base_v2,final_score_v2_before_theme,final_score_v2,score_diff_v2,final_score_v3,score_diff_v3,v3_vs_v2_diff,theme_overlay_formula,theme_overlay_mode,theme_overlay_anchor,theme_delta_raw,theme_delta_vs_base,theme_delta_positive,theme_positive_part,theme_negative_part,theme_overlay_gain,theme_overlay_cap,theme_overlay_signed_component,theme_overlay_positive_component,theme_overlay_negative_component,theme_overlay_applied,theme_overlay_capped,theme_overlay_soft_conf_gate,theme_uplift_applied,theme_penalty_applied,shadow_theme_weight_raw,shadow_theme_weight,shadow_theme_weight_effective,shadow_base_weight,shadow_floor_applied,shadow_theme_score_effective,shadow_final_score_v3,shadow_score_diff_v3,shadow_rank_v3,shadow_quality_risk_guard_penalty,shadow_quality_risk_guard_applied,shadow_final_score_quality_risk_guard,shadow_rank_quality_risk_guard,rank_before_theme,live_score_source,live_score,live_rank,rank_final,contrib_tech,contrib_ret,contrib_prob,contrib_qual,contrib_valuation,contrib_theme,contrib_safety,contrib_liquidity,contrib_penalty,score_contribution_ret,score_contribution_prob,score_contribution_tech,score_contribution_qual,score_contribution_safety,score_contribution_liquidity,score_contribution_theme,score_contribution_risk,final_score_raw,top_positive_factor,top_positive_value,top_negative_factor,top_negative_value,explain_text,explain,confidence_version,component_coverage_ratio,data_maturity_score,model_reliability_score,signal_agreement_score,regime_fitness_score,confidence_score_research,confidence_score_operational,confidence_score,confidence_label_research,confidence_label_operational,confidence_label,confidence_grade,confidence_reason,confidence_explain_text,score_explain_summary,score_explain_strengths,score_explain_risks,score_explain_confidence,score_explain_regime,score_driver_1,score_driver_2,score_driver_3,score_drag_1,score_drag_2,top_driver_1,top_driver_2,top_driver_3,risk_factor_1,risk_factor_2,action_note,score_explain_json,rank_v2,generated_at,model_version
2026-04-08,145020,0.3800645863705616,0.2846700786086138,-0.1880051271575132,-0.2474255655776704,0.2939288308153521,0.0245532483050012,0.0,248500.0,97.48743718592964,5,0.0,100.0,0.0377129336105245,0.0466224653774577,50302.8,73984.0,0.002016129032258,-0.0077859852265921,48.94823733162855,1.470772998719753,242500.0,250450.0,254633.3333333333,-0.0330739299610894,-0.0368217054263565,휴젤,KOSDAQ,바이오/제약,,,바이오,18.28125,0.3908811131386862,18.28125,18.28125,18.28125,0.3,,7.1457953495666064,True,False,2026-04-08,5872.34,5523.437,0.0407581147205317,-8114.961149999988,neutral,"met_conditions=close_gt_ma20,ma20_gt_ma60,recent_20d_return_gt_0.03; true_count=3; breadth_20d=0.527; recent_20d_return=0.0468; ma60=5370.97; volatility_risk_flag=True",-0.0077859852265921,15.0,29.667487684729064,-0.0330739299610894,-0.0368217054263565,0.002016129032258,77.8964746632571,51.86328122739063,0.0377129336105245,0.0466224653774577,67.98029556650246,50302.8,73984.0,32.01970443349754,3.4482758620689653,0.72,32.725014849598004,feature_v1,90.64039408866995,0.9064039408866995,0.9064039408866995,78.81773399014779,0.7881773399014779,0.7881773399014779,87.09359605911328,87.09359605911328,85.9113300492611,False,29.39288308153521,0.9014778325123153,90.14778325123153,97.48743718592964,97.47474747474747,1.0,1.0,97.47474747474747,97.47474747474747,28.57142857142857,35.467980295566505,67.98029556650246,3.4482758620689653,50.0,87.09359605911328,90.14778325123153,32.725014849598004,ranking_builder_v8_return_prob_tech_regime,False,False,False,False,False,False,False,False,False,False,False,False,0,7.412796303069128,0.21177330252557608,neutral_service_balanced,0.24,0.24,0.32,0.32,0.26,0.26,0.18,0.18,0.65,0.0,0.0,71.88951489659958,71.88951489659958,1.0,False,False,1.0,False,71.88951489659958,1,v2,0.0,best_weight_by_regime,neutral,0.0,1.0,71.88951489659958,71.88951489659958,0.0,71.88951489659958,0.0,0.0,,,,,,,,,,,,,,,,,False,False,,,,,False,,,,,0.0,False,71.88951489659958,1,1,final_score,71.88951489659958,1,1,7.854003563903521,27.869950738916252,23.4384236453202,17.545454545454543,0.0,0.0,0.0,0.0,-4.818317596994934,27.869950738916252,23.4384236453202,7.854003563903521,17.545454545454543,0.0,0.0,0.0,-4.818317596994934,76.70783249359451,Primary prediction score,27.869950738916252,Risk penalty,-4.818317596994934,"요약: live_score 71.9 | live_score_source=final_score | regime=neutral | dominant_driver=ret (Primary prediction score 27.9) | top_positive_factor=Primary prediction score (27.9) | top_negative_factor=Risk penalty (-4.8)
핵심 driver: Primary prediction score (ret_score) contribution 27.9, score 87.1; Top-bucket probability score (prob_score) contribution 23.4, score 90.1; Financial quality score (qual_score) contribution 17.5, score 97.5
리스크 요인: top_negative_factor=Risk penalty (-4.8); risk_penalty 7.4
운영 상태: theme_overlay: disabled (operational config); confidence: 모델 메타 점수 (calibration 미완), score=NA, label=Experimental, live_score 비반영, research/reference 용도","{""base_score"": 71.9, ""theme_weight"": 0.0, ""weight_source"": ""best_weight_by_regime"", ""regime_applied"": ""neutral"", ""theme"": {""name"": ""바이오"", ""confidence"": 0.39, ""contribution"": 0.0}}",confidence_four_axis_v1,1.0,100.0,92.8,63.07508021245516,75.22077324068039,84.89188603921586,80.27418673311814,80.27418673311814,High,High,High,High,data maturity is strong,"Confidence score is 80.3 (High). data_maturity_score=100.0, model_reliability_score=92.8, signal_agreement_score=63.1, regime_fitness_score=75.2. Reason: data maturity is strong.",60일 기대수익 상위권와 상위권 진입 확률 우수이 추천 점수를 견인했습니다. 거래 유동성 부족 요인은 함께 점검이 필요합니다.,60일 기대수익 상위권 / 상위권 진입 확률 우수 / 재무 품질 양호,거래 유동성 부족 / 추세 탄력 약함,신뢰도 High: data maturity is strong,현재 neutral 체계로 균형형 가중치가 적용됐습니다.,high_ret_score,high_probability_score,strong_quality_profile,low_liquidity_score,weak_tech_score,60일 기대수익 상위권,상위권 진입 확률 우수,재무 품질 양호,거래 유동성 부족,추세 탄력 약함,우선 검토 후보,"{""drivers"": [""high_ret_score"", ""high_probability_score"", ""strong_quality_profile""], ""driver_texts"": [""60일 기대수익 상위권"", ""상위권 진입 확률 우수"", ""재무 품질 양호""], ""drags"": [""low_liquidity_score"", ""weak_tech_score""], ""drag_texts"": [""거래 유동성 부족"", ""추세 탄력 약함""], ""confidence_label"": ""High"", ""confidence_reason"": ""data maturity is strong"", ""regime"": ""neutral"", ""weight_profile"": ""neutral_service_balanced"", ""regime_reason"": ""met_conditions=close_gt_ma20,ma20_gt_ma60,recent_20d_return_gt_0.03; true_count=3; breadth_20d=0.527; recent_20d_return=0.0468; ma60=5370.97; volatility_risk_flag=True"", ""action_note"": ""우선 검토 후보"", ""component_snapshot"": {""ret_score"": 87.09, ""prob_score"": 90.15, ""qual_score"": 97.47, ""tech_score"": 32.73, ""valuation_score"": 50.0, ""risk_penalty"": 7.41, ""live_score"": 71.89, ""final_score"": 71.89, ""confidence_score"": 80.27, ""live_rank"": 1.0, ""live_score_source"": ""final_score""}}",1,2026-04-09 11:17:11,
2026-04-08,033780,0.2412960069822103,0.4495672165167983,-0.143758415642102,-0.1722905635174867,0.1028557809951785,0.0703490250879456,0.0,158500.0,94.9748743718593,5,0.0,100.0,0.0189067829252387,0.0213624608165234,259954.0,295081.0,0.0252263906856402,0.0139781850750086,51.74901284586117,1.1351277533717503,156280.0,156315.0,156633.33333333334,-0.009375,0.0166773572803078,KT&G,KOSPI,통신,,,,0.0,0.0,,0.0,,0.3,mapping_missing,0.0,False,False,2026-04-08,5872.34,5523.437,0.0407581147205317,-8114.961149999988,neutral,"met_conditions=close_gt_ma20,ma20_gt_ma60,recent_20d_return_gt_0.03; true_count=3; breadth_20d=0.527; recent_20d_return=0.0468; ma60=5370.97; volatility_risk_flag=True",0.0139781850750086,55.0,55.33251231527093,-0.009375,0.0166773572803078,0.0252263906856402,83.49802569172233,66.44100888598477,0.019485076176623945,0.021453461997271328,99.01477832512315,259954.0,295081.0,46.141215106732346,38.42364532019704,1.0,66.57824473571043,feature_v1,82.26600985221675,0.8226600985221675,0.8226600985221675,89.65517241379311,0.896551724137931,0.896551724137931,84.48275862068965,84.48275862068965,85.22167487684729,False,10.285578099517851,0.3645320197044335,36.45320197044335,94.9748743718593,94.94949494949495,1.0,1.0,94.94949494949495,94.94949494949495,0.9852216748768473,1.477832512315271,98.76847290640393,38.42364532019704,50.0,84.48275862068965,36.45320197044335,66.57824473571043,ranking_builder_v8_return_prob_tech_regime,False,False,False,False,False,False,False,False,False,False,False,False,0,2.4137019833804723,0.1551712747922559,neutral_service_balanced,0.24,0.24,0.32,0.32,0.26,0.26,0.18,0.18,0.65,0.0,0.0,68.01309680921825,68.01309680921825,1.0,False,False,1.0,False,68.01309680921825,2,v2,0.0,best_weight_by_regime,neutral,0.0,1.0,68.01309680921825,68.01309680921825,0.0,68.01309680921825,0.0,0.0,,,,,,,,,,,,,,,,,False,False,,,,,False,,,,,0.0,False,68.01309680921825,2,2,final_score,68.01309680921825,2,2,15.978778736570503,27.03448275862069,9.477832512315272,17.09090909090909,0.0,0.0,0.0,0.0,-1.5689062891973071,27.03448275862069,9.477832512315272,15.978778736570503,17.09090909090909,0.0,0.0,0.0,-1.5689062891973071,69.58200309841556,Primary prediction score,27.03448275862069,Risk penalty,-1.5689062891973071,"요약: live_score 68.0 | live_score_source=final_score | regime=neutral | dominant_driver=ret (Primary prediction score 27.0) | top_positive_factor=Primary prediction score (27.0) | top_negative_factor=Risk penalty (-1.6)
핵심 driver: Primary prediction score (ret_score) contribution 27.0, score 84.5; Financial quality score (qual_score) contribution 17.1, score 94.9; Tech flow score (tech_score) contribution 16.0, score 66.6
리스크 요인: top_negative_factor=Risk penalty (-1.6); risk_penalty 2.4
운영 상태: theme_overlay: disabled (operational config); confidence: 모델 메타 점수 (calibration 미완), score=NA, label=Experimental, live_score 비반영, research/reference 용도","{""base_score"": 68.0, ""theme_weight"": 0.0, ""weight_source"": ""best_weight_by_regime"", ""regime_applied"": ""neutral"", ""theme"": {""name"": ""(none)"", ""confidence"": 0.0, ""contribution"": 0.0}}",confidence_four_axis_v1,1.0,100.0,97.0,71.20111210628453,71.30237437017381,87.5956341820972,82.74091971654858,82.74091971654858,High,High,High,High,data maturity is strong,"Confidence score is 82.7 (High). data_maturity_score=100.0, model_reliability_score=97.0, signal_agreement_score=71.2, regime_fitness_score=71.3. Reason: data maturity is strong.",60일 기대수익 상위권와 재무 품질 양호이 추천 점수를 견인했습니다. 상위권 진입 확률 약함 요인은 함께 점검이 필요합니다.,60일 기대수익 상위권 / 재무 품질 양호 / 변동성 관리 양호,상위권 진입 확률 약함 / 거래 유동성 부족,신뢰도 High: data maturity is strong,현재 neutral 체계로 균형형 가중치가 적용됐습니다.,high_ret_score,strong_quality_profile,strong_safety_profile,low_probability_score,low_liquidity_score,60일 기대수익 상위권,재무 품질 양호,변동성 관리 양호,상위권 진입 확률 약함,거래 유동성 부족,우선 검토 후보,"{""drivers"": [""high_ret_score"", ""strong_quality_profile"", ""strong_safety_profile""], ""driver_texts"": [""60일 기대수익 상위권"", ""재무 품질 양호"", ""변동성 관리 양호""], ""drags"": [""low_probability_score"", ""low_liquidity_score""], ""drag_texts"": [""상위권 진입 확률 약함"", ""거래 유동성 부족""], ""confidence_label"": ""High"", ""confidence_reason"": ""data maturity is strong"", ""regime"": ""neutral"", ""weight_profile"": ""neutral_service_balanced"", ""regime_reason"": ""met_conditions=close_gt_ma20,ma20_gt_ma60,recent_20d_return_gt_0.03; true_count=3; breadth_20d=0.527; recent_20d_return=0.0468; ma60=5370.97; volatility_risk_flag=True"", ""action_note"": ""우선 검토 후보"", ""component_snapshot"": {""ret_score"": 84.48, ""prob_score"": 36.45, ""qual_score"": 94.95, ""tech_score"": 66.58, ""valuation_score"": 50.0, ""risk_penalty"": 2.41, ""live_score"": 68.01, ""final_score"": 68.01, ""confidence_score"": 82.74, ""live_rank"": 2.0, ""live_score_source"": ""final_score""}}",2,2026-04-09 11:17:11,
2026-04-08,010140,0.4752199971254387,0.5261736026470634,-0.19197444584282,-0.2370421530231697,0.2399185961534905,0.1838244658275988,0.0,28300.0,45.7286432160804,3,0.4,75.0,0.0450795058054977,0.0462597897260542,5646139.2,3725176.0,-0.0173611111111111,0.0289973638760112,53.94343762304591,0.6597740275337172,27380.0,27502.5,28379.166666666668,0.048148148148148,0.0540037243947859,삼성중공업,KOSPI,조선,,,조선,27.28125,0.4340492552530461,27.28125,27.28125,27.28125,0.3,,11.841406244872164,True,False,2026-04-08,5872.34,5523.437,0.0407581147205317,-8114.961149999988,neutral,"met_conditions=close_gt_ma20,ma20_gt_ma60,recent_20d_return_gt_0.03; true_count=3; breadth_20d=0.527; recent_20d_return=0.0468; ma60=5370.97; volatility_risk_flag=True",0.0289973638760112,55.0,60.751231527093594,0.048148148148148,0.0540037243947859,-0.0173611111111111,87.88687524609182,75.54314738295153,0.0450795058054977,0.0462597897260542,55.66502463054187,5640545.337999998,3725176.0,68.14449917898195,99.50738916256158,1.0,66.02015084511679,feature_v1,93.10344827586206,0.9310344827586207,0.9310344827586207,91.62561576354679,0.916256157635468,0.916256157635468,92.66009852216747,92.66009852216747,92.51231527093596,False,23.99185961534905,0.8029556650246306,80.29556650246306,45.7286432160804,45.95959595959596,0.8375,0.78,30.023106060606064,30.023106060606064,54.187192118226605,34.48275862068966,55.66502463054187,99.01477832512316,50.0,92.66009852216747,80.29556650246306,66.02015084511679,ranking_builder_v8_return_prob_tech_regime,False,False,False,False,False,False,False,False,False,False,False,False,0,7.200183445795182,0.21000152871495986,neutral_service_balanced,0.24,0.24,0.32,0.32,0.26,0.26,0.18,0.18,0.65,0.0,0.0,67.09695487170424,67.09695487170424,1.0,False,False,1.0,False,67.09695487170424,3,v2,0.0,best_weight_by_regime,neutral,0.0,1.0,67.09695487170424,67.09695487170424,0.0,67.09695487170424,0.0,0.0,,,,,,,,,,,,,,,,,False,False,,,,,False,,,,,0.0,False,67.09695487170424,3,3,final_score,67.09695487170424,3,3,15.844836202828029,29.651231527093593,20.876847290640395,5.404159090909092,0.0,0.0,0.0,0.0,-4.680119239766869,29.651231527093593,20.876847290640395,15.844836202828029,5.404159090909092,0.0,0.0,0.0,-4.680119239766869,71.77707411147111,Primary prediction score,29.651231527093593,Risk penalty,-4.680119239766869,"요약: live_score 67.1 | live_score_source=final_score | regime=neutral | dominant_driver=ret (Primary prediction score 29.7) | top_positive_factor=Primary prediction score (29.7) | top_negative_factor=Risk penalty (-4.7)
핵심 driver: Primary prediction score (ret_score) contribution 29.7, score 92.7; Top-bucket probability score (prob_score) contribution 20.9, score 80.3; Tech flow score (tech_score) contribution 15.8, score 66.0
리스크 요인: top_negative_factor=Risk penalty (-4.7); risk_penalty 7.2
운영 상태: theme_overlay: disabled (operational config); confidence: 모델 메타 점수 (calibration 미완), score=NA, label=Experimental, live_score 비반영, research/reference 용도","{""base_score"": 67.1, ""theme_weight"": 0.0, ""weight_source"": ""best_weight_by_regime"", ""regime_applied"": ""neutral"", ""theme"": {""name"": ""조선"", ""confidence"": 0.43, ""contribution"": 0.0}}",confidence_four_axis_v1,1.0,91.25,97.0,63.708902261531584,70.42336838832156,82.96573082363113,76.06823458227694,76.06823458227694,High,High,High,High,data maturity is strong,"Confidence score is 76.1 (High). data_maturity_score=91.2, model_reliability_score=97.0, signal_agreement_score=63.7, regime_fitness_score=70.4. Reason: data maturity is strong.",60일 기대수익 상위권와 상위권 진입 확률 우수이 추천 점수를 견인했습니다. 재무 품질 보완 필요 요인은 함께 점검이 필요합니다.,60일 기대수익 상위권 / 상위권 진입 확률 우수 / 거래 유동성 양호,재무 품질 보완 필요,신뢰도 High: data maturity is strong,현재 neutral 체계로 균형형 가중치가 적용됐습니다.,high_ret_score,high_probability_score,healthy_liquidity_profile,weak_quality_score,,60일 기대수익 상위권,상위권 진입 확률 우수,거래 유동성 양호,재무 품질 보완 필요,,우선 검토 후보,"{""drivers"": [""high_ret_score"", ""high_probability_score"", ""healthy_liquidity_profile""], ""driver_texts"": [""60일 기대수익 상위권"", ""상위권 진입 확률 우수"", ""거래 유동성 양호""], ""drags"": [""weak_quality_score""], ""drag_texts"": [""재무 품질 보완 필요""], ""confidence_label"": ""High"", ""confidence_reason"": ""data maturity is strong"", ""regime"": ""neutral"", ""weight_profile"": ""neutral_service_balanced"", ""regime_reason"": ""met_conditions=close_gt_ma20,ma20_gt_ma60,recent_20d_return_gt_0.03; true_count=3; breadth_20d=0.527; recent_20d_return=0.0468; ma60=5370.97; volatility_risk_flag=True"", ""action_note"": ""우선 검토 후보"", ""component_snapshot"": {""ret_score"": 92.66, ""prob_score"": 80.3, ""qual_score"": 30.02, ""tech_score"": 66.02, ""valuation_score"": 50.0, ""risk_penalty"": 7.2, ""live_score"": 67.1, ""final_score"": 67.1, ""confidence_score"": 76.07, ""live_rank"": 3.0, ""live_score_source"": ""final_score""}}",3,2026-04-09 11:17:11,
2026-04-08,060370,0.6209044602755394,0.377679430817109,-0.2206952715362077,-0.2767997986103261,0.2898555914054942,0.2447690603247902,0.0,30100.0,30.15075376884422,5,0.0,100.0,0.0421145848205448,0.0471289202616549,309796.7,318424.0,0.0692717584369448,0.0004154549231407,51.36956679550392,1.027848263070588,29580.0,30087.5,29773.33333333333,-0.0098684210526315,0.0033333333333334,LS마린솔루션,KOSDAQ,조선/해양·해운,,,전력설비,26.40625,0.3791200856700044,26.40625,26.40625,26.40625,0.3,,10.011139762223554,True,False,2026-04-08,5872.34,5523.437,0.0407581147205317,-8114.961149999988,neutral,"met_conditions=close_gt_ma20,ma20_gt_ma60,recent_20d_return_gt_0.03; true_count=3; breadth_20d=0.527; recent_20d_return=0.0468; ma60=5370.97; volatility_risk_flag=True",0.0004154549231407,55.0,51.391625615763544,-0.0098684210526315,0.0033333333333334,0.0692717584369448,82.73913359100784,67.4828129544022,0.0421145848205448,0.0471289202616549,58.86699507389163,309796.7,318424.0,43.67816091954023,43.34975369458128,1.0,57.36159537147919,feature_v1,97.04433497536947,0.9704433497536946,0.9704433497536946,86.69950738916256,0.8669950738916257,0.8669950738916257,93.9408866995074,93.9408866995074,92.9064039408867,False,28.985559140549423,0.8866995073891626,88.66995073891626,30.15075376884422,30.303030303030305,1.0,1.0,30.303030303030305,30.303030303030305,43.84236453201971,38.42364532019704,58.86699507389163,43.34975369458128,50.0,93.9408866995074,88.66995073891626,57.36159537147919,ranking_builder_v8_return_prob_tech_regime,False,False,False,False,False,False,False,False,False,False,False,False,0,11.176449883902608,0.24313708236585507,neutral_service_balanced,0.24,0.24,0.32,0.32,0.26,0.26,0.18,0.18,0.65,0.0,0.0,65.07190685512437,65.07190685512437,1.0,False,False,1.0,False,65.07190685512437,4,v2,0.0,best_weight_by_regime,neutral,0.0,1.0,65.07190685512437,65.07190685512437,0.0,65.07190685512437,0.0,0.0,,,,,,,,,,,,,,,,,False,False,,,,,False,,,,,0.0,False,65.07190685512437,4,4,final_score,65.07190685512437,4,4,13.766782889155005,30.06108374384237,23.054187192118228,5.454545454545455,0.0,0.0,0.0,0.0,-7.264692424536696,30.06108374384237,23.054187192118228,13.766782889155005,5.454545454545455,0.0,0.0,0.0,-7.264692424536696,72.33659927966106,Primary prediction score,30.06108374384237,Risk penalty,-7.264692424536696,"요약: live_score 65.1 | live_score_source=final_score | regime=neutral | dominant_driver=ret (Primary prediction score 30.1) | top_positive_factor=Primary prediction score (30.1) | top_negative_factor=Risk penalty (-7.3)
핵심 driver: Primary prediction score (ret_score) contribution 30.1, score 93.9; Top-bucket probability score (prob_score) contribution 23.1, score 88.7; Tech flow score (tech_score) contribution 13.8, score 57.4
리스크 요인: top_negative_factor=Risk penalty (-7.3); risk_penalty 11.2
운영 상태: theme_overlay: disabled (operational config); confidence: 모델 메타 점수 (calibration 미완), score=NA, label=Experimental, live_score 비반영, research/reference 용도","{""base_score"": 65.1, ""theme_weight"": 0.0, ""weight_source"": ""best_weight_by_regime"", ""regime_applied"": ""neutral"", ""theme"": {""name"": ""전력설비"", ""confidence"": 0.38, ""contribution"": 0.0}}",confidence_four_axis_v1,1.0,100.0,97.0,52.158643081056866,68.45407378671426,82.40777183827136,74.5542719897656,74.5542719897656,High,High,High,High,core signals disagree,"Confidence score is 74.6 (High). data_maturity_score=100.0, model_reliability_score=97.0, signal_agreement_score=52.2, regime_fitness_score=68.5. Reason: core signals disagree.",60일 기대수익 상위권와 상위권 진입 확률 우수이 추천 점수를 견인했습니다. 최근 변동성 확대 주의 요인은 함께 점검이 필요합니다.,60일 기대수익 상위권 / 상위권 진입 확률 우수,최근 변동성 확대 주의 / 재무 품질 보완 필요,신뢰도 High: core signals disagree,현재 neutral 체계로 균형형 가중치가 적용됐습니다.,high_ret_score,high_probability_score,,elevated_risk_penalty,weak_quality_score,60일 기대수익 상위권,상위권 진입 확률 우수,,최근 변동성 확대 주의,재무 품질 보완 필요,관심 종목으로 추적,"{""drivers"": [""high_ret_score"", ""high_probability_score""], ""driver_texts"": [""60일 기대수익 상위권"", ""상위권 진입 확률 우수""], ""drags"": [""elevated_risk_penalty"", ""weak_quality_score""], ""drag_texts"": [""최근 변동성 확대 주의"", ""재무 품질 보완 필요""], ""confidence_label"": ""High"", ""confidence_reason"": ""core signals disagree"", ""regime"": ""neutral"", ""weight_profile"": ""neutral_service_balanced"", ""regime_reason"": ""met_conditions=close_gt_ma20,ma20_gt_ma60,recent_20d_return_gt_0.03; true_count=3; breadth_20d=0.527; recent_20d_return=0.0468; ma60=5370.97; volatility_risk_flag=True"", ""action_note"": ""관심 종목으로 추적"", ""component_snapshot"": {""ret_score"": 93.94, ""prob_score"": 88.67, ""qual_score"": 30.3, ""tech_score"": 57.36, ""valuation_score"": 50.0, ""risk_penalty"": 11.18, ""live_score"": 65.07, ""final_score"": 65.07, ""confidence_score"": 74.55, ""live_rank"": 4.0, ""live_score_source"": ""final_score""}}",4,2026-04-09 11:17:11,
2026-04-08,005940,0.780735445045732,1.273440764314651,-0.2471341403190659,-0.3089617592849784,0.2698523535401532,0.3159137761684817,0.0,33850.0,30.65326633165829,3,0.4,60.00000000000001,0.0528253555969736,0.0527967569602799,1029097.3,1327868.0,0.0165165165165164,0.0479876160990713,55.78053558152451,1.290323082180859,30910.0,32300.0,29555.83333333333,0.0627943485086341,-0.0131195335276967,NH투자증권,KOSPI,금융,,,Brokerage Markets,74.175,0.6777032919922292,74.175,74.175,74.175,0.3,,50.268641683523605,True,False,2026-04-08,5872.34,5523.437,0.0407581147205317,-8114.961149999988,neutral,"met_conditions=close_gt_ma20,ma20_gt_ma60,recent_20d_return_gt_0.03; true_count=3; breadth_20d=0.527; recent_20d_return=0.0468; ma60=5370.97; volatility_risk_flag=True",0.0479876160990713,55.0,65.67733990147784,0.0627943485086341,-0.0131195335276967,0.0165165165165164,91.56107116304902,74.36810030307753,0.0528253555969736,0.0527967569602799,37.4384236453202,1029097.3,1327868.0,80.13136288998358,80.78817733990148,1.0,65.23942623908206,feature_v1,99.50738916256158,0.9950738916256158,0.9950738916256158,100.0,1.0,1.0,99.6551724137931,99.6551724137931,99.70443349753694,False,26.98523535401532,0.8620689655172413,86.20689655172413,30.65326633165829,30.808080808080806,0.74,0.78,17.78242424242424,17.78242424242424,71.42857142857143,53.69458128078818,37.4384236453202,80.78817733990148,50.0,99.6551724137931,86.20689655172413,65.23942623908206,ranking_builder_v8_return_prob_tech_regime,False,False,False,False,False,False,False,False,False,False,False,False,0,14.623822548651708,0.2718651879054309,neutral_service_balanced,0.24,0.24,0.32,0.32,0.26,0.26,0.18,0.18,0.65,0.0,0.0,63.65626228025452,63.65626228025452,1.0,False,False,1.0,False,63.65626228025452,5,v2,0.0,best_weight_by_regime,neutral,0.0,1.0,63.65626228025452,63.65626228025452,0.0,63.65626228025452,0.0,0.0,,,,,,,,,,,,,,,,,False,False,,,,,False,,,,,10.0,True,53.65626228025452,24,5,final_score,63.65626228025452,5,5,15.657462297379695,31.889655172413793,22.413793103448274,3.2008363636363635,0.0,0.0,0.0,0.0,-9.50548465662361,31.889655172413793,22.413793103448274,15.657462297379695,3.2008363636363635,0.0,0.0,0.0,-9.50548465662361,73.16174693687813,Primary prediction score,31.889655172413793,Risk penalty,-9.50548465662361,"요약: live_score 63.7 | live_score_source=final_score | regime=neutral | dominant_driver=ret (Primary prediction score 31.9) | top_positive_factor=Primary prediction score (31.9) | top_negative_factor=Risk penalty (-9.5)
핵심 driver: Primary prediction score (ret_score) contribution 31.9, score 99.7; Top-bucket probability score (prob_score) contribution 22.4, score 86.2; Tech flow score (tech_score) contribution 15.7, score 65.2
리스크 요인: top_negative_factor=Risk penalty (-9.5); risk_penalty 14.6
운영 상태: theme_overlay: disabled (operational config); confidence: 모델 메타 점수 (calibration 미완), score=NA, label=Experimental, live_score 비반영, research/reference 용도","{""base_score"": 63.7, ""theme_weight"": 0.0, ""weight_source"": ""best_weight_by_regime"", ""regime_applied"": ""neutral"", ""theme"": {""name"": ""Brokerage Markets"", ""confidence"": 0.68, ""contribution"": 0.0}}",confidence_four_axis_v1,1.0,86.00000000000001,97.0,57.93817554858934,66.73696154244567,79.3950881185142,70.92266252792487,70.92266252792487,Medium,High,High,High,data maturity is strong,"Confidence score is 70.9 (High). data_maturity_score=86.0, model_reliability_score=97.0, signal_agreement_score=57.9, regime_fitness_score=66.7. Reason: data maturity is strong.",60일 기대수익 상위권와 상위권 진입 확률 우수이 추천 점수를 견인했습니다. 재무 데이터 일부 부족 요인은 함께 점검이 필요합니다.,60일 기대수익 상위권 / 상위권 진입 확률 우수 / 거래 유동성 양호,재무 데이터 일부 부족 / 재무 품질 보완 필요,신뢰도 High: data maturity is strong,현재 neutral 체계로 균형형 가중치가 적용됐습니다.,high_ret_score,high_probability_score,healthy_liquidity_profile,partial_quality_coverage,weak_quality_score,60일 기대수익 상위권,상위권 진입 확률 우수,거래 유동성 양호,재무 데이터 일부 부족,재무 품질 보완 필요,관심 종목으로 추적,"{""drivers"": [""high_ret_score"", ""high_probability_score"", ""healthy_liquidity_profile""], ""driver_texts"": [""60일 기대수익 상위권"", ""상위권 진입 확률 우수"", ""거래 유동성 양호""], ""drags"": [""partial_quality_coverage"", ""weak_quality_score""], ""drag_texts"": [""재무 데이터 일부 부족"", ""재무 품질 보완 필요""], ""confidence_label"": ""High"", ""confidence_reason"": ""data maturity is strong"", ""regime"": ""neutral"", ""weight_profile"": ""neutral_service_balanced"", ""regime_reason"": ""met_conditions=close_gt_ma20,ma20_gt_ma60,recent_20d_return_gt_0.03; true_count=3; breadth_20d=0.527; recent_20d_return=0.0468; ma60=5370.97; volatility_risk_flag=True"", ""action_note"": ""관심 종목으로 추적"", ""component_snapshot"": {""ret_score"": 99.66, ""prob_score"": 86.21, ""qual_score"": 17.78, ""tech_score"": 65.24, ""valuation_score"": 50.0, ""risk_penalty"": 14.62, ""live_score"": 63.66, ""final_score"": 63.66, ""confidence_score"": 70.92, ""live_rank"": 5.0, ""live_score_source"": ""final_score""}}",5,2026-04-09 11:17:11,
2026-04-08,034220,0.1609418707845775,0.2411689161900725,-0.2236881392946757,-0.2256526061940554,0.2841765954564421,0.15053385780526,0.0,12110.0,36.18090452261307,3,0.4,75.0,0.036239177217435,0.0429736845336698,4026368.95,6248930.0,0.0049792531120331,0.0562121146046836,54.460348544515405,1.5520013385757905,11274.0,11465.5,12021.0,0.062280701754386,0.0306382978723405,LG디스플레이,KOSPI,디스플레이패널,,,,0.0,0.0,,0.0,,0.3,mapping_missing,0.0,False,False,2026-04-08,5872.34,5523.437,0.0407581147205317,-8114.961149999988,neutral,"met_conditions=close_gt_ma20,ma20_gt_ma60,recent_20d_return_gt_0.03; true_count=3; breadth_20d=0.527; recent_20d_return=0.0468; ma60=5370.97; volatility_risk_flag=True",0.0562121146046836,55.0,66.66256157635468,0.062280701754386,0.0306382978723405,0.0049792531120331,88.92069708903081,77.77204619343996,0.036239177217435,0.0429736845336698,73.89162561576356,4026368.95,6248930.0,93.92446633825945,96.05911330049261,1.0,76.08597971450202,feature_v1,73.89162561576354,0.7389162561576355,0.7389162561576355,75.36945812807882,0.7536945812807881,0.7536945812807881,74.33497536945812,74.33497536945812,74.48275862068965,False,28.41765954564421,0.8768472906403941,87.68472906403942,36.18090452261307,36.36363636363637,0.8375,0.78,23.754545454545458,23.754545454545458,24.63054187192118,27.586206896551722,73.89162561576356,96.05911330049261,50.0,74.33497536945812,87.68472906403942,76.08597971450202,ranking_builder_v8_return_prob_tech_regime,False,False,False,False,False,False,False,False,False,False,False,False,0,8.936871126531306,0.22447392605442756,neutral_service_balanced,0.24,0.24,0.32,0.32,0.26,0.26,0.18,0.18,0.65,0.0,0.0,63.31270875593017,63.31270875593017,1.0,False,False,1.0,False,63.31270875593017,6,v2,0.0,best_weight_by_regime,neutral,0.0,1.0,63.31270875593017,63.31270875593017,0.0,63.31270875593017,0.0,0.0,,,,,,,,,,,,,,,,,False,False,,,,,False,,,,,0.0,False,63.31270875593017,5,6,final_score,63.31270875593017,6,6,18.260635131480484,23.7871921182266,22.79802955665025,4.275818181818182,0.0,0.0,0.0,0.0,-5.808966232245349,23.7871921182266,22.79802955665025,18.260635131480484,4.275818181818182,0.0,0.0,0.0,-5.808966232245349,69.12167498817551,Primary prediction score,23.7871921182266,Risk penalty,-5.808966232245349,"요약: live_score 63.3 | live_score_source=final_score | regime=neutral | dominant_driver=ret (Primary prediction score 23.8) | top_positive_factor=Primary prediction score (23.8) | top_negative_factor=Risk penalty (-5.8)
핵심 driver: Primary prediction score (ret_score) contribution 23.8, score 74.3; Top-bucket probability score (prob_score) contribution 22.8, score 87.7; Tech flow score (tech_score) contribution 18.3, score 76.1
리스크 요인: top_negative_factor=Risk penalty (-5.8); risk_penalty 8.9
운영 상태: theme_overlay: disabled (operational config); confidence: 모델 메타 점수 (calibration 미완), score=NA, label=Experimental, live_score 비반영, research/reference 용도","{""base_score"": 63.3, ""theme_weight"": 0.0, ""weight_source"": ""best_weight_by_regime"", ""regime_applied"": ""neutral"", ""theme"": {""name"": ""(none)"", ""confidence"": 0.0, ""contribution"": 0.0}}",confidence_four_axis_v1,1.0,91.25,97.0,63.32094491715181,66.9181372100912,82.34295681080162,75.21200540887897,75.21200540887897,High,High,High,High,data maturity is strong,"Confidence score is 75.2 (High). data_maturity_score=91.2, model_reliability_score=97.0, signal_agreement_score=63.3, regime_fitness_score=66.9. Reason: data maturity is strong.",상위권 진입 확률 우수와 60일 기대수익 상위권이 추천 점수를 견인했습니다. 재무 품질 보완 필요 요인은 함께 점검이 필요합니다.,상위권 진입 확률 우수 / 60일 기대수익 상위권 / 거래 유동성 양호,재무 품질 보완 필요 / 최근 변동성 확대 주의,신뢰도 High: data maturity is strong,현재 neutral 체계로 균형형 가중치가 적용됐습니다.,high_probability_score,high_ret_score,healthy_liquidity_profile,weak_quality_score,elevated_risk_penalty,상위권 진입 확률 우수,60일 기대수익 상위권,거래 유동성 양호,재무 품질 보완 필요,최근 변동성 확대 주의,관심 종목으로 추적,"{""drivers"": [""high_probability_score"", ""high_ret_score"", ""healthy_liquidity_profile""], ""driver_texts"": [""상위권 진입 확률 우수"", ""60일 기대수익 상위권"", ""거래 유동성 양호""], ""drags"": [""weak_quality_score"", ""elevated_risk_penalty""], ""drag_texts"": [""재무 품질 보완 필요"", ""최근 변동성 확대 주의""], ""confidence_label"": ""High"", ""confidence_reason"": ""data maturity is strong"", ""regime"": ""neutral"", ""weight_profile"": ""neutral_service_balanced"", ""regime_reason"": ""met_conditions=close_gt_ma20,ma20_gt_ma60,recent_20d_return_gt_0.03; true_count=3; breadth_20d=0.527; recent_20d_return=0.0468; ma60=5370.97; volatility_risk_flag=True"", ""action_note"": ""관심 종목으로 추적"", ""component_snapshot"": {""ret_score"": 74.33, ""prob_score"": 87.68, ""qual_score"": 23.75, ""tech_score"": 76.09, ""valuation_score"": 50.0, ""risk_penalty"": 8.94, ""live_score"": 63.31, ""final_score"": 63.31, ""confidence_score"": 75.21, ""live_rank"": 6.0, ""live_score_source"": ""final_score""}}",6,2026-04-09 11:17:11,
2026-04-08,021240,0.1660356909029663,0.4863961198215403,-0.2057652324588598,-0.2282148191112511,0.1582363590832111,0.2219639408358147,0.0,78200.0,59.2964824120603,3,0.4,75.0,0.0233372782441845,0.0264892617878975,253047.35,255400.0,0.0553306342780026,0.0626443810300312,59.0578098564838,1.0092972718346982,74460.0,73590.0,78221.66666666667,0.0891364902506963,0.0553306342780026,코웨이,KOSPI,소비재/유통,,,,0.0,0.0,,0.0,,0.3,mapping_missing,0.0,False,False,2026-04-08,5872.34,5523.437,0.0407581147205317,-8114.961149999988,neutral,"met_conditions=close_gt_ma20,ma20_gt_ma60,recent_20d_return_gt_0.03; true_count=3; breadth_20d=0.527; recent_20d_return=0.0468; ma60=5370.97; volatility_risk_flag=True",0.0626443810300312,75.0,78.63300492610838,0.0891364902506963,0.0553306342780026,0.0553306342780026,98.1156197129676,88.56831379523697,0.0233372782441845,0.0264892617878975,96.79802955665025,253047.35,255400.0,37.93103448275862,37.4384236453202,1.0,79.6380723899093,feature_v1,74.8768472906404,0.7487684729064039,0.7487684729064039,90.14778325123153,0.9014778325123153,0.9014778325123153,79.45812807881772,79.45812807881772,80.98522167487684,False,15.82363590832111,0.625615763546798,62.5615763546798,59.2964824120603,59.59595959595959,0.8375,0.78,38.931060606060605,38.931060606060605,3.9408866995073892,2.4630541871921183,96.79802955665025,37.4384236453202,50.0,79.45812807881772,62.5615763546798,79.6380723899093,ranking_builder_v8_return_prob_tech_regime,False,False,False,False,False,False,False,False,False,False,False,False,0,7.7694080543779585,0.21474506711981634,neutral_service_balanced,0.24,0.24,0.32,0.32,0.26,0.26,0.18,0.18,0.65,0.0,0.0,62.763223884761885,62.763223884761885,1.0,False,False,1.0,False,62.763223884761885,7,v2,0.0,best_weight_by_regime,neutral,0.0,1.0,62.763223884761885,62.763223884761885,0.0,62.763223884761885,0.0,0.0,,,,,,,,,,,,,,,,,False,False,,,,,False,,,,,0.0,False,62.763223884761885,6,7,final_score,62.763223884761885,7,7,19.11313737357823,25.426600985221672,16.266009852216747,7.007590909090909,0.0,0.0,0.0,0.0,-5.0501152353456735,25.426600985221672,16.266009852216747,19.11313737357823,7.007590909090909,0.0,0.0,0.0,-5.0501152353456735,67.81333912010756,Primary prediction score,25.426600985221672,Risk penalty,-5.0501152353456735,"요약: live_score 62.8 | live_score_source=final_score | regime=neutral | dominant_driver=ret (Primary prediction score 25.4) | top_positive_factor=Primary prediction score (25.4) | top_negative_factor=Risk penalty (-5.1)
핵심 driver: Primary prediction score (ret_score) contribution 25.4, score 79.5; Tech flow score (tech_score) contribution 19.1, score 79.6; Top-bucket probability score (prob_score) contribution 16.3, score 62.6
리스크 요인: top_negative_factor=Risk penalty (-5.1); risk_penalty 7.8
운영 상태: theme_overlay: disabled (operational config); confidence: 모델 메타 점수 (calibration 미완), score=NA, label=Experimental, live_score 비반영, research/reference 용도","{""base_score"": 62.8, ""theme_weight"": 0.0, ""weight_source"": ""best_weight_by_regime"", ""regime_applied"": ""neutral"", ""theme"": {""name"": ""(none)"", ""confidence"": 0.0, ""contribution"": 0.0}}",confidence_four_axis_v1,1.0,91.25,97.0,76.53789646484539,66.24003299255837,85.5454790650951,80.36316518444984,80.36316518444984,High,High,High,High,data maturity is strong,"Confidence score is 80.4 (High). data_maturity_score=91.2, model_reliability_score=97.0, signal_agreement_score=76.5, regime_fitness_score=66.2. Reason: data maturity is strong.",60일 기대수익 상위권와 변동성 관리 양호이 추천 점수를 견인했습니다. 거래 유동성 부족 요인은 함께 점검이 필요합니다.,60일 기대수익 상위권 / 변동성 관리 양호 / 추세 구조 양호,거래 유동성 부족 / 재무 품질 보완 필요,신뢰도 High: data maturity is strong,현재 neutral 체계로 균형형 가중치가 적용됐습니다.,high_ret_score,strong_safety_profile,high_tech_score,low_liquidity_score,weak_quality_score,60일 기대수익 상위권,변동성 관리 양호,추세 구조 양호,거래 유동성 부족,재무 품질 보완 필요,관심 종목으로 추적,"{""drivers"": [""high_ret_score"", ""strong_safety_profile"", ""high_tech_score""], ""driver_texts"": [""60일 기대수익 상위권"", ""변동성 관리 양호"", ""추세 구조 양호""], ""drags"": [""low_liquidity_score"", ""weak_quality_score""], ""drag_texts"": [""거래 유동성 부족"", ""재무 품질 보완 필요""], ""confidence_label"": ""High"", ""confidence_reason"": ""data maturity is strong"", ""regime"": ""neutral"", ""weight_profile"": ""neutral_service_balanced"", ""regime_reason"": ""met_conditions=close_gt_ma20,ma20_gt_ma60,recent_20d_return_gt_0.03; true_count=3; breadth_20d=0.527; recent_20d_return=0.0468; ma60=5370.97; volatility_risk_flag=True"", ""action_note"": ""관심 종목으로 추적"", ""component_snapshot"": {""ret_score"": 79.46, ""prob_score"": 62.56, ""qual_score"": 38.93, ""tech_score"": 79.64, ""valuation_score"": 50.0, ""risk_penalty"": 7.77, ""live_score"": 62.76, ""final_score"": 62.76, ""confidence_score"": 80.36, ""live_rank"": 7.0, ""live_score_source"": ""final_score""}}",7,2026-04-09 11:17:11,
2026-04-08,028050,0.049155460582632,0.0176983416346503,-0.2659152947761903,-0.2932665718186171,0.2454510474903428,0.1369831047257118,0.0,50500.0,79.39698492462311,5,0.0,100.0,0.0585168109363886,0.0462106654221795,4076444.0,9394497.0,0.5880503144654088,0.3935839944808554,77.50779887988243,2.3045813949609024,43920.0,36237.5,32794.166666666664,0.3324538258575198,0.4985163204747773,삼성E&A,KOSPI,건설,,,,0.0,0.0,,0.0,,0.3,mapping_missing,0.0,False,False,2026-04-08,5872.34,5523.437,0.0407581147205317,-8114.961149999988,neutral,"met_conditions=close_gt_ma20,ma20_gt_ma60,recent_20d_return_gt_0.03; true_count=3; breadth_20d=0.527; recent_20d_return=0.0468; ma60=5370.97; volatility_risk_flag=True",0.2496601772127274,100.0,99.7536945812808,0.24760496511133487,0.26559425215764115,0.4986783117481746,64.98440224023514,90.87664243197997,0.0585168109363886,0.0462106654221795,42.364532019704434,4076444.0,7278789.899999994,97.70114942528737,97.04433497536947,1.0,84.86101204331122,feature_v1,53.69458128078818,0.5369458128078818,0.5369458128078818,45.320197044334975,0.45320197044334976,0.45320197044334976,51.18226600985222,51.18226600985222,50.34482758620689,False,24.54510474903428,0.812807881773399,81.2807881773399,79.39698492462311,79.29292929292929,1.0,1.0,79.29292929292929,79.29292929292929,81.77339901477832,33.497536945812804,42.364532019704434,97.04433497536947,50.0,51.18226600985222,81.2807881773399,84.86101204331122,ranking_builder_v8_return_prob_tech_regime,False,False,False,False,False,False,False,False,False,False,False,False,0,15.222696671179323,0.27685580559316103,neutral_service_balanced,0.24,0.24,0.32,0.32,0.26,0.26,0.18,0.18,0.65,0.0,0.0,62.25594737611648,62.25594737611648,1.0,False,False,1.0,False,62.25594737611648,8,v2,0.0,best_weight_by_regime,neutral,0.0,1.0,62.25594737611648,62.25594737611648,0.0,62.25594737611648,0.0,0.0,,,,,,,,,,,,,,,,,False,False,,,,,False,,,,,4.0,True,58.25594737611648,11,8,final_score,62.25594737611648,8,8,20.366642890394694,16.37832512315271,21.133004926108374,14.272727272727272,0.0,0.0,0.0,0.0,-9.89475283626656,16.37832512315271,21.133004926108374,20.366642890394694,14.272727272727272,0.0,0.0,0.0,-9.89475283626656,72.15070021238304,Top-bucket probability score,21.133004926108374,Risk penalty,-9.89475283626656,"요약: live_score 62.3 | live_score_source=final_score | regime=neutral | dominant_driver=prob (Top-bucket probability score 21.1) | top_positive_factor=Top-bucket probability score (21.1) | top_negative_factor=Risk penalty (-9.9)
핵심 driver: Top-bucket probability score (prob_score) contribution 21.1, score 81.3; Tech flow score (tech_score) contribution 20.4, score 84.9; Primary prediction score (ret_score) contribution 16.4, score 51.2
리스크 요인: top_negative_factor=Risk penalty (-9.9); risk_penalty 15.2
운영 상태: theme_overlay: disabled (operational config); confidence: 모델 메타 점수 (calibration 미완), score=NA, label=Experimental, live_score 비반영, research/reference 용도","{""base_score"": 62.3, ""theme_weight"": 0.0, ""weight_source"": ""best_weight_by_regime"", ""regime_applied"": ""neutral"", ""theme"": {""name"": ""(none)"", ""confidence"": 0.0, ""contribution"": 0.0}}",confidence_four_axis_v1,1.0,100.0,97.0,78.64637618996231,65.34903029339824,88.5639485915003,84.52835653466457,84.52835653466457,High,High,High,High,data maturity is strong,"Confidence score is 84.5 (High). data_maturity_score=100.0, model_reliability_score=97.0, signal_agreement_score=78.6, regime_fitness_score=65.3. Reason: data maturity is strong.",상위권 진입 확률 우수와 추세 구조 양호이 추천 점수를 견인했습니다. 예상 손실 폭 부담 큼 요인은 함께 점검이 필요합니다.,상위권 진입 확률 우수 / 추세 구조 양호 / 거래 유동성 양호,예상 손실 폭 부담 큼 / 방어력 약함,신뢰도 High: data maturity is strong,현재 neutral 체계로 균형형 가중치가 적용됐습니다.,high_probability_score,high_tech_score,healthy_liquidity_profile,very_high_risk_penalty,weak_safety_score,상위권 진입 확률 우수,추세 구조 양호,거래 유동성 양호,예상 손실 폭 부담 큼,방어력 약함,관심 종목으로 추적,"{""drivers"": [""high_probability_score"", ""high_tech_score"", ""healthy_liquidity_profile""], ""driver_texts"": [""상위권 진입 확률 우수"", ""추세 구조 양호"", ""거래 유동성 양호""], ""drags"": [""very_high_risk_penalty"", ""weak_safety_score""], ""drag_texts"": [""예상 손실 폭 부담 큼"", ""방어력 약함""], ""confidence_label"": ""High"", ""confidence_reason"": ""data maturity is strong"", ""regime"": ""neutral"", ""weight_profile"": ""neutral_service_balanced"", ""regime_reason"": ""met_conditions=close_gt_ma20,ma20_gt_ma60,recent_20d_return_gt_0.03; true_count=3; breadth_20d=0.527; recent_20d_return=0.0468; ma60=5370.97; volatility_risk_flag=True"", ""action_note"": ""관심 종목으로 추적"", ""component_snapshot"": {""ret_score"": 51.18, ""prob_score"": 81.28, ""qual_score"": 79.29, ""tech_score"": 84.86, ""valuation_score"": 50.0, ""risk_penalty"": 15.22, ""live_score"": 62.26, ""final_score"": 62.26, ""confidence_score"": 84.53, ""live_rank"": 8.0, ""live_score_source"": ""final_score""}}",8,2026-04-09 11:17:11,
2026-04-08,042700,0.6034387790831086,-0.106629059926271,-0.2399377312291647,-0.325473986347412,0.2050767271787313,0.0190223247963771,0.0,280500.0,98.4924623115578,5,0.0,100.0,0.0453224420326544,0.0701805161827055,757475.5,1027627.0,-0.1024,-0.0131926121372031,53.36737855241636,1.3566471786876275,260400.0,284250.0,237943.3333333333,0.0255941499085923,-0.0649999999999999,한미반도체,KOSPI,반도체,,,HBM,43.18125,0.4702033759124087,43.18125,43.18125,43.18125,0.3,,20.303969526117697,True,False,2026-04-08,5872.34,5523.437,0.0407581147205317,-8114.961149999988,neutral,"met_conditions=close_gt_ma20,ma20_gt_ma60,recent_20d_return_gt_0.03; true_count=3; breadth_20d=0.527; recent_20d_return=0.0468; ma60=5370.97; volatility_risk_flag=True",-0.0131926121372031,35.0,37.94334975369458,0.0255941499085923,-0.0649999999999999,-0.1024,86.73475710483272,50.501423266355964,0.0453224420326544,0.0701805161827055,29.06403940886699,757475.5,1027627.0,76.68308702791462,74.38423645320196,1.0,46.37377400529355,feature_v1,96.55172413793103,0.9655172413793104,0.9655172413793104,19.704433497536947,0.19704433497536947,0.19704433497536947,73.49753694581281,73.49753694581281,65.8128078817734,False,20.50767271787313,0.7487684729064039,74.8768472906404,98.4924623115578,98.48484848484848,1.0,1.0,98.48484848484848,98.48484848484848,54.679802955665025,87.192118226601,29.06403940886699,74.38423645320196,50.0,73.49753694581281,74.8768472906404,46.37377400529355,ranking_builder_v8_return_prob_tech_regime,False,False,False,False,False,False,False,False,False,False,False,False,0,14.898267993175637,0.27415223327646365,neutral_service_balanced,0.24,0.24,0.32,0.32,0.26,0.26,0.18,0.18,0.65,0.0,0.0,62.160296411205614,62.160296411205614,1.0,False,False,1.0,False,62.160296411205614,9,v2,0.0,best_weight_by_regime,neutral,0.0,1.0,62.160296411205614,62.160296411205614,0.0,62.160296411205614,0.0,0.0,,,,,,,,,,,,,,,,,False,False,,,,,False,,,,,4.0,True,58.160296411205614,13,9,final_score,62.160296411205614,9,9,11.12970576127045,23.5192118226601,19.467980295566505,17.727272727272727,0.0,0.0,0.0,0.0,-9.683874195564163,23.5192118226601,19.467980295566505,11.12970576127045,17.727272727272727,0.0,0.0,0.0,-9.683874195564163,71.84417060676978,Primary prediction score,23.5192118226601,Risk penalty,-9.683874195564163,"요약: live_score 62.2 | live_score_source=final_score | regime=neutral | dominant_driver=ret (Primary prediction score 23.5) | top_positive_factor=Primary prediction score (23.5) | top_negative_factor=Risk penalty (-9.7)
핵심 driver: Primary prediction score (ret_score) contribution 23.5, score 73.5; Top-bucket probability score (prob_score) contribution 19.5, score 74.9; Financial quality score (qual_score) contribution 17.7, score 98.5
리스크 요인: top_negative_factor=Risk penalty (-9.7); risk_penalty 14.9
운영 상태: theme_overlay: disabled (operational config); confidence: 모델 메타 점수 (calibration 미완), score=NA, label=Experimental, live_score 비반영, research/reference 용도","{""base_score"": 62.2, ""theme_weight"": 0.0, ""weight_source"": ""best_weight_by_regime"", ""regime_applied"": ""neutral"", ""theme"": {""name"": ""HBM"", ""confidence"": 0.47, ""contribution"": 0.0}}",confidence_four_axis_v1,1.0,100.0,97.0,73.11667765613352,65.64990559109866,87.22665525269817,82.37665218067313,82.37665218067313,High,High,High,High,data maturity is strong,"Confidence score is 82.4 (High). data_maturity_score=100.0, model_reliability_score=97.0, signal_agreement_score=73.1, regime_fitness_score=65.6. Reason: data maturity is strong.",재무 품질 양호와 60일 기대수익 상위권이 추천 점수를 견인했습니다. 예상 손실 폭 부담 큼 요인은 함께 점검이 필요합니다.,재무 품질 양호 / 60일 기대수익 상위권 / 상위권 진입 확률 우수,예상 손실 폭 부담 큼 / 방어력 약함,신뢰도 High: data maturity is strong,현재 neutral 체계로 균형형 가중치가 적용됐습니다.,strong_quality_profile,high_ret_score,high_probability_score,very_high_risk_penalty,weak_safety_score,재무 품질 양호,60일 기대수익 상위권,상위권 진입 확률 우수,예상 손실 폭 부담 큼,방어력 약함,관심 종목으로 추적,"{""drivers"": [""strong_quality_profile"", ""high_ret_score"", ""high_probability_score""], ""driver_texts"": [""재무 품질 양호"", ""60일 기대수익 상위권"", ""상위권 진입 확률 우수""], ""drags"": [""very_high_risk_penalty"", ""weak_safety_score""], ""drag_texts"": [""예상 손실 폭 부담 큼"", ""방어력 약함""], ""confidence_label"": ""High"", ""confidence_reason"": ""data maturity is strong"", ""regime"": ""neutral"", ""weight_profile"": ""neutral_service_balanced"", ""regime_reason"": ""met_conditions=close_gt_ma20,ma20_gt_ma60,recent_20d_return_gt_0.03; true_count=3; breadth_20d=0.527; recent_20d_return=0.0468; ma60=5370.97; volatility_risk_flag=True"", ""action_note"": ""관심 종목으로 추적"", ""component_snapshot"": {""ret_score"": 73.5, ""prob_score"": 74.88, ""qual_score"": 98.48, ""tech_score"": 46.37, ""valuation_score"": 50.0, ""risk_penalty"": 14.9, ""live_score"": 62.16, ""final_score"": 62.16, ""confidence_score"": 82.38, ""live_rank"": 9.0, ""live_score_source"": ""final_score""}}",9,2026-04-09 11:17:11,
2026-04-08,006730,0.1314562268090797,0.159078700828575,-0.2824666051032655,-0.2754049171506939,0.3313928638838411,0.17447904056625,0.0,13210.0,86.4321608040201,5,0.0,100.0,0.0270768963121356,0.0338895959989396,549162.0,630182.0,-0.0703729767769176,-0.0525711826723086,39.68647710758736,1.1475338788918388,13000.0,13943.0,15056.166666666666,-0.0322344322344322,-0.0677487649964714,서부T&D,KOSDAQ,"호텔,레스토랑,레저",,,,0.0,0.0,,0.0,,0.3,mapping_missing,0.0,False,False,2026-04-08,5872.34,5523.437,0.0407581147205317,-8114.961149999988,neutral,"met_conditions=close_gt_ma20,ma20_gt_ma60,recent_20d_return_gt_0.03; true_count=3; breadth_20d=0.527; recent_20d_return=0.0468; ma60=5370.97; volatility_risk_flag=True",-0.0525711826723086,15.0,18.33743842364532,-0.0322344322344322,-0.0677487649964714,-0.0703729767769176,59.372954215174715,36.76442081980353,0.0270768963121356,0.0338895959989396,89.65517241379311,549162.0,630182.0,62.39737274220033,63.05418719211823,1.0,45.659419208113505,feature_v1,67.98029556650246,0.6798029556650246,0.6798029556650246,64.03940886699507,0.6403940886699507,0.6403940886699507,66.79802955665023,66.79802955665023,66.4039408866995,False,33.13928638838411,0.9310344827586207,93.10344827586206,86.4321608040201,86.36363636363636,1.0,1.0,86.36363636363636,86.36363636363636,8.374384236453201,12.31527093596059,89.65517241379311,63.05418719211823,50.0,66.79802955665023,93.10344827586206,45.659419208113505,ranking_builder_v8_return_prob_tech_regime,False,False,False,False,False,False,False,False,False,False,False,False,0,15.557031590668421,0.27964192992223685,neutral_service_balanced,0.24,0.24,0.32,0.32,0.26,0.26,0.18,0.18,0.65,0.0,0.0,61.97391063131953,61.97391063131953,1.0,False,False,1.0,False,61.97391063131953,10,v2,0.0,best_weight_by_regime,neutral,0.0,1.0,61.97391063131953,61.97391063131953,0.0,61.97391063131953,0.0,0.0,,,,,,,,,,,,,,,,,False,False,,,,,False,,,,,4.0,True,57.97391063131953,14,10,final_score,61.97391063131953,10,10,10.95826060994724,21.375369458128077,24.20689655172414,15.545454545454545,0.0,0.0,0.0,0.0,-10.112070533934475,21.375369458128077,24.20689655172414,10.95826060994724,15.545454545454545,0.0,0.0,0.0,-10.112070533934475,72.085981165254,Top-bucket probability score,24.20689655172414,Risk penalty,-10.112070533934475,"요약: live_score 62.0 | live_score_source=final_score | regime=neutral | dominant_driver=prob (Top-bucket probability score 24.2) | top_positive_factor=Top-bucket probability score (24.2) | top_negative_factor=Risk penalty (-10.1)
핵심 driver: Top-bucket probability score (prob_score) contribution 24.2, score 93.1; Primary prediction score (ret_score) contribution 21.4, score 66.8; Financial quality score (qual_score) contribution 15.5, score 86.4
리스크 요인: top_negative_factor=Risk penalty (-10.1); risk_penalty 15.6
운영 상태: theme_overlay: disabled (operational config); confidence: 모델 메타 점수 (calibration 미완), score=NA, label=Experimental, live_score 비반영, research/reference 용도","{""base_score"": 62.0, ""theme_weight"": 0.0, ""weight_source"": ""best_weight_by_regime"", ""regime_applied"": ""neutral"", ""theme"": {""name"": ""(none)"", ""confidence"": 0.0, ""contribution"": 0.0}}",confidence_four_axis_v1,1.0,100.0,97.0,74.51679127967543,65.62698712809454,87.57324588913303,82.93211393748909,82.93211393748909,High,High,High,High,data maturity is strong,"Confidence score is 82.9 (High). data_maturity_score=100.0, model_reliability_score=97.0, signal_agreement_score=74.5, regime_fitness_score=65.6. Reason: data maturity is strong.",상위권 진입 확률 우수와 재무 품질 양호이 추천 점수를 견인했습니다. 예상 손실 폭 부담 큼 요인은 함께 점검이 필요합니다.,상위권 진입 확률 우수 / 재무 품질 양호 / 변동성 관리 양호,예상 손실 폭 부담 큼,신뢰도 High: data maturity is strong,현재 neutral 체계로 균형형 가중치가 적용됐습니다.,high_probability_score,strong_quality_profile,strong_safety_profile,very_high_risk_penalty,,상위권 진입 확률 우수,재무 품질 양호,변동성 관리 양호,예상 손실 폭 부담 큼,,관심 종목으로 추적,"{""drivers"": [""high_probability_score"", ""strong_quality_profile"", ""strong_safety_profile""], ""driver_texts"": [""상위권 진입 확률 우수"", ""재무 품질 양호"", ""변동성 관리 양호""], ""drags"": [""very_high_risk_penalty""], ""drag_texts"": [""예상 손실 폭 부담 큼""], ""confidence_label"": ""High"", ""confidence_reason"": ""data maturity is strong"", ""regime"": ""neutral"", ""weight_profile"": ""neutral_service_balanced"", ""regime_reason"": ""met_conditions=close_gt_ma20,ma20_gt_ma60,recent_20d_return_gt_0.03; true_count=3; breadth_20d=0.527; recent_20d_return=0.0468; ma60=5370.97; volatility_risk_flag=True"", ""action_note"": ""관심 종목으로 추적"", ""component_snapshot"": {""ret_score"": 66.8, ""prob_score"": 93.1, ""qual_score"": 86.36, ""tech_score"": 45.66, ""valuation_score"": 50.0, ""risk_penalty"": 15.56, ""live_score"": 61.97, ""final_score"": 61.97, ""confidence_score"": 82.93, ""live_rank"": 10.0, ""live_score_source"": ""final_score""}}",10,2026-04-09 11:17:11,
2026-04-08,278470,0.1726152513412175,0.2924088817661812,-0.2498615980688889,-0.212725805971402,0.2318256802835475,0.1796590530707557,0.0,335500.0,77.88944723618091,3,0.4,75.0,0.0447141630518862,0.0425011126121165,325164.85,393643.0,0.0517241379310344,-0.0013394850424169,53.932881744734495,1.2105951796450325,331200.0,335950.0,294250.0,-0.0261248185776488,0.0213089802130899,에이피알,KOSPI,화장품,,,,0.0,0.0,,0.0,,0.3,mapping_missing,0.0,False,False,2026-04-08,5872.34,5523.437,0.0407581147205317,-8114.961149999988,neutral,"met_conditions=close_gt_ma20,ma20_gt_ma60,recent_20d_return_gt_0.03; true_count=3; breadth_20d=0.527; recent_20d_return=0.0468; ma60=5370.97; volatility_risk_flag=True",-0.0013394850424169,35.0,41.145320197044335,-0.0261248185776488,0.0213089802130899,0.0517241379310344,87.86576348946899,68.14870688221946,0.0447141630518862,0.0425011126121165,60.09852216748768,325164.85,393643.0,54.51559934318555,45.320197044334975,1.0,56.39268780286548,feature_v1,75.36945812807882,0.7536945812807881,0.7536945812807881,79.80295566502463,0.7980295566502463,0.7980295566502463,76.69950738916256,76.69950738916256,77.14285714285714,False,23.18256802835475,0.7931034482758621,79.3103448275862,77.88944723618091,77.77777777777779,0.8375,0.78,50.808333333333344,50.808333333333344,52.70935960591133,27.093596059113302,60.09852216748768,45.320197044334975,50.0,76.69950738916256,79.3103448275862,56.39268780286548,ranking_builder_v8_return_prob_tech_regime,False,False,False,False,False,False,False,False,False,False,False,False,0,10.200873747587298,0.23500728122989417,neutral_service_balanced,0.24,0.24,0.32,0.32,0.26,0.26,0.18,0.18,0.65,0.0,0.0,61.21370915646042,61.21370915646042,1.0,False,False,1.0,False,61.21370915646042,11,v2,0.0,best_weight_by_regime,neutral,0.0,1.0,61.21370915646042,61.21370915646042,0.0,61.21370915646042,0.0,0.0,,,,,,,,,,,,,,,,,False,False,,,,,False,,,,,0.0,False,61.21370915646042,7,11,final_score,61.21370915646042,11,11,13.534245072687716,24.543842364532022,20.620689655172413,9.145500000000002,0.0,0.0,0.0,0.0,-6.630567935931744,24.543842364532022,20.620689655172413,13.534245072687716,9.145500000000002,0.0,0.0,0.0,-6.630567935931744,67.84427709239215,Primary prediction score,24.543842364532022,Risk penalty,-6.630567935931744,"요약: live_score 61.2 | live_score_source=final_score | regime=neutral | dominant_driver=ret (Primary prediction score 24.5) | top_positive_factor=Primary prediction score (24.5) | top_negative_factor=Risk penalty (-6.6)
핵심 driver: Primary prediction score (ret_score) contribution 24.5, score 76.7; Top-bucket probability score (prob_score) contribution 20.6, score 79.3; Tech flow score (tech_score) contribution 13.5, score 56.4
리스크 요인: top_negative_factor=Risk penalty (-6.6); risk_penalty 10.2
운영 상태: theme_overlay: disabled (operational config); confidence: 모델 메타 점수 (calibration 미완), score=NA, label=Experimental, live_score 비반영, research/reference 용도","{""base_score"": 61.2, ""theme_weight"": 0.0, ""weight_source"": ""best_weight_by_regime"", ""regime_applied"": ""neutral"", ""theme"": {""name"": ""(none)"", ""confidence"": 0.0, ""contribution"": 0.0}}",confidence_four_axis_v1,1.0,91.25,97.0,68.94939655172413,65.11763322310111,83.47999412139619,77.10328526530988,77.10328526530988,High,High,High,High,data maturity is strong,"Confidence score is 77.1 (High). data_maturity_score=91.2, model_reliability_score=97.0, signal_agreement_score=68.9, regime_fitness_score=65.1. Reason: data maturity is strong.",60일 기대수익 상위권와 상위권 진입 확률 우수이 추천 점수를 견인했습니다. 최근 변동성 확대 주의 요인은 함께 점검이 필요합니다.,60일 기대수익 상위권 / 상위권 진입 확률 우수,최근 변동성 확대 주의,신뢰도 High: data maturity is strong,현재 neutral 체계로 균형형 가중치가 적용됐습니다.,high_ret_score,high_probability_score,,elevated_risk_penalty,,60일 기대수익 상위권,상위권 진입 확률 우수,,최근 변동성 확대 주의,,관심 종목으로 추적,"{""drivers"": [""high_ret_score"", ""high_probability_score""], ""driver_texts"": [""60일 기대수익 상위권"", ""상위권 진입 확률 우수""], ""drags"": [""elevated_risk_penalty""], ""drag_texts"": [""최근 변동성 확대 주의""], ""confidence_label"": ""High"", ""confidence_reason"": ""data maturity is strong"", ""regime"": ""neutral"", ""weight_profile"": ""neutral_service_balanced"", ""regime_reason"": ""met_conditions=close_gt_ma20,ma20_gt_ma60,recent_20d_return_gt_0.03; true_count=3; breadth_20d=0.527; recent_20d_return=0.0468; ma60=5370.97; volatility_risk_flag=True"", ""action_note"": ""관심 종목으로 추적"", ""component_snapshot"": {""ret_score"": 76.7, ""prob_score"": 79.31, ""qual_score"": 50.81, ""tech_score"": 56.39, ""valuation_score"": 50.0, ""risk_penalty"": 10.2, ""live_score"": 61.21, ""final_score"": 61.21, ""confidence_score"": 77.1, ""live_rank"": 11.0, ""live_score_source"": ""final_score""}}",11,2026-04-09 11:17:11,
2026-04-08,058470,-0.0001809881993232,0.2060105016908033,-0.3204133358867339,-0.2548824731699005,0.2516178808587022,0.0686916502441152,0.0,116800.0,97.98994974874373,5,0.0,100.0,0.0532735546704561,0.0564689792855966,724613.35,1127649.0,0.0272647317502199,0.078187021139112,58.13632618689648,1.5562078727917448,108300.0,108330.0,96700.0,0.1166347992351817,0.0865116279069766,리노공업,KOSDAQ,반도체,,,반도체장비,21.9375,0.3732412001656978,21.9375,21.9375,21.9375,0.3,,8.187978828634995,True,False,2026-04-08,5872.34,5523.437,0.0407581147205317,-8114.961149999988,neutral,"met_conditions=close_gt_ma20,ma20_gt_ma60,recent_20d_return_gt_0.03; true_count=3; breadth_20d=0.527; recent_20d_return=0.0468; ma60=5370.97; volatility_risk_flag=True",0.078187021139112,55.0,71.58866995073892,0.1166347992351817,0.0865116279069766,0.0272647317502199,96.27265237379297,88.96964092596056,0.0532735546704561,0.0564689792855966,33.00492610837438,724613.35,1127649.0,79.63875205254516,72.41379310344827,1.0,71.16277333886453,feature_v1,40.88669950738916,0.4088669950738916,0.4088669950738916,69.95073891625616,0.6995073891625616,0.6995073891625616,49.60591133004926,49.60591133004926,52.51231527093596,False,25.161788085870217,0.8325123152709359,83.2512315270936,97.98994974874373,97.97979797979798,1.0,1.0,97.97979797979798,97.97979797979798,72.9064039408867,61.083743842364534,33.00492610837438,72.41379310344827,50.0,49.60591133004926,83.2512315270936,71.16277333886453,ranking_builder_v8_return_prob_tech_regime,False,False,False,False,False,False,False,False,False,False,False,False,0,17.30411889600006,0.2942009908000005,neutral_service_balanced,0.24,0.24,0.32,0.32,0.26,0.26,0.18,0.18,0.65,0.0,0.0,60.98696377795118,60.98696377795118,1.0,False,False,1.0,False,60.98696377795118,12,v2,0.0,best_weight_by_regime,neutral,0.0,1.0,60.98696377795118,60.98696377795118,0.0,60.98696377795118,0.0,0.0,,,,,,,,,,,,,,,,,False,False,,,,,False,,,,,4.0,True,56.98696377795118,16,12,final_score,60.98696377795118,12,12,17.079065601327486,15.873891625615764,21.645320197044335,17.636363636363637,0.0,0.0,0.0,0.0,-11.247677282400039,15.873891625615764,21.645320197044335,17.079065601327486,17.636363636363637,0.0,0.0,0.0,-11.247677282400039,72.23464106035122,Top-bucket probability score,21.645320197044335,Risk penalty,-11.247677282400039,"요약: live_score 61.0 | live_score_source=final_score | regime=neutral | dominant_driver=prob (Top-bucket probability score 21.6) | top_positive_factor=Top-bucket probability score (21.6) | top_negative_factor=Risk penalty (-11.2)
핵심 driver: Top-bucket probability score (prob_score) contribution 21.6, score 83.3; Financial quality score (qual_score) contribution 17.6, score 98.0; Tech flow score (tech_score) contribution 17.1, score 71.2
리스크 요인: top_negative_factor=Risk penalty (-11.2); risk_penalty 17.3
운영 상태: theme_overlay: disabled (operational config); confidence: 모델 메타 점수 (calibration 미완), score=NA, label=Experimental, live_score 비반영, research/reference 용도","{""base_score"": 61.0, ""theme_weight"": 0.0, ""weight_source"": ""best_weight_by_regime"", ""regime_applied"": ""neutral"", ""theme"": {""name"": ""반도체장비"", ""confidence"": 0.37, ""contribution"": 0.0}}",confidence_four_axis_v1,1.0,100.0,97.0,74.23783400507538,64.24319381945679,87.29593757418736,82.54377236592151,82.54377236592151,High,High,High,High,data maturity is strong,"Confidence score is 82.5 (High). data_maturity_score=100.0, model_reliability_score=97.0, signal_agreement_score=74.2, regime_fitness_score=64.2. Reason: data maturity is strong.",상위권 진입 확률 우수와 재무 품질 양호이 추천 점수를 견인했습니다. 예상 손실 폭 부담 큼 요인은 함께 점검이 필요합니다.,상위권 진입 확률 우수 / 재무 품질 양호 / 추세 구조 양호,예상 손실 폭 부담 큼 / 방어력 약함,신뢰도 High: data maturity is strong,현재 neutral 체계로 균형형 가중치가 적용됐습니다.,high_probability_score,strong_quality_profile,high_tech_score,very_high_risk_penalty,weak_safety_score,상위권 진입 확률 우수,재무 품질 양호,추세 구조 양호,예상 손실 폭 부담 큼,방어력 약함,관심 종목으로 추적,"{""drivers"": [""high_probability_score"", ""strong_quality_profile"", ""high_tech_score""], ""driver_texts"": [""상위권 진입 확률 우수"", ""재무 품질 양호"", ""추세 구조 양호""], ""drags"": [""very_high_risk_penalty"", ""weak_safety_score""], ""drag_texts"": [""예상 손실 폭 부담 큼"", ""방어력 약함""], ""confidence_label"": ""High"", ""confidence_reason"": ""data maturity is strong"", ""regime"": ""neutral"", ""weight_profile"": ""neutral_service_balanced"", ""regime_reason"": ""met_conditions=close_gt_ma20,ma20_gt_ma60,recent_20d_return_gt_0.03; true_count=3; breadth_20d=0.527; recent_20d_return=0.0468; ma60=5370.97; volatility_risk_flag=True"", ""action_note"": ""관심 종목으로 추적"", ""component_snapshot"": {""ret_score"": 49.61, ""prob_score"": 83.25, ""qual_score"": 97.98, ""tech_score"": 71.16, ""valuation_score"": 50.0, ""risk_penalty"": 17.3, ""live_score"": 60.99, ""final_score"": 60.99, ""confidence_score"": 82.54, ""live_rank"": 12.0, ""live_score_source"": ""final_score""}}",12,2026-04-09 11:17:11,
2026-04-08,034730,0.3509252143941113,0.1629080786914065,-0.2502825361799798,-0.2782769503758945,0.3052622204316721,0.2143452573180017,0.0,342000.0,41.20603015075377,3,0.4,75.0,0.0459441889564536,0.0460887265430769,200445.45,215027.0,-0.0486787204450626,0.0331545955743524,53.031330965509646,1.0727457270793623,317800.0,331025.0,331350.0,0.0654205607476634,-0.0115606936416184,SK,KOSPI,석유와가스,,,,0.0,0.0,,0.0,,0.3,mapping_missing,0.0,False,False,2026-04-08,5872.34,5523.437,0.0407581147205317,-8114.961149999988,neutral,"met_conditions=close_gt_ma20,ma20_gt_ma60,recent_20d_return_gt_0.03; true_count=3; breadth_20d=0.527; recent_20d_return=0.0468; ma60=5370.97; volatility_risk_flag=True",0.0331545955743524,55.0,61.73645320197045,0.0654205607476634,-0.0115606936416184,-0.0486787204450626,86.06266193101929,67.2053206551686,0.0459441889564536,0.0460887265430769,55.91133004926109,200445.45,215027.0,36.7816091954023,30.541871921182267,1.0,58.74230557906271,feature_v1,89.65517241379311,0.896551724137931,0.896551724137931,65.02463054187191,0.6502463054187192,0.6502463054187192,82.26600985221674,82.26600985221674,79.80295566502463,False,30.526222043167213,0.9064039408866995,90.64039408866995,41.20603015075377,41.41414141414141,0.8375,0.78,27.05378787878788,27.05378787878788,55.172413793103445,33.004926108374384,55.91133004926109,30.541871921182267,50.0,82.26600985221674,90.64039408866995,58.74230557906271,ranking_builder_v8_return_prob_tech_regime,False,False,False,False,False,False,False,False,False,False,False,False,0,13.377636223001483,0.2614803018583457,neutral_service_balanced,0.24,0.24,0.32,0.32,0.26,0.26,0.18,0.18,0.65,0.0,0.0,60.163997227969446,60.163997227969446,1.0,False,False,1.0,False,60.163997227969446,13,v2,0.0,best_weight_by_regime,neutral,0.0,1.0,60.163997227969446,60.163997227969446,0.0,60.163997227969446,0.0,0.0,,,,,,,,,,,,,,,,,False,False,,,,,False,,,,,4.0,True,56.163997227969446,19,13,final_score,60.163997227969446,13,13,14.098153338975049,26.325123152709356,23.56650246305419,4.869681818181818,0.0,0.0,0.0,0.0,-8.695463544950965,26.325123152709356,23.56650246305419,14.098153338975049,4.869681818181818,0.0,0.0,0.0,-8.695463544950965,68.85946077292041,Primary prediction score,26.325123152709356,Risk penalty,-8.695463544950965,"요약: live_score 60.2 | live_score_source=final_score | regime=neutral | dominant_driver=ret (Primary prediction score 26.3) | top_positive_factor=Primary prediction score (26.3) | top_negative_factor=Risk penalty (-8.7)
핵심 driver: Primary prediction score (ret_score) contribution 26.3, score 82.3; Top-bucket probability score (prob_score) contribution 23.6, score 90.6; Tech flow score (tech_score) contribution 14.1, score 58.7
리스크 요인: top_negative_factor=Risk penalty (-8.7); risk_penalty 13.4
운영 상태: theme_overlay: disabled (operational config); confidence: 모델 메타 점수 (calibration 미완), score=NA, label=Experimental, live_score 비반영, research/reference 용도","{""base_score"": 60.2, ""theme_weight"": 0.0, ""weight_source"": ""best_weight_by_regime"", ""regime_applied"": ""neutral"", ""theme"": {""name"": ""(none)"", ""confidence"": 0.0, ""contribution"": 0.0}}",confidence_four_axis_v1,1.0,91.25,97.0,52.174018137035375,63.946820367652435,79.1105275894067,70.15897132834465,70.15897132834465,Medium,High,High,High,core signals disagree,"Confidence score is 70.2 (High). data_maturity_score=91.2, model_reliability_score=97.0, signal_agreement_score=52.2, regime_fitness_score=63.9. Reason: core signals disagree.",60일 기대수익 상위권와 상위권 진입 확률 우수이 추천 점수를 견인했습니다. 예상 손실 폭 부담 큼 요인은 함께 점검이 필요합니다.,60일 기대수익 상위권 / 상위권 진입 확률 우수,예상 손실 폭 부담 큼 / 재무 품질 보완 필요,신뢰도 High: core signals disagree,현재 neutral 체계로 균형형 가중치가 적용됐습니다.,high_ret_score,high_probability_score,,very_high_risk_penalty,weak_quality_score,60일 기대수익 상위권,상위권 진입 확률 우수,,예상 손실 폭 부담 큼,재무 품질 보완 필요,관심 종목으로 추적,"{""drivers"": [""high_ret_score"", ""high_probability_score""], ""driver_texts"": [""60일 기대수익 상위권"", ""상위권 진입 확률 우수""], ""drags"": [""very_high_risk_penalty"", ""weak_quality_score""], ""drag_texts"": [""예상 손실 폭 부담 큼"", ""재무 품질 보완 필요""], ""confidence_label"": ""High"", ""confidence_reason"": ""core signals disagree"", ""regime"": ""neutral"", ""weight_profile"": ""neutral_service_balanced"", ""regime_reason"": ""met_conditions=close_gt_ma20,ma20_gt_ma60,recent_20d_return_gt_0.03; true_count=3; breadth_20d=0.527; recent_20d_return=0.0468; ma60=5370.97; volatility_risk_flag=True"", ""action_note"": ""관심 종목으로 추적"", ""component_snapshot"": {""ret_score"": 82.27, ""prob_score"": 90.64, ""qual_score"": 27.05, ""tech_score"": 58.74, ""valuation_score"": 50.0, ""risk_penalty"": 13.38, ""live_score"": 60.16, ""final_score"": 60.16, ""confidence_score"": 70.16, ""live_rank"": 13.0, ""live_score_source"": ""final_score""}}",13,2026-04-09 11:17:11,
2026-04-08,098460,0.1730970410103429,0.1333303098466336,-0.3188191936388717,-0.3648326240837126,0.2485766941446658,0.3140462025295549,0.0,28350.0,77.38693467336684,5,0.0,100.0,0.0479915819858908,0.0576575309928021,1301525.75,1350605.0,-0.055,0.0208858480374505,50.76887834193672,1.0377090119039136,26670.0,27770.0,29892.5,0.0384615384615385,-0.0257731958762886,고영,KOSDAQ,전자장비와기기,,,반도체장비,18.5625,0.3482412001656977,18.5625,18.5625,18.5625,0.3,,6.4642272780757635,True,False,2026-04-08,5872.34,5523.437,0.0407581147205317,-8114.961149999988,neutral,"met_conditions=close_gt_ma20,ma20_gt_ma60,recent_20d_return_gt_0.03; true_count=3; breadth_20d=0.527; recent_20d_return=0.0468; ma60=5370.97; volatility_risk_flag=True",0.0208858480374505,55.0,58.7807881773399,0.0384615384615385,-0.0257731958762886,-0.055,81.53775668387344,60.40906971284028,0.0479915819858908,0.0576575309928021,37.93103448275862,1301525.75,1350605.0,71.5927750410509,85.71428571428571,1.0,57.102534005405424,feature_v1,76.35467980295566,0.7635467980295566,0.7635467980295566,58.620689655172406,0.5862068965517241,0.5862068965517241,71.03448275862068,71.03448275862068,69.26108374384236,False,24.857669414466578,0.8177339901477833,81.77339901477832,77.38693467336684,77.27272727272727,1.0,1.0,77.27272727272727,77.27272727272727,61.57635467980296,62.5615763546798,37.93103448275862,85.71428571428571,50.0,71.03448275862068,81.77339901477832,57.102534005405424,ranking_builder_v8_return_prob_tech_regime,False,False,False,False,False,False,False,False,False,False,False,False,0,18.0,0.33722456581680804,neutral_service_balanced,0.24,0.24,0.32,0.32,0.26,0.26,0.18,0.18,0.65,0.0,0.0,59.905817296989184,59.905817296989184,1.0,False,False,1.0,False,59.905817296989184,14,v2,0.0,best_weight_by_regime,neutral,0.0,1.0,59.905817296989184,59.905817296989184,0.0,59.905817296989184,0.0,0.0,,,,,,,,,,,,,,,,,False,False,,,,,False,,,,,4.0,True,55.905817296989184,20,14,final_score,59.905817296989184,14,14,13.704608161297301,22.73103448275862,21.261083743842363,13.909090909090908,0.0,0.0,0.0,0.0,-11.700000000000001,22.73103448275862,21.261083743842363,13.704608161297301,13.909090909090908,0.0,0.0,0.0,-11.700000000000001,71.60581729698919,Primary prediction score,22.73103448275862,Risk penalty,-11.700000000000001,"요약: live_score 59.9 | live_score_source=final_score | regime=neutral | dominant_driver=ret (Primary prediction score 22.7) | top_positive_factor=Primary prediction score (22.7) | top_negative_factor=Risk penalty (-11.7)
핵심 driver: Primary prediction score (ret_score) contribution 22.7, score 71.0; Top-bucket probability score (prob_score) contribution 21.3, score 81.8; Financial quality score (qual_score) contribution 13.9, score 77.3
리스크 요인: top_negative_factor=Risk penalty (-11.7); risk_penalty 18.0
운영 상태: theme_overlay: disabled (operational config); confidence: 모델 메타 점수 (calibration 미완), score=NA, label=Experimental, live_score 비반영, research/reference 용도","{""base_score"": 59.9, ""theme_weight"": 0.0, ""weight_source"": ""best_weight_by_regime"", ""regime_applied"": ""neutral"", ""theme"": {""name"": ""반도체장비"", ""confidence"": 0.35, ""contribution"": 0.0}}",confidence_four_axis_v1,1.0,100.0,97.0,81.34874049718813,63.299414100678035,88.93209723939873,85.19937901901086,85.19937901901086,High,High,High,High,data maturity is strong,"Confidence score is 85.2 (High). data_maturity_score=100.0, model_reliability_score=97.0, signal_agreement_score=81.3, regime_fitness_score=63.3. Reason: data maturity is strong.",상위권 진입 확률 우수와 60일 기대수익 상위권이 추천 점수를 견인했습니다. 예상 손실 폭 부담 큼 요인은 함께 점검이 필요합니다.,상위권 진입 확률 우수 / 60일 기대수익 상위권 / 거래 유동성 양호,예상 손실 폭 부담 큼 / 방어력 약함,신뢰도 High: data maturity is strong,현재 neutral 체계로 균형형 가중치가 적용됐습니다.,high_probability_score,high_ret_score,healthy_liquidity_profile,very_high_risk_penalty,weak_safety_score,상위권 진입 확률 우수,60일 기대수익 상위권,거래 유동성 양호,예상 손실 폭 부담 큼,방어력 약함,관심 종목으로 추적,"{""drivers"": [""high_probability_score"", ""high_ret_score"", ""healthy_liquidity_profile""], ""driver_texts"": [""상위권 진입 확률 우수"", ""60일 기대수익 상위권"", ""거래 유동성 양호""], ""drags"": [""very_high_risk_penalty"", ""weak_safety_score""], ""drag_texts"": [""예상 손실 폭 부담 큼"", ""방어력 약함""], ""confidence_label"": ""High"", ""confidence_reason"": ""data maturity is strong"", ""regime"": ""neutral"", ""weight_profile"": ""neutral_service_balanced"", ""regime_reason"": ""met_conditions=close_gt_ma20,ma20_gt_ma60,recent_20d_return_gt_0.03; true_count=3; breadth_20d=0.527; recent_20d_return=0.0468; ma60=5370.97; volatility_risk_flag=True"", ""action_note"": ""관심 종목으로 추적"", ""component_snapshot"": {""ret_score"": 71.03, ""prob_score"": 81.77, ""qual_score"": 77.27, ""tech_score"": 57.1, ""valuation_score"": 50.0, ""risk_penalty"": 18.0, ""live_score"": 59.91, ""final_score"": 59.91, ""confidence_score"": 85.2, ""live_rank"": 14.0, ""live_score_source"": ""final_score""}}",14,2026-04-09 11:17:11,
2026-04-08,000810,0.19815033421206,0.3343744462808817,-0.2270839392625534,-0.2038592268779994,0.1920895299056478,0.0596295973472152,0.0,468000.0,67.8391959798995,3,0.4,75.0,0.0321910535033007,0.0343934003812022,113707.25,139098.0,-0.0592964824120603,0.0107991360691144,49.07154043161442,1.223299305892984,448900.0,463000.0,495091.6666666667,0.0308370044052863,-0.0448979591836734,삼성화재,KOSPI,손해보험,,,,0.0,0.0,,0.0,,0.3,mapping_missing,0.0,False,False,2026-04-08,5872.34,5523.437,0.0407581147205317,-8114.961149999988,neutral,"met_conditions=close_gt_ma20,ma20_gt_ma60,recent_20d_return_gt_0.03; true_count=3; breadth_20d=0.527; recent_20d_return=0.0468; ma60=5370.97; volatility_risk_flag=True",0.0107991360691144,55.0,54.100985221674875,0.0308370044052863,-0.0448979591836734,-0.0592964824120603,78.14308086322885,54.38798696457568,0.0321910535033007,0.0343934003812022,83.49753694581281,113707.25,139098.0,33.004926108374384,13.793103448275861,0.9,51.2247035785704,feature_v1,79.3103448275862,0.7931034482758621,0.7931034482758621,85.22167487684729,0.8522167487684729,0.8522167487684729,81.08374384236453,81.08374384236453,81.67487684729065,False,19.20895299056478,0.7192118226600985,71.92118226600985,67.8391959798995,68.18181818181817,0.8375,0.78,44.53977272727272,44.53977272727272,18.7192118226601,14.285714285714285,83.49753694581281,13.793103448275861,50.0,81.08374384236453,71.92118226600985,51.2247035785704,ranking_builder_v8_return_prob_tech_regime,False,False,False,False,False,False,False,False,False,False,False,False,0,8.135286517047815,0.2177940543087318,neutral_service_balanced,0.24,0.24,0.32,0.32,0.26,0.26,0.18,0.18,0.65,0.0,0.0,59.669457132404105,59.669457132404105,1.0,False,False,1.0,False,59.669457132404105,15,v2,0.0,best_weight_by_regime,neutral,0.0,1.0,59.669457132404105,59.669457132404105,0.0,59.669457132404105,0.0,0.0,,,,,,,,,,,,,,,,,False,False,,,,,False,,,,,0.0,False,59.669457132404105,8,15,final_score,59.669457132404105,15,15,12.293928858856896,25.94679802955665,18.699507389162562,8.01715909090909,0.0,0.0,0.0,0.0,-5.28793623608108,25.94679802955665,18.699507389162562,12.293928858856896,8.01715909090909,0.0,0.0,0.0,-5.28793623608108,64.9573933684852,Primary prediction score,25.94679802955665,Risk penalty,-5.28793623608108,"요약: live_score 59.7 | live_score_source=final_score | regime=neutral | dominant_driver=ret (Primary prediction score 25.9) | top_positive_factor=Primary prediction score (25.9) | top_negative_factor=Risk penalty (-5.3)
핵심 driver: Primary prediction score (ret_score) contribution 25.9, score 81.1; Top-bucket probability score (prob_score) contribution 18.7, score 71.9; Tech flow score (tech_score) contribution 12.3, score 51.2
리스크 요인: top_negative_factor=Risk penalty (-5.3); risk_penalty 8.1
운영 상태: theme_overlay: disabled (operational config); confidence: 모델 메타 점수 (calibration 미완), score=NA, label=Experimental, live_score 비반영, research/reference 용도","{""base_score"": 59.7, ""theme_weight"": 0.0, ""weight_source"": ""best_weight_by_regime"", ""regime_applied"": ""neutral"", ""theme"": {""name"": ""(none)"", ""confidence"": 0.0, ""contribution"": 0.0}}",confidence_four_axis_v1,1.0,91.25,95.5,66.53680866547246,63.91231202708361,82.24604897043066,75.89718587160571,75.89718587160571,High,High,High,High,data maturity is strong,"Confidence score is 75.9 (High). data_maturity_score=91.2, model_reliability_score=95.5, signal_agreement_score=66.5, regime_fitness_score=63.9. Reason: data maturity is strong.",60일 기대수익 상위권와 변동성 관리 양호이 추천 점수를 견인했습니다. 거래 유동성 부족 요인은 함께 점검이 필요합니다.,60일 기대수익 상위권 / 변동성 관리 양호 / 상위권 진입 확률 우수,거래 유동성 부족 / 최근 변동성 확대 주의,신뢰도 High: data maturity is strong,현재 neutral 체계로 균형형 가중치가 적용됐습니다.,high_ret_score,strong_safety_profile,high_probability_score,low_liquidity_score,elevated_risk_penalty,60일 기대수익 상위권,변동성 관리 양호,상위권 진입 확률 우수,거래 유동성 부족,최근 변동성 확대 주의,관심 종목으로 추적,"{""drivers"": [""high_ret_score"", ""strong_safety_profile"", ""high_probability_score""], ""driver_texts"": [""60일 기대수익 상위권"", ""변동성 관리 양호"", ""상위권 진입 확률 우수""], ""drags"": [""low_liquidity_score"", ""elevated_risk_penalty""], ""drag_texts"": [""거래 유동성 부족"", ""최근 변동성 확대 주의""], ""confidence_label"": ""High"", ""confidence_reason"": ""data maturity is strong"", ""regime"": ""neutral"", ""weight_profile"": ""neutral_service_balanced"", ""regime_reason"": ""met_conditions=close_gt_ma20,ma20_gt_ma60,recent_20d_return_gt_0.03; true_count=3; breadth_20d=0.527; recent_20d_return=0.0468; ma60=5370.97; volatility_risk_flag=True"", ""action_note"": ""관심 종목으로 추적"", ""component_snapshot"": {""ret_score"": 81.08, ""prob_score"": 71.92, ""qual_score"": 44.54, ""tech_score"": 51.22, ""valuation_score"": 50.0, ""risk_penalty"": 8.14, ""live_score"": 59.67, ""final_score"": 59.67, ""confidence_score"": 75.9, ""live_rank"": 15.0, ""live_score_source"": ""final_score""}}",15,2026-04-09 11:17:11,
2026-04-08,293490,0.3285425570610785,0.4395111876590996,-0.2032074996329965,-0.2372051377164353,0.3409224840315967,0.4579538069253349,0.0,11980.0,14.07035175879397,5,0.0,100.0,0.0303782271098856,0.034347370734073,501287.1,244542.0,-0.0833970925784238,-0.0739022881880024,37.77310851521632,0.4878282325637345,11726.0,12936.0,14304.333333333334,-0.0385232744783307,-0.155148095909732,카카오게임즈,KOSDAQ,인터넷/플랫폼·콘텐츠,,,Game IP Monetization,23.65,0.4349018248175182,23.65,23.65,23.65,0.3,,10.285428156934305,True,False,2026-04-08,5872.34,5523.437,0.0407581147205317,-8114.961149999988,neutral,"met_conditions=close_gt_ma20,ma20_gt_ma60,recent_20d_return_gt_0.03; true_count=3; breadth_20d=0.527; recent_20d_return=0.0468; ma60=5370.97; volatility_risk_flag=True",-0.0739022881880024,15.0,15.38177339901478,-0.0385232744783307,-0.155148095909732,-0.0833970925784238,55.54621703043264,28.295421252682054,0.0303782271098856,0.034347370734073,85.4679802955665,501287.1,244542.0,34.31855500821018,59.60591133004927,1.0,36.75930876848798,feature_v1,88.66995073891626,0.8866995073891626,0.8866995073891626,89.16256157635468,0.8916256157635468,0.8916256157635468,88.81773399014779,88.81773399014779,88.86699507389162,False,34.09224840315967,0.9359605911330049,93.59605911330048,14.07035175879397,14.14141414141414,1.0,1.0,14.14141414141414,14.14141414141414,15.763546798029557,13.30049261083744,85.4679802955665,59.60591133004927,50.0,88.81773399014779,93.59605911330048,36.75930876848798,ranking_builder_v8_return_prob_tech_regime,False,False,False,False,False,False,False,False,False,False,False,False,0,8.01678658396464,0.21680655486637201,neutral_service_balanced,0.24,0.24,0.32,0.32,0.26,0.26,0.18,0.18,0.65,0.0,0.0,58.913427616620055,58.913427616620055,1.0,False,False,1.0,False,58.913427616620055,16,v2,0.0,best_weight_by_regime,neutral,0.0,1.0,58.913427616620055,58.913427616620055,0.0,58.913427616620055,0.0,0.0,,,,,,,,,,,,,,,,,False,False,,,,,False,,,,,6.0,True,52.913427616620055,26,16,final_score,58.913427616620055,16,16,8.822234104437115,28.42167487684729,24.334975369458128,2.545454545454545,0.0,0.0,0.0,0.0,-5.210911279577016,28.42167487684729,24.334975369458128,8.822234104437115,2.545454545454545,0.0,0.0,0.0,-5.210911279577016,64.12433889619707,Primary prediction score,28.42167487684729,Risk penalty,-5.210911279577016,"요약: live_score 58.9 | live_score_source=final_score | regime=neutral | dominant_driver=ret (Primary prediction score 28.4) | top_positive_factor=Primary prediction score (28.4) | top_negative_factor=Risk penalty (-5.2)
핵심 driver: Primary prediction score (ret_score) contribution 28.4, score 88.8; Top-bucket probability score (prob_score) contribution 24.3, score 93.6; Tech flow score (tech_score) contribution 8.8, score 36.8
리스크 요인: top_negative_factor=Risk penalty (-5.2); risk_penalty 8.0
운영 상태: theme_overlay: disabled (operational config); confidence: 모델 메타 점수 (calibration 미완), score=NA, label=Experimental, live_score 비반영, research/reference 용도","{""base_score"": 58.9, ""theme_weight"": 0.0, ""weight_source"": ""best_weight_by_regime"", ""regime_applied"": ""neutral"", ""theme"": {""name"": ""Game IP Monetization"", ""confidence"": 0.43, ""contribution"": 0.0}}",confidence_four_axis_v1,1.0,100.0,97.0,47.4136065084341,63.60198333144759,80.49369912682566,71.68583926966316,71.68583926966316,High,High,High,High,core signals disagree,"Confidence score is 71.7 (High). data_maturity_score=100.0, model_reliability_score=97.0, signal_agreement_score=47.4, regime_fitness_score=63.6. Reason: core signals disagree.",60일 기대수익 상위권와 상위권 진입 확률 우수이 추천 점수를 견인했습니다. 재무 품질 보완 필요 요인은 함께 점검이 필요합니다.,60일 기대수익 상위권 / 상위권 진입 확률 우수 / 변동성 관리 양호,재무 품질 보완 필요 / 최근 변동성 확대 주의,신뢰도 High: core signals disagree,현재 neutral 체계로 균형형 가중치가 적용됐습니다.,high_ret_score,high_probability_score,strong_safety_profile,weak_quality_score,elevated_risk_penalty,60일 기대수익 상위권,상위권 진입 확률 우수,변동성 관리 양호,재무 품질 보완 필요,최근 변동성 확대 주의,관심 종목으로 추적,"{""drivers"": [""high_ret_score"", ""high_probability_score"", ""strong_safety_profile""], ""driver_texts"": [""60일 기대수익 상위권"", ""상위권 진입 확률 우수"", ""변동성 관리 양호""], ""drags"": [""weak_quality_score"", ""elevated_risk_penalty""], ""drag_texts"": [""재무 품질 보완 필요"", ""최근 변동성 확대 주의""], ""confidence_label"": ""High"", ""confidence_reason"": ""core signals disagree"", ""regime"": ""neutral"", ""weight_profile"": ""neutral_service_balanced"", ""regime_reason"": ""met_conditions=close_gt_ma20,ma20_gt_ma60,recent_20d_return_gt_0.03; true_count=3; breadth_20d=0.527; recent_20d_return=0.0468; ma60=5370.97; volatility_risk_flag=True"", ""action_note"": ""관심 종목으로 추적"", ""component_snapshot"": {""ret_score"": 88.82, ""prob_score"": 93.6, ""qual_score"": 14.14, ""tech_score"": 36.76, ""valuation_score"": 50.0, ""risk_penalty"": 8.02, ""live_score"": 58.91, ""final_score"": 58.91, ""confidence_score"": 71.69, ""live_rank"": 16.0, ""live_score_source"": ""final_score""}}",16,2026-04-09 11:17:11,
2026-04-08,445680,0.7158507212057106,0.7777501423251192,-0.1560819678649022,-0.2337493993515242,0.42321427706201,0.3199636715910269,0.0,84600.0,5.527638190954774,5,0.0,100.0,0.0993687363524656,0.075758442103052,345733.2,137264.0,-0.0682819383259911,-0.1724542697838208,40.40077368887624,0.3970229066806428,79580.0,102230.0,109213.33333333331,-0.0309278350515463,-0.2763045337895637,큐리옥스바이오시스템즈,KOSDAQ,바이오/제약,,,바이오,19.921875,0.4083811131386861,19.921875,19.921875,19.921875,0.3,,8.135717488309762,True,False,2026-04-08,5872.34,5523.437,0.0407581147205317,-8114.961149999988,neutral,"met_conditions=close_gt_ma20,ma20_gt_ma60,recent_20d_return_gt_0.03; true_count=3; breadth_20d=0.527; recent_20d_return=0.0468; ma60=5370.97; volatility_risk_flag=True",-0.1724542697838208,15.0,8.731527093596059,-0.0309278350515463,-0.2763045337895637,-0.0682819383259911,60.801547377752485,30.96393364246768,0.0993687363524656,0.075758442103052,3.940886699507388,345733.2,137264.0,22.988505747126435,48.275862068965516,1.0,17.693288104912945,feature_v1,99.01477832512316,0.9901477832512315,0.9901477832512315,96.05911330049261,0.9605911330049262,0.9605911330049262,98.12807881773398,98.12807881773398,97.83251231527095,False,42.321427706201,0.9753694581280788,97.53694581280789,5.527638190954774,5.555555555555555,1.0,1.0,5.555555555555555,5.555555555555555,98.0295566502463,94.08866995073892,3.940886699507388,48.275862068965516,50.0,98.12807881773398,97.53694581280789,17.693288104912945,ranking_builder_v8_return_prob_tech_regime,False,False,False,False,False,False,False,False,False,False,False,False,0,4.9719152367640795,0.187148940459551,neutral_service_balanced,0.24,0.24,0.32,0.32,0.26,0.26,0.18,0.18,0.65,0.0,0.0,58.77523537428738,58.77523537428738,1.0,False,False,1.0,False,58.77523537428738,17,v2,0.0,best_weight_by_regime,neutral,0.0,1.0,58.77523537428738,58.77523537428738,0.0,58.77523537428738,0.0,0.0,,,,,,,,,,,,,,,,,False,False,,,,,False,,,,,6.0,True,52.77523537428738,27,17,final_score,58.77523537428738,17,17,4.246389145179107,31.400985221674873,25.35960591133005,0.9999999999999999,0.0,0.0,0.0,0.0,-3.2317449038966517,31.400985221674873,25.35960591133005,4.246389145179107,0.9999999999999999,0.0,0.0,0.0,-3.2317449038966517,62.00698027818403,Primary prediction score,31.400985221674873,Risk penalty,-3.2317449038966517,"요약: live_score 58.8 | live_score_source=final_score | regime=neutral | dominant_driver=ret (Primary prediction score 31.4) | top_positive_factor=Primary prediction score (31.4) | top_negative_factor=Risk penalty (-3.2)
핵심 driver: Primary prediction score (ret_score) contribution 31.4, score 98.1; Top-bucket probability score (prob_score) contribution 25.4, score 97.5; Tech flow score (tech_score) contribution 4.2, score 17.7
리스크 요인: top_negative_factor=Risk penalty (-3.2); risk_penalty 5.0
운영 상태: theme_overlay: disabled (operational config); confidence: 모델 메타 점수 (calibration 미완), score=NA, label=Experimental, live_score 비반영, research/reference 용도","{""base_score"": 58.8, ""theme_weight"": 0.0, ""weight_source"": ""best_weight_by_regime"", ""regime_applied"": ""neutral"", ""theme"": {""name"": ""바이오"", ""confidence"": 0.41, ""contribution"": 0.0}}",confidence_four_axis_v1,1.0,100.0,97.0,37.22824302134647,63.99766541606816,78.00671056774684,67.69083029175222,67.69083029175222,Medium,Medium,Medium,Medium,core signals disagree,"Confidence score is 67.7 (Medium). data_maturity_score=100.0, model_reliability_score=97.0, signal_agreement_score=37.2, regime_fitness_score=64.0. Reason: core signals disagree.",60일 기대수익 상위권와 상위권 진입 확률 우수이 추천 점수를 견인했습니다. 방어력 약함 요인은 함께 점검이 필요합니다.,60일 기대수익 상위권 / 상위권 진입 확률 우수,방어력 약함 / 재무 품질 보완 필요,신뢰도 Medium: core signals disagree,현재 neutral 체계로 균형형 가중치가 적용됐습니다.,high_ret_score,high_probability_score,,weak_safety_score,weak_quality_score,60일 기대수익 상위권,상위권 진입 확률 우수,,방어력 약함,재무 품질 보완 필요,관심 종목으로 추적,"{""drivers"": [""high_ret_score"", ""high_probability_score""], ""driver_texts"": [""60일 기대수익 상위권"", ""상위권 진입 확률 우수""], ""drags"": [""weak_safety_score"", ""weak_quality_score""], ""drag_texts"": [""방어력 약함"", ""재무 품질 보완 필요""], ""confidence_label"": ""Medium"", ""confidence_reason"": ""core signals disagree"", ""regime"": ""neutral"", ""weight_profile"": ""neutral_service_balanced"", ""regime_reason"": ""met_conditions=close_gt_ma20,ma20_gt_ma60,recent_20d_return_gt_0.03; true_count=3; breadth_20d=0.527; recent_20d_return=0.0468; ma60=5370.97; volatility_risk_flag=True"", ""action_note"": ""관심 종목으로 추적"", ""component_snapshot"": {""ret_score"": 98.13, ""prob_score"": 97.54, ""qual_score"": 5.56, ""tech_score"": 17.69, ""valuation_score"": 50.0, ""risk_penalty"": 4.97, ""live_score"": 58.78, ""final_score"": 58.78, ""confidence_score"": 67.69, ""live_rank"": 17.0, ""live_score_source"": ""final_score""}}",17,2026-04-09 11:17:11,
2026-04-08,253450,0.252979568449615,0.3178986364603082,-0.180526217246551,-0.2006718417007071,0.2889955832187085,0.3089580646089054,0.0,34200.0,33.66834170854271,5,0.0,100.0,0.0253321221237236,0.0295738858557113,64724.45,88958.0,-0.1297709923664122,-0.0845211804858462,32.412966172256205,1.3744110610441649,34150.0,37357.5,42701.66666666666,-0.0681198910081744,-0.11284046692607,스튜디오드래곤,KOSDAQ,인터넷/플랫폼·콘텐츠,,,,0.0,0.0,,0.0,,0.3,mapping_missing,0.0,False,False,2026-04-08,5872.34,5523.437,0.0407581147205317,-8114.961149999988,neutral,"met_conditions=close_gt_ma20,ma20_gt_ma60,recent_20d_return_gt_0.03; true_count=3; breadth_20d=0.527; recent_20d_return=0.0468; ma60=5370.97; volatility_risk_flag=True",-0.0845211804858462,15.0,14.150246305418719,-0.0681198910081744,-0.11284046692607,-0.1297709923664122,44.82593234451241,22.536532347211846,0.0253321221237236,0.0295738858557113,93.8423645320197,64724.45,88958.0,31.527093596059107,6.403940886699508,0.72,25.653885954453045,feature_v1,84.23645320197043,0.8423645320197044,0.8423645320197044,82.26600985221675,0.8226600985221675,0.8226600985221675,83.64532019704433,83.64532019704433,83.44827586206895,False,28.89955832187085,0.8817733990147784,88.17733990147784,33.66834170854271,33.83838383838384,1.0,1.0,33.83838383838384,33.83838383838384,5.911330049261084,6.403940886699508,93.8423645320197,6.403940886699508,50.0,83.64532019704433,88.17733990147784,25.653885954453045,ranking_builder_v8_return_prob_tech_regime,False,False,False,False,False,False,False,False,False,False,False,False,0,5.086757362257073,0.1885844670282134,neutral_service_balanced,0.24,0.24,0.32,0.32,0.26,0.26,0.18,0.18,0.65,0.0,0.0,58.63406027194915,58.63406027194915,1.0,False,False,1.0,False,58.63406027194915,18,v2,0.0,best_weight_by_regime,neutral,0.0,1.0,58.63406027194915,58.63406027194915,0.0,58.63406027194915,0.0,0.0,,,,,,,,,,,,,,,,,False,False,,,,,False,,,,,0.0,False,58.63406027194915,9,18,final_score,58.63406027194915,18,18,6.156932629068731,26.766502463054184,22.92610837438424,6.090909090909091,0.0,0.0,0.0,0.0,-3.3063922854670973,26.766502463054184,22.92610837438424,6.156932629068731,6.090909090909091,0.0,0.0,0.0,-3.3063922854670973,61.94045255741625,Primary prediction score,26.766502463054184,Risk penalty,-3.3063922854670973,"요약: live_score 58.6 | live_score_source=final_score | regime=neutral | dominant_driver=ret (Primary prediction score 26.8) | top_positive_factor=Primary prediction score (26.8) | top_negative_factor=Risk penalty (-3.3)
핵심 driver: Primary prediction score (ret_score) contribution 26.8, score 83.6; Top-bucket probability score (prob_score) contribution 22.9, score 88.2; Tech flow score (tech_score) contribution 6.2, score 25.7
리스크 요인: top_negative_factor=Risk penalty (-3.3); risk_penalty 5.1
운영 상태: theme_overlay: disabled (operational config); confidence: 모델 메타 점수 (calibration 미완), score=NA, label=Experimental, live_score 비반영, research/reference 용도","{""base_score"": 58.6, ""theme_weight"": 0.0, ""weight_source"": ""best_weight_by_regime"", ""regime_applied"": ""neutral"", ""theme"": {""name"": ""(none)"", ""confidence"": 0.0, ""contribution"": 0.0}}",confidence_four_axis_v1,1.0,100.0,92.8,46.24296381589256,63.73699826172107,78.9612906932313,71.24458517870124,71.24458517870124,Medium,High,High,High,core signals disagree,"Confidence score is 71.2 (High). data_maturity_score=100.0, model_reliability_score=92.8, signal_agreement_score=46.2, regime_fitness_score=63.7. Reason: core signals disagree.",60일 기대수익 상위권와 상위권 진입 확률 우수이 추천 점수를 견인했습니다. 거래 유동성 부족 요인은 함께 점검이 필요합니다.,60일 기대수익 상위권 / 상위권 진입 확률 우수 / 변동성 관리 양호,거래 유동성 부족 / 추세 탄력 약함,신뢰도 High: core signals disagree,현재 neutral 체계로 균형형 가중치가 적용됐습니다.,high_ret_score,high_probability_score,strong_safety_profile,low_liquidity_score,weak_tech_score,60일 기대수익 상위권,상위권 진입 확률 우수,변동성 관리 양호,거래 유동성 부족,추세 탄력 약함,관심 종목으로 추적,"{""drivers"": [""high_ret_score"", ""high_probability_score"", ""strong_safety_profile""], ""driver_texts"": [""60일 기대수익 상위권"", ""상위권 진입 확률 우수"", ""변동성 관리 양호""], ""drags"": [""low_liquidity_score"", ""weak_tech_score""], ""drag_texts"": [""거래 유동성 부족"", ""추세 탄력 약함""], ""confidence_label"": ""High"", ""confidence_reason"": ""core signals disagree"", ""regime"": ""neutral"", ""weight_profile"": ""neutral_service_balanced"", ""regime_reason"": ""met_conditions=close_gt_ma20,ma20_gt_ma60,recent_20d_return_gt_0.03; true_count=3; breadth_20d=0.527; recent_20d_return=0.0468; ma60=5370.97; volatility_risk_flag=True"", ""action_note"": ""관심 종목으로 추적"", ""component_snapshot"": {""ret_score"": 83.65, ""prob_score"": 88.18, ""qual_score"": 33.84, ""tech_score"": 25.65, ""valuation_score"": 50.0, ""risk_penalty"": 5.09, ""live_score"": 58.63, ""final_score"": 58.63, ""confidence_score"": 71.24, ""live_rank"": 18.0, ""live_score_source"": ""final_score""}}",18,2026-04-09 11:17:11,
2026-04-08,041510,0.135541519440544,0.269287223343809,-0.1904104321488327,-0.1904160780563664,0.1787866975174765,0.1703635614200268,0.0,87000.0,82.41206030150754,5,0.0,100.0,0.0312000673664975,0.0354792475306947,82193.75,91180.0,-0.1185410334346505,-0.0574725096148637,37.65552267640355,1.1093300889666184,85040.0,92305.0,105086.66666666669,-0.0333333333333333,-0.0685224839400427,에스엠,KOSDAQ,방송과엔터테인먼트,,,,0.0,0.0,,0.0,,0.3,mapping_missing,0.0,False,False,2026-04-08,5872.34,5523.437,0.0407581147205317,-8114.961149999988,neutral,"met_conditions=close_gt_ma20,ma20_gt_ma60,recent_20d_return_gt_0.03; true_count=3; breadth_20d=0.527; recent_20d_return=0.0468; ma60=5370.97; volatility_risk_flag=True",-0.0574725096148637,15.0,17.10591133004926,-0.0333333333333333,-0.0685224839400427,-0.1185410334346505,55.3110453528071,32.300667742142664,0.0312000673664975,0.0354792475306947,83.2512315270936,82193.75,91180.0,24.13793103448276,9.35960591133005,0.72,26.429719009936207,feature_v1,68.4729064039409,0.6847290640394089,0.6847290640394089,78.32512315270937,0.7832512315270936,0.7832512315270936,71.42857142857143,71.42857142857143,72.41379310344828,False,17.87866975174765,0.6896551724137931,68.96551724137932,82.41206030150754,82.32323232323232,1.0,1.0,82.32323232323232,82.32323232323232,16.748768472906402,16.748768472906402,83.2512315270936,9.35960591133005,50.0,71.42857142857143,68.96551724137932,26.429719009936207,ranking_builder_v8_return_prob_tech_regime,False,False,False,False,False,False,False,False,False,False,False,False,0,5.233015240947694,0.19041269051184617,neutral_service_balanced,0.24,0.24,0.32,0.32,0.26,0.26,0.18,0.18,0.65,0.0,0.0,58.54803181385199,58.54803181385199,1.0,False,False,1.0,False,58.54803181385199,19,v2,0.0,best_weight_by_regime,neutral,0.0,1.0,58.54803181385199,58.54803181385199,0.0,58.54803181385199,0.0,0.0,,,,,,,,,,,,,,,,,False,False,,,,,False,,,,,0.0,False,58.54803181385199,10,19,final_score,58.54803181385199,19,19,6.34313256238469,22.857142857142858,17.931034482758623,14.818181818181817,0.0,0.0,0.0,0.0,-3.401459906616001,22.857142857142858,17.931034482758623,6.34313256238469,14.818181818181817,0.0,0.0,0.0,-3.401459906616001,61.94949172046799,Primary prediction score,22.857142857142858,Risk penalty,-3.401459906616001,"요약: live_score 58.5 | live_score_source=final_score | regime=neutral | dominant_driver=ret (Primary prediction score 22.9) | top_positive_factor=Primary prediction score (22.9) | top_negative_factor=Risk penalty (-3.4)
핵심 driver: Primary prediction score (ret_score) contribution 22.9, score 71.4; Top-bucket probability score (prob_score) contribution 17.9, score 69.0; Financial quality score (qual_score) contribution 14.8, score 82.3
리스크 요인: top_negative_factor=Risk penalty (-3.4); risk_penalty 5.2
운영 상태: theme_overlay: disabled (operational config); confidence: 모델 메타 점수 (calibration 미완), score=NA, label=Experimental, live_score 비반영, research/reference 용도","{""base_score"": 58.5, ""theme_weight"": 0.0, ""weight_source"": ""best_weight_by_regime"", ""regime_applied"": ""neutral"", ""theme"": {""name"": ""(none)"", ""confidence"": 0.0, ""contribution"": 0.0}}",confidence_four_axis_v1,1.0,100.0,92.8,65.73194600601117,63.52070828433699,83.80109274415335,78.99692005927187,78.99692005927187,High,High,High,High,data maturity is strong,"Confidence score is 79.0 (High). data_maturity_score=100.0, model_reliability_score=92.8, signal_agreement_score=65.7, regime_fitness_score=63.5. Reason: data maturity is strong.",60일 기대수익 상위권와 재무 품질 양호이 추천 점수를 견인했습니다. 거래 유동성 부족 요인은 함께 점검이 필요합니다.,60일 기대수익 상위권 / 재무 품질 양호 / 변동성 관리 양호,거래 유동성 부족 / 추세 탄력 약함,신뢰도 High: data maturity is strong,현재 neutral 체계로 균형형 가중치가 적용됐습니다.,high_ret_score,strong_quality_profile,strong_safety_profile,low_liquidity_score,weak_tech_score,60일 기대수익 상위권,재무 품질 양호,변동성 관리 양호,거래 유동성 부족,추세 탄력 약함,관심 종목으로 추적,"{""drivers"": [""high_ret_score"", ""strong_quality_profile"", ""strong_safety_profile""], ""driver_texts"": [""60일 기대수익 상위권"", ""재무 품질 양호"", ""변동성 관리 양호""], ""drags"": [""low_liquidity_score"", ""weak_tech_score""], ""drag_texts"": [""거래 유동성 부족"", ""추세 탄력 약함""], ""confidence_label"": ""High"", ""confidence_reason"": ""data maturity is strong"", ""regime"": ""neutral"", ""weight_profile"": ""neutral_service_balanced"", ""regime_reason"": ""met_conditions=close_gt_ma20,ma20_gt_ma60,recent_20d_return_gt_0.03; true_count=3; breadth_20d=0.527; recent_20d_return=0.0468; ma60=5370.97; volatility_risk_flag=True"", ""action_note"": ""관심 종목으로 추적"", ""component_snapshot"": {""ret_score"": 71.43, ""prob_score"": 68.97, ""qual_score"": 82.32, ""tech_score"": 26.43, ""valuation_score"": 50.0, ""risk_penalty"": 5.23, ""live_score"": 58.55, ""final_score"": 58.55, ""confidence_score"": 79.0, ""live_rank"": 19.0, ""live_score_source"": ""final_score""}}",19,2026-04-09 11:17:11,
2026-04-08,015760,0.1436463319053715,0.1746237259051291,-0.2553537559098353,-0.2764986230013964,0.1820954008487005,0.1256283119374337,0.0,43900.0,83.91959798994975,5,0.0,100.0,0.0399309275891222,0.0482219776956988,2529349.4,3925621.0,-0.0844629822732012,-0.0247153568453207,44.06842888663727,1.5520279641871542,41120.0,45012.5,53529.16666666666,0.0045766590389015,-0.0548977395048438,한국전력,KOSPI,전기유틸리티,,,전력설비,22.343750000000004,0.3541200856700044,22.343750000000004,22.343750000000004,22.343750000000004,0.3,,7.9123706641891625,True,False,2026-04-08,5872.34,5523.437,0.0407581147205317,-8114.961149999988,neutral,"met_conditions=close_gt_ma20,ma20_gt_ma60,recent_20d_return_gt_0.03; true_count=3; breadth_20d=0.527; recent_20d_return=0.0468; ma60=5370.97; volatility_risk_flag=True",-0.0247153568453207,15.0,25.233990147783253,0.0045766590389015,-0.0548977395048438,-0.0844629822732012,68.13685777327454,43.881505083712725,0.0399309275891222,0.0482219776956988,59.85221674876847,2529349.4,3925621.0,92.61083743842364,94.08866995073892,1.0,48.790792789151666,feature_v1,70.44334975369459,0.7044334975369458,0.7044334975369458,67.98029556650246,0.6798029556650246,0.6798029556650246,69.70443349753694,69.70443349753694,69.45812807881774,False,18.20954008487005,0.6995073891625616,69.95073891625616,83.91959798994975,83.83838383838383,1.0,1.0,83.83838383838383,83.83838383838383,37.93103448275862,42.364532019704434,59.85221674876847,94.08866995073892,50.0,69.70443349753694,69.95073891625616,48.790792789151666,ranking_builder_v8_return_prob_tech_regime,False,False,False,False,False,False,False,False,False,False,False,False,0,13.657404329575163,0.2638117027464597,neutral_service_balanced,0.24,0.24,0.32,0.32,0.26,0.26,0.18,0.18,0.65,0.0,0.0,58.41599738352005,58.41599738352005,1.0,False,False,1.0,False,58.41599738352005,20,v2,0.0,best_weight_by_regime,neutral,0.0,1.0,58.41599738352005,58.41599738352005,0.0,58.41599738352005,0.0,0.0,,,,,,,,,,,,,,,,,False,False,,,,,False,,,,,4.0,True,54.41599738352005,22,20,final_score,58.41599738352005,20,20,11.7097902693964,22.305418719211822,18.1871921182266,15.09090909090909,0.0,0.0,0.0,0.0,-8.877312814223856,22.305418719211822,18.1871921182266,11.7097902693964,15.09090909090909,0.0,0.0,0.0,-8.877312814223856,67.29331019774392,Primary prediction score,22.305418719211822,Risk penalty,-8.877312814223856,"요약: live_score 58.4 | live_score_source=final_score | regime=neutral | dominant_driver=ret (Primary prediction score 22.3) | top_positive_factor=Primary prediction score (22.3) | top_negative_factor=Risk penalty (-8.9)
핵심 driver: Primary prediction score (ret_score) contribution 22.3, score 69.7; Top-bucket probability score (prob_score) contribution 18.2, score 70.0; Financial quality score (qual_score) contribution 15.1, score 83.8
리스크 요인: top_negative_factor=Risk penalty (-8.9); risk_penalty 13.7
운영 상태: theme_overlay: disabled (operational config); confidence: 모델 메타 점수 (calibration 미완), score=NA, label=Experimental, live_score 비반영, research/reference 용도","{""base_score"": 58.4, ""theme_weight"": 0.0, ""weight_source"": ""best_weight_by_regime"", ""regime_applied"": ""neutral"", ""theme"": {""name"": ""전력설비"", ""confidence"": 0.35, ""contribution"": 0.0}}",confidence_four_axis_v1,1.0,100.0,97.0,78.23572268523036,62.37278247146679,88.01484804202761,83.7688455683855,83.7688455683855,High,High,High,High,data maturity is strong,"Confidence score is 83.8 (High). data_maturity_score=100.0, model_reliability_score=97.0, signal_agreement_score=78.2, regime_fitness_score=62.4. Reason: data maturity is strong.",거래 유동성 양호와 60일 기대수익 상위권이 추천 점수를 견인했습니다. 예상 손실 폭 부담 큼 요인은 함께 점검이 필요합니다.,거래 유동성 양호 / 60일 기대수익 상위권 / 재무 품질 양호,예상 손실 폭 부담 큼,신뢰도 High: data maturity is strong,현재 neutral 체계로 균형형 가중치가 적용됐습니다.,healthy_liquidity_profile,high_ret_score,strong_quality_profile,very_high_risk_penalty,,거래 유동성 양호,60일 기대수익 상위권,재무 품질 양호,예상 손실 폭 부담 큼,,관심 종목으로 추적,"{""drivers"": [""healthy_liquidity_profile"", ""high_ret_score"", ""strong_quality_profile""], ""driver_texts"": [""거래 유동성 양호"", ""60일 기대수익 상위권"", ""재무 품질 양호""], ""drags"": [""very_high_risk_penalty""], ""drag_texts"": [""예상 손실 폭 부담 큼""], ""confidence_label"": ""High"", ""confidence_reason"": ""data maturity is strong"", ""regime"": ""neutral"", ""weight_profile"": ""neutral_service_balanced"", ""regime_reason"": ""met_conditions=close_gt_ma20,ma20_gt_ma60,recent_20d_return_gt_0.03; true_count=3; breadth_20d=0.527; recent_20d_return=0.0468; ma60=5370.97; volatility_risk_flag=True"", ""action_note"": ""관심 종목으로 추적"", ""component_snapshot"": {""ret_score"": 69.7, ""prob_score"": 69.95, ""qual_score"": 83.84, ""tech_score"": 48.79, ""valuation_score"": 50.0, ""risk_penalty"": 13.66, ""live_score"": 58.42, ""final_score"": 58.42, ""confidence_score"": 83.77, ""live_rank"": 20.0, ""live_score_source"": ""final_score""}}",20,2026-04-09 11:17:11,
2026-04-08,326030,0.1014110641515877,0.0669521186498738,-0.2029402482441973,-0.2319577530314583,0.1555070465388027,0.0946147577031851,0.0,99200.0,74.87437185929649,5,0.0,100.0,0.0341081304813225,0.0343890098388887,750227.65,169807.0,0.0050658561296859,0.0260123080105496,49.322469736907614,0.2263406314070135,95700.0,96685.0,108260.0,0.002020202020202,0.0205761316872428,SK바이오팜,KOSPI,바이오/제약,,,바이오,19.453125,0.4033811131386861,19.453125,19.453125,19.453125,0.3,,7.8470232165260025,True,False,2026-04-08,5872.34,5523.437,0.0407581147205317,-8114.961149999988,neutral,"met_conditions=close_gt_ma20,ma20_gt_ma60,recent_20d_return_gt_0.03; true_count=3; breadth_20d=0.527; recent_20d_return=0.0468; ma60=5370.97; volatility_risk_flag=True",0.0260123080105496,55.0,60.01231527093596,0.002020202020202,0.0205761316872428,0.0050658561296859,78.64493947381523,65.59719545958681,0.0341081304813225,0.0343890098388887,82.01970443349754,750227.65,169807.0,32.84072249589491,73.89162561576354,1.0,62.29276225321991,feature_v1,63.54679802955665,0.6354679802955665,0.6354679802955665,50.73891625615764,0.5073891625615764,0.5073891625615764,59.70443349753693,59.70443349753693,58.42364532019704,False,15.55070465388027,0.6059113300492611,60.591133004926114,74.87437185929649,74.74747474747475,1.0,1.0,74.74747474747475,74.74747474747475,22.167487684729064,13.793103448275861,82.01970443349754,73.89162561576354,50.0,59.70443349753693,60.591133004926114,62.29276225321991,ranking_builder_v8_return_prob_tech_regime,False,False,False,False,False,False,False,False,False,False,False,False,0,7.745670019092202,0.2145472501591017,neutral_service_balanced,0.24,0.24,0.32,0.32,0.26,0.26,0.18,0.18,0.65,0.0,0.0,58.229236183400914,58.229236183400914,1.0,False,False,1.0,False,58.229236183400914,21,v2,0.0,best_weight_by_regime,neutral,0.0,1.0,58.229236183400914,58.229236183400914,0.0,58.229236183400914,0.0,0.0,,,,,,,,,,,,,,,,,False,False,,,,,False,,,,,0.0,False,58.229236183400914,12,21,final_score,58.229236183400914,21,21,14.95026294077278,19.10541871921182,15.75369458128079,13.454545454545455,0.0,0.0,0.0,0.0,-5.034685512409932,19.10541871921182,15.75369458128079,14.95026294077278,13.454545454545455,0.0,0.0,0.0,-5.034685512409932,63.26392169581084,Primary prediction score,19.10541871921182,Risk penalty,-5.034685512409932,"요약: live_score 58.2 | live_score_source=final_score | regime=neutral | dominant_driver=ret (Primary prediction score 19.1) | top_positive_factor=Primary prediction score (19.1) | top_negative_factor=Risk penalty (-5.0)
핵심 driver: Primary prediction score (ret_score) contribution 19.1, score 59.7; Top-bucket probability score (prob_score) contribution 15.8, score 60.6; Tech flow score (tech_score) contribution 15.0, score 62.3
리스크 요인: top_negative_factor=Risk penalty (-5.0); risk_penalty 7.7
운영 상태: theme_overlay: disabled (operational config); confidence: 모델 메타 점수 (calibration 미완), score=NA, label=Experimental, live_score 비반영, research/reference 용도","{""base_score"": 58.2, ""theme_weight"": 0.0, ""weight_source"": ""best_weight_by_regime"", ""regime_applied"": ""neutral"", ""theme"": {""name"": ""바이오"", ""confidence"": 0.4, ""contribution"": 0.0}}",confidence_four_axis_v1,1.0,100.0,97.0,84.23708762501865,62.51348169800442,89.53629416095532,86.19753138960836,86.19753138960836,High,High,High,High,data maturity is strong,"Confidence score is 86.2 (High). data_maturity_score=100.0, model_reliability_score=97.0, signal_agreement_score=84.2, regime_fitness_score=62.5. Reason: data maturity is strong.",변동성 관리 양호와 재무 품질 양호이 추천 점수를 견인했습니다.,변동성 관리 양호 / 재무 품질 양호 / 거래 유동성 양호,주요 리스크 제한적,신뢰도 High: data maturity is strong,현재 neutral 체계로 균형형 가중치가 적용됐습니다.,strong_safety_profile,strong_quality_profile,healthy_liquidity_profile,,,변동성 관리 양호,재무 품질 양호,거래 유동성 양호,,,관심 종목으로 추적,"{""drivers"": [""strong_safety_profile"", ""strong_quality_profile"", ""healthy_liquidity_profile""], ""driver_texts"": [""변동성 관리 양호"", ""재무 품질 양호"", ""거래 유동성 양호""], ""drags"": [], ""drag_texts"": [], ""confidence_label"": ""High"", ""confidence_reason"": ""data maturity is strong"", ""regime"": ""neutral"", ""weight_profile"": ""neutral_service_balanced"", ""regime_reason"": ""met_conditions=close_gt_ma20,ma20_gt_ma60,recent_20d_return_gt_0.03; true_count=3; breadth_20d=0.527; recent_20d_return=0.0468; ma60=5370.97; volatility_risk_flag=True"", ""action_note"": ""관심 종목으로 추적"", ""component_snapshot"": {""ret_score"": 59.7, ""prob_score"": 60.59, ""qual_score"": 74.75, ""tech_score"": 62.29, ""valuation_score"": 50.0, ""risk_penalty"": 7.75, ""live_score"": 58.23, ""final_score"": 58.23, ""confidence_score"": 86.2, ""live_rank"": 21.0, ""live_score_source"": ""final_score""}}",21,2026-04-09 11:17:11,
2026-04-08,035900,0.0699363982392617,0.1737263829807656,-0.1840705332430348,-0.2305334814109829,0.1530590664853846,0.1040908103406126,0.0,61200.0,88.44221105527639,5,0.0,100.0,0.0269881890264615,0.0295698158001726,170356.85,202754.0,-0.0540958268933539,-0.035992754193904,43.32496910291168,1.190172276606429,60040.0,63485.0,67201.66666666667,-0.0301109350237718,-0.0482115085536547,JYP Ent.,KOSDAQ,인터넷/플랫폼·콘텐츠,,,,0.0,0.0,,0.0,,0.3,mapping_missing,0.0,False,False,2026-04-08,5872.34,5523.437,0.0407581147205317,-8114.961149999988,neutral,"met_conditions=close_gt_ma20,ma20_gt_ma60,recent_20d_return_gt_0.03; true_count=3; breadth_20d=0.527; recent_20d_return=0.0468; ma60=5370.97; volatility_risk_flag=True",-0.035992754193904,15.0,21.29310344827586,-0.0301109350237718,-0.0482115085536547,-0.0540958268933539,66.64993820582336,42.64770622633269,0.0269881890264615,0.0295698158001726,93.10344827586206,170356.85,202754.0,37.93103448275862,22.660098522167488,1.0,45.6249730412854,feature_v1,57.14285714285714,0.5714285714285714,0.5714285714285714,66.99507389162561,0.6699507389162561,0.6699507389162561,60.09852216748768,60.09852216748768,61.08374384236453,False,15.305906648538459,0.5960591133004927,59.60591133004927,88.44221105527639,88.38383838383838,1.0,1.0,88.38383838383838,88.38383838383838,7.8817733990147785,5.911330049261084,93.10344827586206,22.660098522167488,50.0,60.09852216748768,59.60591133004927,45.6249730412854,ranking_builder_v8_return_prob_tech_regime,False,False,False,False,False,False,False,False,False,False,False,False,0,6.318685501225682,0.20265571251021403,neutral_service_balanced,0.24,0.24,0.32,0.32,0.26,0.26,0.18,0.18,0.65,0.0,0.0,57.48100290261158,57.48100290261158,1.0,False,False,1.0,False,57.48100290261158,22,v2,0.0,best_weight_by_regime,neutral,0.0,1.0,57.48100290261158,57.48100290261158,0.0,57.48100290261158,0.0,0.0,,,,,,,,,,,,,,,,,False,False,,,,,False,,,,,0.0,False,57.48100290261158,15,22,final_score,57.48100290261158,22,22,10.949993529908495,19.231527093596057,15.49753694581281,15.909090909090908,0.0,0.0,0.0,0.0,-4.107145575796693,19.231527093596057,15.49753694581281,10.949993529908495,15.909090909090908,0.0,0.0,0.0,-4.107145575796693,61.58814847840827,Primary prediction score,19.231527093596057,Risk penalty,-4.107145575796693,"요약: live_score 57.5 | live_score_source=final_score | regime=neutral | dominant_driver=ret (Primary prediction score 19.2) | top_positive_factor=Primary prediction score (19.2) | top_negative_factor=Risk penalty (-4.1)
핵심 driver: Primary prediction score (ret_score) contribution 19.2, score 60.1; Financial quality score (qual_score) contribution 15.9, score 88.4; Top-bucket probability score (prob_score) contribution 15.5, score 59.6
리스크 요인: top_negative_factor=Risk penalty (-4.1); risk_penalty 6.3
운영 상태: theme_overlay: disabled (operational config); confidence: 모델 메타 점수 (calibration 미완), score=NA, label=Experimental, live_score 비반영, research/reference 용도","{""base_score"": 57.5, ""theme_weight"": 0.0, ""weight_source"": ""best_weight_by_regime"", ""regime_applied"": ""neutral"", ""theme"": {""name"": ""(none)"", ""confidence"": 0.0, ""contribution"": 0.0}}",confidence_four_axis_v1,1.0,100.0,97.0,64.67234039723411,62.186956674962474,84.59612860055289,78.30632749388614,78.30632749388614,High,High,High,High,data maturity is strong,"Confidence score is 78.3 (High). data_maturity_score=100.0, model_reliability_score=97.0, signal_agreement_score=64.7, regime_fitness_score=62.2. Reason: data maturity is strong.",변동성 관리 양호와 재무 품질 양호이 추천 점수를 견인했습니다. 거래 유동성 부족 요인은 함께 점검이 필요합니다.,변동성 관리 양호 / 재무 품질 양호,거래 유동성 부족,신뢰도 High: data maturity is strong,현재 neutral 체계로 균형형 가중치가 적용됐습니다.,strong_safety_profile,strong_quality_profile,,low_liquidity_score,,변동성 관리 양호,재무 품질 양호,,거래 유동성 부족,,관심 종목으로 추적,"{""drivers"": [""strong_safety_profile"", ""strong_quality_profile""], ""driver_texts"": [""변동성 관리 양호"", ""재무 품질 양호""], ""drags"": [""low_liquidity_score""], ""drag_texts"": [""거래 유동성 부족""], ""confidence_label"": ""High"", ""confidence_reason"": ""data maturity is strong"", ""regime"": ""neutral"", ""weight_profile"": ""neutral_service_balanced"", ""regime_reason"": ""met_conditions=close_gt_ma20,ma20_gt_ma60,recent_20d_return_gt_0.03; true_count=3; breadth_20d=0.527; recent_20d_return=0.0468; ma60=5370.97; volatility_risk_flag=True"", ""action_note"": ""관심 종목으로 추적"", ""component_snapshot"": {""ret_score"": 60.1, ""prob_score"": 59.61, ""qual_score"": 88.38, ""tech_score"": 45.62, ""valuation_score"": 50.0, ""risk_penalty"": 6.32, ""live_score"": 57.48, ""final_score"": 57.48, ""confidence_score"": 78.31, ""live_rank"": 22.0, ""live_score_source"": ""final_score""}}",22,2026-04-09 11:17:11,
2026-04-08,0126Z0,0.4988815066005789,0.315741105927702,-0.2454667487632434,-0.2224950963012817,0.4271168043435577,0.1757448214185933,0.0,527000.0,,,,,0.0380498315535179,0.0408520633571566,51698.95,60402.0,-0.0258780036968576,0.0149253731343284,48.383754658889295,1.168340943094589,499000.0,519250.0,583733.3333333334,0.0134615384615384,-0.024074074074074,삼성에피스홀딩스,KOSPI,제약,,,바이오,21.09375,0.4208811131386861,21.09375,21.09375,21.09375,0.3,,8.87796098026916,True,False,2026-04-08,5872.34,5523.437,0.0407581147205317,-8114.961149999988,neutral,"met_conditions=close_gt_ma20,ma20_gt_ma60,recent_20d_return_gt_0.03; true_count=3; breadth_20d=0.527; recent_20d_return=0.0468; ma60=5370.97; volatility_risk_flag=True",0.0149253731343284,55.0,55.82512315270936,0.0134615384615384,-0.024074074074074,-0.0258780036968576,76.76750931777859,57.738675359001306,0.0380498315535179,0.0408520633571566,71.92118226600985,51698.95,60402.0,22.495894909688015,4.433497536945813,0.72,39.39457968800527,feature_v1,94.58128078817734,0.9458128078817734,0.9458128078817734,81.77339901477832,0.8177339901477833,0.8177339901477833,90.73891625615762,90.73891625615762,89.45812807881774,False,42.71168043435577,0.9852216748768473,98.52216748768473,,,,,,0.0,30.049261083743843,26.108374384236456,71.92118226600985,4.433497536945813,50.0,90.73891625615762,98.52216748768473,39.39457968800527,ranking_builder_v8_return_prob_tech_regime,False,True,False,False,False,False,False,False,True,False,False,False,1,10.353370533415044,0.2362780877784587,neutral_service_balanced,0.24,0.24,0.32,0.32,0.26,0.26,0.18,0.18,0.65,0.0,0.0,57.377225027169956,57.377225027169956,1.0,False,False,1.0,False,57.377225027169956,23,v2,0.0,best_weight_by_regime,neutral,0.0,1.0,57.377225027169956,57.377225027169956,0.0,57.377225027169956,0.0,0.0,,,,,,,,,,,,,,,,,False,False,,,,,False,,,,,6.0,True,51.377225027169956,31,23,final_score,57.377225027169956,23,23,9.454699125121264,29.03645320197044,25.61576354679803,0.0,0.0,0.0,0.0,0.0,-6.7296908467197785,29.03645320197044,25.61576354679803,9.454699125121264,0.0,0.0,0.0,0.0,-6.7296908467197785,64.10691587388973,Primary prediction score,29.03645320197044,Risk penalty,-6.7296908467197785,"요약: live_score 57.4 | live_score_source=final_score | regime=neutral | dominant_driver=ret (Primary prediction score 29.0) | top_positive_factor=Primary prediction score (29.0) | top_negative_factor=Risk penalty (-6.7)
핵심 driver: Primary prediction score (ret_score) contribution 29.0, score 90.7; Top-bucket probability score (prob_score) contribution 25.6, score 98.5; Tech flow score (tech_score) contribution 9.5, score 39.4
리스크 요인: top_negative_factor=Risk penalty (-6.7); risk_penalty 10.4
운영 상태: theme_overlay: disabled (operational config); confidence: 모델 메타 점수 (calibration 미완), score=NA, label=Experimental, live_score 비반영, research/reference 용도","{""base_score"": 57.4, ""theme_weight"": 0.0, ""weight_source"": ""best_weight_by_regime"", ""regime_applied"": ""neutral"", ""theme"": {""name"": ""바이오"", ""confidence"": 0.42, ""contribution"": 0.0}}",confidence_four_axis_v1,0.8571428571428571,67.21428571428572,92.8,41.693349753694584,62.02888566409283,67.73195600232329,55.96883132001069,55.96883132001069,Medium,Medium,Medium,Medium,fallback_count=1; core signals disagree,"Confidence score is 56.0 (Medium). data_maturity_score=67.2, model_reliability_score=92.8, signal_agreement_score=41.7, regime_fitness_score=62.0. Reason: fallback_count=1; core signals disagree.",60일 기대수익 상위권와 상위권 진입 확률 우수이 추천 점수를 견인했습니다. 신호 신뢰도 낮음 요인은 함께 점검이 필요합니다.,60일 기대수익 상위권 / 상위권 진입 확률 우수 / 변동성 관리 양호,신호 신뢰도 낮음 / 재무 품질 보완 필요,신뢰도 Medium: fallback_count=1; core signals disagree,현재 neutral 체계로 균형형 가중치가 적용됐습니다.,high_ret_score,high_probability_score,strong_safety_profile,low_confidence,weak_quality_score,60일 기대수익 상위권,상위권 진입 확률 우수,변동성 관리 양호,신호 신뢰도 낮음,재무 품질 보완 필요,보수적 접근 권장,"{""drivers"": [""high_ret_score"", ""high_probability_score"", ""strong_safety_profile""], ""driver_texts"": [""60일 기대수익 상위권"", ""상위권 진입 확률 우수"", ""변동성 관리 양호""], ""drags"": [""low_confidence"", ""weak_quality_score""], ""drag_texts"": [""신호 신뢰도 낮음"", ""재무 품질 보완 필요""], ""confidence_label"": ""Medium"", ""confidence_reason"": ""fallback_count=1; core signals disagree"", ""regime"": ""neutral"", ""weight_profile"": ""neutral_service_balanced"", ""regime_reason"": ""met_conditions=close_gt_ma20,ma20_gt_ma60,recent_20d_return_gt_0.03; true_count=3; breadth_20d=0.527; recent_20d_return=0.0468; ma60=5370.97; volatility_risk_flag=True"", ""action_note"": ""보수적 접근 권장"", ""component_snapshot"": {""ret_score"": 90.74, ""prob_score"": 98.52, ""qual_score"": 0.0, ""tech_score"": 39.39, ""valuation_score"": 50.0, ""risk_penalty"": 10.35, ""live_score"": 57.38, ""final_score"": 57.38, ""confidence_score"": 55.97, ""live_rank"": 23.0, ""live_score_source"": ""final_score""}}",23,2026-04-09 11:17:11,
2026-04-08,140860,0.2501394161264465,0.2313511988459198,-0.2615767215015779,-0.291237057419849,0.2186131846293634,0.1716754625648144,0.0,237000.0,90.45226130653266,5,0.0,100.0,0.0447984733635003,0.0504821557597382,41304.3,55925.0,-0.1334552102376599,-0.0691280439905734,43.80375013051752,1.3539752519713444,236200.0,254600.0,259183.3333333333,-0.084942084942085,-0.1397459165154264,파크시스템스,KOSDAQ,전자장비와기기,,,반도체장비,33.75,0.4607412001656977,33.75,33.75,33.75,0.3,,15.550015505592297,True,False,2026-04-08,5872.34,5523.437,0.0407581147205317,-8114.961149999988,neutral,"met_conditions=close_gt_ma20,ma20_gt_ma60,recent_20d_return_gt_0.03; true_count=3; breadth_20d=0.527; recent_20d_return=0.0468; ma60=5370.97; volatility_risk_flag=True",-0.0691280439905734,15.0,15.62807881773399,-0.084942084942085,-0.1397459165154264,-0.1334552102376599,67.60750026103504,25.64571742979078,0.0447984733635003,0.0504821557597382,49.26108374384236,41594.832,55925.0,27.25779967159278,0.9852216748768473,0.72,19.87582424058314,feature_v1,83.74384236453201,0.8374384236453202,0.8374384236453202,72.9064039408867,0.729064039408867,0.729064039408867,80.49261083743842,80.49261083743842,79.4088669950739,False,21.861318462936342,0.7733990147783252,77.33990147783251,90.45226130653266,90.40404040404042,1.0,1.0,90.40404040404042,90.40404040404042,53.69458128078818,47.783251231527096,49.26108374384236,0.9852216748768473,50.0,80.49261083743842,77.33990147783251,19.87582424058314,ranking_builder_v8_return_prob_tech_regime,False,False,False,False,False,False,False,False,False,False,False,False,0,14.812902704266358,0.27344085586888633,neutral_service_balanced,0.24,0.24,0.32,0.32,0.26,0.26,0.18,0.18,0.65,0.0,0.0,57.280548184910835,57.280548184910835,1.0,False,False,1.0,False,57.280548184910835,24,v2,0.0,best_weight_by_regime,neutral,0.0,1.0,57.280548184910835,57.280548184910835,0.0,57.280548184910835,0.0,0.0,,,,,,,,,,,,,,,,,False,False,,,,,False,,,,,4.0,True,53.280548184910835,25,24,final_score,57.280548184910835,24,24,4.7701978177399535,25.757635467980293,20.108374384236456,16.272727272727273,0.0,0.0,0.0,0.0,-9.628386757773134,25.757635467980293,20.108374384236456,4.7701978177399535,16.272727272727273,0.0,0.0,0.0,-9.628386757773134,66.90893494268397,Primary prediction score,25.757635467980293,Risk penalty,-9.628386757773134,"요약: live_score 57.3 | live_score_source=final_score | regime=neutral | dominant_driver=ret (Primary prediction score 25.8) | top_positive_factor=Primary prediction score (25.8) | top_negative_factor=Risk penalty (-9.6)
핵심 driver: Primary prediction score (ret_score) contribution 25.8, score 80.5; Top-bucket probability score (prob_score) contribution 20.1, score 77.3; Financial quality score (qual_score) contribution 16.3, score 90.4
리스크 요인: top_negative_factor=Risk penalty (-9.6); risk_penalty 14.8
운영 상태: theme_overlay: disabled (operational config); confidence: 모델 메타 점수 (calibration 미완), score=NA, label=Experimental, live_score 비반영, research/reference 용도","{""base_score"": 57.3, ""theme_weight"": 0.0, ""weight_source"": ""best_weight_by_regime"", ""regime_applied"": ""neutral"", ""theme"": {""name"": ""반도체장비"", ""confidence"": 0.46, ""contribution"": 0.0}}",confidence_four_axis_v1,1.0,100.0,92.8,61.34153515096282,61.664050232414745,82.42499132260292,76.86942410686808,76.86942410686808,High,High,High,High,data maturity is strong,"Confidence score is 76.9 (High). data_maturity_score=100.0, model_reliability_score=92.8, signal_agreement_score=61.3, regime_fitness_score=61.7. Reason: data maturity is strong.",60일 기대수익 상위권와 재무 품질 양호이 추천 점수를 견인했습니다. 거래 유동성 부족 요인은 함께 점검이 필요합니다.,60일 기대수익 상위권 / 재무 품질 양호 / 상위권 진입 확률 우수,거래 유동성 부족 / 추세 탄력 약함,신뢰도 High: data maturity is strong,현재 neutral 체계로 균형형 가중치가 적용됐습니다.,high_ret_score,strong_quality_profile,high_probability_score,low_liquidity_score,weak_tech_score,60일 기대수익 상위권,재무 품질 양호,상위권 진입 확률 우수,거래 유동성 부족,추세 탄력 약함,관심 종목으로 추적,"{""drivers"": [""high_ret_score"", ""strong_quality_profile"", ""high_probability_score""], ""driver_texts"": [""60일 기대수익 상위권"", ""재무 품질 양호"", ""상위권 진입 확률 우수""], ""drags"": [""low_liquidity_score"", ""weak_tech_score""], ""drag_texts"": [""거래 유동성 부족"", ""추세 탄력 약함""], ""confidence_label"": ""High"", ""confidence_reason"": ""data maturity is strong"", ""regime"": ""neutral"", ""weight_profile"": ""neutral_service_balanced"", ""regime_reason"": ""met_conditions=close_gt_ma20,ma20_gt_ma60,recent_20d_return_gt_0.03; true_count=3; breadth_20d=0.527; recent_20d_return=0.0468; ma60=5370.97; volatility_risk_flag=True"", ""action_note"": ""관심 종목으로 추적"", ""component_snapshot"": {""ret_score"": 80.49, ""prob_score"": 77.34, ""qual_score"": 90.4, ""tech_score"": 19.88, ""valuation_score"": 50.0, ""risk_penalty"": 14.81, ""live_score"": 57.28, ""final_score"": 57.28, ""confidence_score"": 76.87, ""live_rank"": 24.0, ""live_score_source"": ""final_score""}}",24,2026-04-09 11:17:11,
2026-04-08,003490,0.1484881234587993,0.351432129497194,-0.223576763393597,-0.2701536507661257,0.1859073519812684,0.139475032166139,0.0,24950.0,45.22613065326633,3,0.4,75.0,0.0400969077471169,0.038972626091461,2052484.05,2838015.0,0.0142276422764227,0.0199284619315278,52.776399387971885,1.3827220727975935,23480.0,24462.5,24392.5,0.0101214574898784,-0.0177165354330708,대한항공,KOSPI,항공사,,,Air Mobility Recovery,84.975,0.6900233898038768,84.975,84.975,84.975,0.3,,58.634737548584425,True,False,2026-04-08,5872.34,5523.437,0.0407581147205317,-8114.961149999988,neutral,"met_conditions=close_gt_ma20,ma20_gt_ma60,recent_20d_return_gt_0.03; true_count=3; breadth_20d=0.527; recent_20d_return=0.0468; ma60=5370.97; volatility_risk_flag=True",0.0199284619315278,55.0,58.28817733990148,0.0101214574898784,-0.0177165354330708,0.0142276422764227,85.55279877594377,63.87588442304998,0.0400969077471169,0.038972626091461,68.9655172413793,2052484.05,2838015.0,88.83415435139574,92.11822660098522,1.0,66.96123935102317,feature_v1,70.93596059113301,0.7093596059113301,0.7093596059113301,86.20689655172413,0.8620689655172413,0.8620689655172413,75.51724137931033,75.51724137931033,77.04433497536945,False,18.59073519812684,0.7044334975369458,70.44334975369459,45.22613065326633,45.45454545454545,0.8375,0.78,29.69318181818182,29.69318181818182,39.90147783251231,22.167487684729064,68.9655172413793,92.11822660098522,50.0,75.51724137931033,70.44334975369459,66.96123935102317,ranking_builder_v8_return_prob_tech_regime,False,False,False,False,False,False,False,False,False,False,False,False,0,11.064902201113016,0.24220751834260848,neutral_service_balanced,0.24,0.24,0.32,0.32,0.26,0.26,0.18,0.18,0.65,0.0,0.0,56.70407191813473,56.70407191813473,1.0,False,False,1.0,False,56.70407191813473,25,v2,0.0,best_weight_by_regime,neutral,0.0,1.0,56.70407191813473,56.70407191813473,0.0,56.70407191813473,0.0,0.0,,,,,,,,,,,,,,,,,False,False,,,,,False,,,,,0.0,False,56.70407191813473,17,25,final_score,56.70407191813473,25,25,16.07069744424556,24.16551724137931,18.315270935960594,5.344772727272727,0.0,0.0,0.0,0.0,-7.192186430723461,24.16551724137931,18.315270935960594,16.07069744424556,5.344772727272727,0.0,0.0,0.0,-7.192186430723461,63.8962583488582,Primary prediction score,24.16551724137931,Risk penalty,-7.192186430723461,"요약: live_score 56.7 | live_score_source=final_score | regime=neutral | dominant_driver=ret (Primary prediction score 24.2) | top_positive_factor=Primary prediction score (24.2) | top_negative_factor=Risk penalty (-7.2)
핵심 driver: Primary prediction score (ret_score) contribution 24.2, score 75.5; Top-bucket probability score (prob_score) contribution 18.3, score 70.4; Tech flow score (tech_score) contribution 16.1, score 67.0
리스크 요인: top_negative_factor=Risk penalty (-7.2); risk_penalty 11.1
운영 상태: theme_overlay: disabled (operational config); confidence: 모델 메타 점수 (calibration 미완), score=NA, label=Experimental, live_score 비반영, research/reference 용도","{""base_score"": 56.7, ""theme_weight"": 0.0, ""weight_source"": ""best_weight_by_regime"", ""regime_applied"": ""neutral"", ""theme"": {""name"": ""Air Mobility Recovery"", ""confidence"": 0.69, ""contribution"": 0.0}}",confidence_four_axis_v1,1.0,91.25,97.0,68.75278213166145,60.81778702079864,82.78586358603515,76.16467025682431,76.16467025682431,High,High,High,High,data maturity is strong,"Confidence score is 76.2 (High). data_maturity_score=91.2, model_reliability_score=97.0, signal_agreement_score=68.8, regime_fitness_score=60.8. Reason: data maturity is strong.",60일 기대수익 상위권와 거래 유동성 양호이 추천 점수를 견인했습니다. 최근 변동성 확대 주의 요인은 함께 점검이 필요합니다.,60일 기대수익 상위권 / 거래 유동성 양호 / 상위권 진입 확률 우수,최근 변동성 확대 주의 / 재무 품질 보완 필요,신뢰도 High: data maturity is strong,현재 neutral 체계로 균형형 가중치가 적용됐습니다.,high_ret_score,healthy_liquidity_profile,high_probability_score,elevated_risk_penalty,weak_quality_score,60일 기대수익 상위권,거래 유동성 양호,상위권 진입 확률 우수,최근 변동성 확대 주의,재무 품질 보완 필요,관심 종목으로 추적,"{""drivers"": [""high_ret_score"", ""healthy_liquidity_profile"", ""high_probability_score""], ""driver_texts"": [""60일 기대수익 상위권"", ""거래 유동성 양호"", ""상위권 진입 확률 우수""], ""drags"": [""elevated_risk_penalty"", ""weak_quality_score""], ""drag_texts"": [""최근 변동성 확대 주의"", ""재무 품질 보완 필요""], ""confidence_label"": ""High"", ""confidence_reason"": ""data maturity is strong"", ""regime"": ""neutral"", ""weight_profile"": ""neutral_service_balanced"", ""regime_reason"": ""met_conditions=close_gt_ma20,ma20_gt_ma60,recent_20d_return_gt_0.03; true_count=3; breadth_20d=0.527; recent_20d_return=0.0468; ma60=5370.97; volatility_risk_flag=True"", ""action_note"": ""관심 종목으로 추적"", ""component_snapshot"": {""ret_score"": 75.52, ""prob_score"": 70.44, ""qual_score"": 29.69, ""tech_score"": 66.96, ""valuation_score"": 50.0, ""risk_penalty"": 11.06, ""live_score"": 56.7, ""final_score"": 56.7, ""confidence_score"": 76.16, ""live_rank"": 25.0, ""live_score_source"": ""final_score""}}",25,2026-04-09 11:17:11,
2026-04-08,096530,0.1151875227608942,0.2333849586333576,-0.2204392151101959,-0.2234112116659038,0.2365786657548453,0.1361187167098683,0.0,22800.0,27.1356783919598,5,0.0,100.0,0.026363493422796,0.0324903439038739,171099.75,169241.0,0.0293453724604966,0.0163824807756602,48.24259912144306,0.9891364540275482,22350.0,22432.5,24541.666666666668,-0.0065359477124182,0.0066225165562914,씨젠,KOSDAQ,바이오/제약,,,바이오,19.921875,0.4083811131386861,19.921875,19.921875,19.921875,0.3,,8.135717488309762,True,False,2026-04-08,5872.34,5523.437,0.0407581147205317,-8114.961149999988,neutral,"met_conditions=close_gt_ma20,ma20_gt_ma60,recent_20d_return_gt_0.03; true_count=3; breadth_20d=0.527; recent_20d_return=0.0468; ma60=5370.97; volatility_risk_flag=True",0.0163824807756602,55.0,56.31773399014779,-0.0065359477124182,0.0066225165562914,0.0293453724604966,76.48519824288611,64.3183438956969,0.026363493422796,0.0324903439038739,90.64039408866995,171099.75,169241.0,27.422003284072247,23.15270935960591,1.0,61.64811987088307,feature_v1,66.00985221674877,0.6600985221674877,0.6600985221674877,73.39901477832512,0.7339901477832512,0.7339901477832512,68.22660098522167,68.22660098522167,68.9655172413793,False,23.65786657548453,0.7980295566502463,79.80295566502463,27.1356783919598,27.27272727272727,1.0,1.0,27.27272727272727,27.27272727272727,7.389162561576355,11.330049261083744,90.64039408866995,23.15270935960591,50.0,68.22660098522167,79.80295566502463,61.64811987088307,ranking_builder_v8_return_prob_tech_regime,False,False,False,False,False,False,False,False,False,False,False,False,0,8.595361647897489,0.2216280137324791,neutral_service_balanced,0.24,0.24,0.32,0.32,0.26,0.26,0.18,0.18,0.65,0.0,0.0,56.69893539514681,56.69893539514681,1.0,False,False,1.0,False,56.69893539514681,26,v2,0.0,best_weight_by_regime,neutral,0.0,1.0,56.69893539514681,56.69893539514681,0.0,56.69893539514681,0.0,0.0,,,,,,,,,,,,,,,,,False,False,,,,,False,,,,,0.0,False,56.69893539514681,18,26,final_score,56.69893539514681,26,26,14.795548769011937,21.832512315270932,20.748768472906402,4.909090909090908,0.0,0.0,0.0,0.0,-5.586985071133368,21.832512315270932,20.748768472906402,14.795548769011937,4.909090909090908,0.0,0.0,0.0,-5.586985071133368,62.285920466280174,Primary prediction score,21.832512315270932,Risk penalty,-5.586985071133368,"요약: live_score 56.7 | live_score_source=final_score | regime=neutral | dominant_driver=ret (Primary prediction score 21.8) | top_positive_factor=Primary prediction score (21.8) | top_negative_factor=Risk penalty (-5.6)
핵심 driver: Primary prediction score (ret_score) contribution 21.8, score 68.2; Top-bucket probability score (prob_score) contribution 20.7, score 79.8; Tech flow score (tech_score) contribution 14.8, score 61.6
리스크 요인: top_negative_factor=Risk penalty (-5.6); risk_penalty 8.6
운영 상태: theme_overlay: disabled (operational config); confidence: 모델 메타 점수 (calibration 미완), score=NA, label=Experimental, live_score 비반영, research/reference 용도","{""base_score"": 56.7, ""theme_weight"": 0.0, ""weight_source"": ""best_weight_by_regime"", ""regime_applied"": ""neutral"", ""theme"": {""name"": ""바이오"", ""confidence"": 0.41, ""contribution"": 0.0}}",confidence_four_axis_v1,1.0,100.0,97.0,66.7409314823108,61.21917687468263,84.96810940178008,78.94020796786084,78.94020796786084,High,High,High,High,data maturity is strong,"Confidence score is 78.9 (High). data_maturity_score=100.0, model_reliability_score=97.0, signal_agreement_score=66.7, regime_fitness_score=61.2. Reason: data maturity is strong.",상위권 진입 확률 우수와 변동성 관리 양호이 추천 점수를 견인했습니다. 거래 유동성 부족 요인은 함께 점검이 필요합니다.,상위권 진입 확률 우수 / 변동성 관리 양호 / 60일 기대수익 상위권,거래 유동성 부족 / 재무 품질 보완 필요,신뢰도 High: data maturity is strong,현재 neutral 체계로 균형형 가중치가 적용됐습니다.,high_probability_score,strong_safety_profile,high_ret_score,low_liquidity_score,weak_quality_score,상위권 진입 확률 우수,변동성 관리 양호,60일 기대수익 상위권,거래 유동성 부족,재무 품질 보완 필요,관심 종목으로 추적,"{""drivers"": [""high_probability_score"", ""strong_safety_profile"", ""high_ret_score""], ""driver_texts"": [""상위권 진입 확률 우수"", ""변동성 관리 양호"", ""60일 기대수익 상위권""], ""drags"": [""low_liquidity_score"", ""weak_quality_score""], ""drag_texts"": [""거래 유동성 부족"", ""재무 품질 보완 필요""], ""confidence_label"": ""High"", ""confidence_reason"": ""data maturity is strong"", ""regime"": ""neutral"", ""weight_profile"": ""neutral_service_balanced"", ""regime_reason"": ""met_conditions=close_gt_ma20,ma20_gt_ma60,recent_20d_return_gt_0.03; true_count=3; breadth_20d=0.527; recent_20d_return=0.0468; ma60=5370.97; volatility_risk_flag=True"", ""action_note"": ""관심 종목으로 추적"", ""component_snapshot"": {""ret_score"": 68.23, ""prob_score"": 79.8, ""qual_score"": 27.27, ""tech_score"": 61.65, ""valuation_score"": 50.0, ""risk_penalty"": 8.6, ""live_score"": 56.7, ""final_score"": 56.7, ""confidence_score"": 78.94, ""live_rank"": 26.0, ""live_score_source"": ""final_score""}}",26,2026-04-09 11:17:11,
2026-04-08,056190,0.0740625270345967,0.3843458156618444,-0.2672758051575871,-0.2540911498756901,0.3551551277967257,0.3725959886334614,0.0,27700.0,66.33165829145729,5,0.0,100.0,0.0362311448391869,0.0458408604290698,87789.05,74503.0,-0.0513698630136986,-0.0100071479628306,47.54141596126915,0.8486593715275424,26800.0,27980.0,29193.33333333333,-0.0053859964093356,-0.0464716006884681,에스에프에이,KOSDAQ,기계,,,2차전지,55.875,0.6133480839416059,55.875,55.875,55.875,0.3,,34.27082419023723,True,False,2026-04-08,5872.34,5523.437,0.0407581147205317,-8114.961149999988,neutral,"met_conditions=close_gt_ma20,ma20_gt_ma60,recent_20d_return_gt_0.03; true_count=3; breadth_20d=0.527; recent_20d_return=0.0468; ma60=5370.97; volatility_risk_flag=True",-0.0100071479628306,15.0,28.682266009852217,-0.0053859964093356,-0.0464716006884681,-0.0513698630136986,75.0828319225383,48.57366364565921,0.0362311448391869,0.0458408604290698,71.92118226600985,87789.05,74503.0,13.136288998357964,9.852216748768473,0.72,30.21130215496228,feature_v1,58.128078817733986,0.5812807881773399,0.5812807881773399,87.192118226601,0.8719211822660099,0.8719211822660099,66.84729064039408,66.84729064039408,69.7536945812808,False,35.51551277967257,0.9408866995073891,94.08866995073892,66.33165829145729,66.66666666666666,1.0,1.0,66.66666666666666,66.66666666666666,24.137931034482758,32.01970443349754,71.92118226600985,9.852216748768473,50.0,66.84729064039408,94.08866995073892,30.21130215496228,ranking_builder_v8_return_prob_tech_regime,False,False,False,False,False,False,False,False,False,False,False,False,0,13.440233165379391,0.26200194304482827,neutral_service_balanced,0.24,0.24,0.32,0.32,0.26,0.26,0.18,0.18,0.65,0.0,0.0,56.36874815181256,56.36874815181256,1.0,False,False,1.0,False,56.36874815181256,27,v2,0.0,best_weight_by_regime,neutral,0.0,1.0,56.36874815181256,56.36874815181256,0.0,56.36874815181256,0.0,0.0,,,,,,,,,,,,,,,,,False,False,,,,,False,,,,,4.0,True,52.36874815181256,28,27,final_score,56.36874815181256,27,27,7.250712517190947,21.391133004926104,24.46305418719212,11.999999999999998,0.0,0.0,0.0,0.0,-8.736151557496605,21.391133004926104,24.46305418719212,7.250712517190947,11.999999999999998,0.0,0.0,0.0,-8.736151557496605,65.10489970930917,Top-bucket probability score,24.46305418719212,Risk penalty,-8.736151557496605,"요약: live_score 56.4 | live_score_source=final_score | regime=neutral | dominant_driver=prob (Top-bucket probability score 24.5) | top_positive_factor=Top-bucket probability score (24.5) | top_negative_factor=Risk penalty (-8.7)
핵심 driver: Top-bucket probability score (prob_score) contribution 24.5, score 94.1; Primary prediction score (ret_score) contribution 21.4, score 66.8; Financial quality score (qual_score) contribution 12.0, score 66.7
리스크 요인: top_negative_factor=Risk penalty (-8.7); risk_penalty 13.4
운영 상태: theme_overlay: disabled (operational config); confidence: 모델 메타 점수 (calibration 미완), score=NA, label=Experimental, live_score 비반영, research/reference 용도","{""base_score"": 56.4, ""theme_weight"": 0.0, ""weight_source"": ""best_weight_by_regime"", ""regime_applied"": ""neutral"", ""theme"": {""name"": ""2차전지"", ""confidence"": 0.61, ""contribution"": 0.0}}",confidence_four_axis_v1,1.0,100.0,92.8,63.33678966126701,61.047293821560544,82.83129148855083,77.54417462881892,77.54417462881892,High,High,High,High,data maturity is strong,"Confidence score is 77.5 (High). data_maturity_score=100.0, model_reliability_score=92.8, signal_agreement_score=63.3, regime_fitness_score=61.0. Reason: data maturity is strong.",상위권 진입 확률 우수와 60일 기대수익 상위권이 추천 점수를 견인했습니다. 거래 유동성 부족 요인은 함께 점검이 필요합니다.,상위권 진입 확률 우수 / 60일 기대수익 상위권 / 변동성 관리 양호,거래 유동성 부족 / 예상 손실 폭 부담 큼,신뢰도 High: data maturity is strong,현재 neutral 체계로 균형형 가중치가 적용됐습니다.,high_probability_score,high_ret_score,strong_safety_profile,low_liquidity_score,very_high_risk_penalty,상위권 진입 확률 우수,60일 기대수익 상위권,변동성 관리 양호,거래 유동성 부족,예상 손실 폭 부담 큼,관심 종목으로 추적,"{""drivers"": [""high_probability_score"", ""high_ret_score"", ""strong_safety_profile""], ""driver_texts"": [""상위권 진입 확률 우수"", ""60일 기대수익 상위권"", ""변동성 관리 양호""], ""drags"": [""low_liquidity_score"", ""very_high_risk_penalty""], ""drag_texts"": [""거래 유동성 부족"", ""예상 손실 폭 부담 큼""], ""confidence_label"": ""High"", ""confidence_reason"": ""data maturity is strong"", ""regime"": ""neutral"", ""weight_profile"": ""neutral_service_balanced"", ""regime_reason"": ""met_conditions=close_gt_ma20,ma20_gt_ma60,recent_20d_return_gt_0.03; true_count=3; breadth_20d=0.527; recent_20d_return=0.0468; ma60=5370.97; volatility_risk_flag=True"", ""action_note"": ""관심 종목으로 추적"", ""component_snapshot"": {""ret_score"": 66.85, ""prob_score"": 94.09, ""qual_score"": 66.67, ""tech_score"": 30.21, ""valuation_score"": 50.0, ""risk_penalty"": 13.44, ""live_score"": 56.37, ""final_score"": 56.37, ""confidence_score"": 77.54, ""live_rank"": 27.0, ""live_score_source"": ""final_score""}}",27,2026-04-09 11:17:11,
2026-04-08,140410,0.306953671663005,0.7466047377227507,-0.2145154620055996,-0.2040770132948807,0.5120259809284963,0.5743920669762181,0.0,87900.0,2.512562814070352,5,0.0,100.0,0.0774658523024734,0.0719206096133821,728250.4,203208.0,-0.2693266832917705,-0.053056827363318,41.432405139323166,0.2790358920503167,85480.0,92825.0,117880.0,-0.0233333333333333,-0.017877094972067,메지온,KOSDAQ,바이오/제약,,,바이오,22.265625,0.4333811131386861,22.265625,22.265625,22.265625,0.3,,9.649501347228558,True,False,2026-04-08,5872.34,5523.437,0.0407581147205317,-8114.961149999988,neutral,"met_conditions=close_gt_ma20,ma20_gt_ma60,recent_20d_return_gt_0.03; true_count=3; breadth_20d=0.527; recent_20d_return=0.0468; ma60=5370.97; volatility_risk_flag=True",-0.053056827363318,15.0,18.091133004926107,-0.0233333333333333,-0.017877094972067,-0.2693266832917705,62.86481027864633,38.37630109182906,0.0774658523024734,0.0719206096133821,6.896551724137929,728250.4,203208.0,34.81116584564861,72.9064039408867,1.0,25.46003050529288,feature_v1,86.69950738916256,0.8669950738916257,0.8669950738916257,95.56650246305419,0.9556650246305419,0.9556650246305419,89.35960591133005,89.35960591133005,90.24630541871922,False,51.20259809284963,0.9950738916256158,99.50738916256158,2.512562814070352,2.525252525252525,1.0,1.0,2.525252525252525,2.525252525252525,95.56650246305419,90.64039408866995,6.896551724137929,72.9064039408867,50.0,89.35960591133005,99.50738916256158,25.46003050529288,ranking_builder_v8_return_prob_tech_regime,False,False,False,False,False,False,False,False,False,False,False,False,0,7.240809902557443,0.21034008252131203,neutral_service_balanced,0.24,0.24,0.32,0.32,0.26,0.26,0.18,0.18,0.65,0.0,0.0,56.325421413045035,56.325421413045035,1.0,False,False,1.0,False,56.325421413045035,28,v2,0.0,best_weight_by_regime,neutral,0.0,1.0,56.325421413045035,56.325421413045035,0.0,56.325421413045035,0.0,0.0,,,,,,,,,,,,,,,,,False,False,,,,,False,,,,,6.0,True,50.325421413045035,34,28,final_score,56.325421413045035,28,28,6.110407321270292,28.595073891625617,25.87192118226601,0.4545454545454545,0.0,0.0,0.0,0.0,-4.706526436662338,28.595073891625617,25.87192118226601,6.110407321270292,0.4545454545454545,0.0,0.0,0.0,-4.706526436662338,61.03194784970738,Primary prediction score,28.595073891625617,Risk penalty,-4.706526436662338,"요약: live_score 56.3 | live_score_source=final_score | regime=neutral | dominant_driver=ret (Primary prediction score 28.6) | top_positive_factor=Primary prediction score (28.6) | top_negative_factor=Risk penalty (-4.7)
핵심 driver: Primary prediction score (ret_score) contribution 28.6, score 89.4; Top-bucket probability score (prob_score) contribution 25.9, score 99.5; Tech flow score (tech_score) contribution 6.1, score 25.5
리스크 요인: top_negative_factor=Risk penalty (-4.7); risk_penalty 7.2
운영 상태: theme_overlay: disabled (operational config); confidence: 모델 메타 점수 (calibration 미완), score=NA, label=Experimental, live_score 비반영, research/reference 용도","{""base_score"": 56.3, ""theme_weight"": 0.0, ""weight_source"": ""best_weight_by_regime"", ""regime_applied"": ""neutral"", ""theme"": {""name"": ""바이오"", ""confidence"": 0.43, ""contribution"": 0.0}}",confidence_four_axis_v1,1.0,100.0,97.0,35.90535900880728,61.57130295758121,77.312035195839,66.67640419503915,66.67640419503915,Medium,Medium,Medium,Medium,core signals disagree,"Confidence score is 66.7 (Medium). data_maturity_score=100.0, model_reliability_score=97.0, signal_agreement_score=35.9, regime_fitness_score=61.6. Reason: core signals disagree.",상위권 진입 확률 우수와 60일 기대수익 상위권이 추천 점수를 견인했습니다. 재무 품질 보완 필요 요인은 함께 점검이 필요합니다.,상위권 진입 확률 우수 / 60일 기대수익 상위권 / 거래 유동성 양호,재무 품질 보완 필요 / 방어력 약함,신뢰도 Medium: core signals disagree,현재 neutral 체계로 균형형 가중치가 적용됐습니다.,high_probability_score,high_ret_score,healthy_liquidity_profile,weak_quality_score,weak_safety_score,상위권 진입 확률 우수,60일 기대수익 상위권,거래 유동성 양호,재무 품질 보완 필요,방어력 약함,관심 종목으로 추적,"{""drivers"": [""high_probability_score"", ""high_ret_score"", ""healthy_liquidity_profile""], ""driver_texts"": [""상위권 진입 확률 우수"", ""60일 기대수익 상위권"", ""거래 유동성 양호""], ""drags"": [""weak_quality_score"", ""weak_safety_score""], ""drag_texts"": [""재무 품질 보완 필요"", ""방어력 약함""], ""confidence_label"": ""Medium"", ""confidence_reason"": ""core signals disagree"", ""regime"": ""neutral"", ""weight_profile"": ""neutral_service_balanced"", ""regime_reason"": ""met_conditions=close_gt_ma20,ma20_gt_ma60,recent_20d_return_gt_0.03; true_count=3; breadth_20d=0.527; recent_20d_return=0.0468; ma60=5370.97; volatility_risk_flag=True"", ""action_note"": ""관심 종목으로 추적"", ""component_snapshot"": {""ret_score"": 89.36, ""prob_score"": 99.51, ""qual_score"": 2.53, ""tech_score"": 25.46, ""valuation_score"": 50.0, ""risk_penalty"": 7.24, ""live_score"": 56.33, ""final_score"": 56.33, ""confidence_score"": 66.68, ""live_rank"": 28.0, ""live_score_source"": ""final_score""}}",28,2026-04-09 11:17:11,
2026-04-08,336370,0.1506382790514566,0.3263651767120046,-0.2690568851758456,-0.2862767705031473,0.2733333244679049,0.3374345210141132,0.0,9510.0,12.562814070351758,5,0.0,100.0,0.0427166302555726,0.0484219971993355,380403.3,285311.0,0.1471652593486128,0.0684192787327266,58.88333077416419,0.7500224104259874,9212.0,8901.0,8411.666666666666,0.028108108108108,-0.0393939393939394,솔루스첨단소재,KOSPI,2차전지,,,2차전지,72.6375,0.6583480839416058,72.6375,72.6375,72.6375,0.3,,47.82075894730839,True,False,2026-04-08,5872.34,5523.437,0.0407581147205317,-8114.961149999988,neutral,"met_conditions=close_gt_ma20,ma20_gt_ma60,recent_20d_return_gt_0.03; true_count=3; breadth_20d=0.527; recent_20d_return=0.0468; ma60=5370.97; volatility_risk_flag=True",0.0684192787327266,100.0,92.11822660098522,0.028108108108108,-0.0393939393939394,0.1471652593486128,97.76666154832839,74.19535996836288,0.0427166302555726,0.0484219971993355,54.926108374384235,380403.3,285311.0,35.79638752052545,51.724137931034484,1.0,69.95852377217824,feature_v1,71.42857142857143,0.7142857142857143,0.7142857142857143,83.74384236453201,0.8374384236453202,0.8374384236453202,75.1231527093596,75.1231527093596,76.35467980295566,False,27.333332446790493,0.8669950738916257,86.69950738916256,12.562814070351758,12.626262626262626,1.0,1.0,12.626262626262626,12.626262626262626,46.30541871921182,43.84236453201971,54.926108374384235,51.724137931034484,50.0,75.1231527093596,86.69950738916256,69.95852377217824,ranking_builder_v8_return_prob_tech_regime,False,False,False,False,False,False,False,False,False,False,False,False,0,15.113380716811951,0.2759448393067663,neutral_service_balanced,0.24,0.24,0.32,0.32,0.26,0.26,0.18,0.18,0.65,0.0,0.0,55.82035630029962,55.82035630029962,1.0,False,False,1.0,False,55.82035630029962,29,v2,0.0,best_weight_by_regime,neutral,0.0,1.0,55.82035630029962,55.82035630029962,0.0,55.82035630029962,0.0,0.0,,,,,,,,,,,,,,,,,False,False,,,,,False,,,,,10.0,True,45.82035630029962,50,29,final_score,55.82035630029962,29,29,16.790045705322775,24.039408866995075,22.541871921182267,2.2727272727272725,0.0,0.0,0.0,0.0,-9.823697465927768,24.039408866995075,22.541871921182267,16.790045705322775,2.2727272727272725,0.0,0.0,0.0,-9.823697465927768,65.64405376622739,Primary prediction score,24.039408866995075,Risk penalty,-9.823697465927768,"요약: live_score 55.8 | live_score_source=final_score | regime=neutral | dominant_driver=ret (Primary prediction score 24.0) | top_positive_factor=Primary prediction score (24.0) | top_negative_factor=Risk penalty (-9.8)
핵심 driver: Primary prediction score (ret_score) contribution 24.0, score 75.1; Top-bucket probability score (prob_score) contribution 22.5, score 86.7; Tech flow score (tech_score) contribution 16.8, score 70.0
리스크 요인: top_negative_factor=Risk penalty (-9.8); risk_penalty 15.1
운영 상태: theme_overlay: disabled (operational config); confidence: 모델 메타 점수 (calibration 미완), score=NA, label=Experimental, live_score 비반영, research/reference 용도","{""base_score"": 55.8, ""theme_weight"": 0.0, ""weight_source"": ""best_weight_by_regime"", ""regime_applied"": ""neutral"", ""theme"": {""name"": ""2차전지"", ""confidence"": 0.66, ""contribution"": 0.0}}",confidence_four_axis_v1,1.0,100.0,97.0,60.27802657113001,59.778684162116065,83.1363092670999,76.06694746087521,76.06694746087521,High,High,High,High,data maturity is strong,"Confidence score is 76.1 (High). data_maturity_score=100.0, model_reliability_score=97.0, signal_agreement_score=60.3, regime_fitness_score=59.8. Reason: data maturity is strong.",상위권 진입 확률 우수와 60일 기대수익 상위권이 추천 점수를 견인했습니다. 재무 품질 보완 필요 요인은 함께 점검이 필요합니다.,상위권 진입 확률 우수 / 60일 기대수익 상위권 / 추세 구조 양호,재무 품질 보완 필요 / 예상 손실 폭 부담 큼,신뢰도 High: data maturity is strong,현재 neutral 체계로 균형형 가중치가 적용됐습니다.,high_probability_score,high_ret_score,high_tech_score,weak_quality_score,very_high_risk_penalty,상위권 진입 확률 우수,60일 기대수익 상위권,추세 구조 양호,재무 품질 보완 필요,예상 손실 폭 부담 큼,관심 종목으로 추적,"{""drivers"": [""high_probability_score"", ""high_ret_score"", ""high_tech_score""], ""driver_texts"": [""상위권 진입 확률 우수"", ""60일 기대수익 상위권"", ""추세 구조 양호""], ""drags"": [""weak_quality_score"", ""very_high_risk_penalty""], ""drag_texts"": [""재무 품질 보완 필요"", ""예상 손실 폭 부담 큼""], ""confidence_label"": ""High"", ""confidence_reason"": ""data maturity is strong"", ""regime"": ""neutral"", ""weight_profile"": ""neutral_service_balanced"", ""regime_reason"": ""met_conditions=close_gt_ma20,ma20_gt_ma60,recent_20d_return_gt_0.03; true_count=3; breadth_20d=0.527; recent_20d_return=0.0468; ma60=5370.97; volatility_risk_flag=True"", ""action_note"": ""관심 종목으로 추적"", ""component_snapshot"": {""ret_score"": 75.12, ""prob_score"": 86.7, ""qual_score"": 12.63, ""tech_score"": 69.96, ""valuation_score"": 50.0, ""risk_penalty"": 15.11, ""live_score"": 55.82, ""final_score"": 55.82, ""confidence_score"": 76.07, ""live_rank"": 29.0, ""live_score_source"": ""final_score""}}",29,2026-04-09 11:17:11,
2026-04-08,316140,0.1606003907951794,0.4896434570589152,-0.2375137808453127,-0.2784903486719354,0.2077227113906404,0.2306694669120062,0.0,33400.0,16.582914572864322,3,0.4,60.00000000000001,0.0259217055088573,0.0298046337852491,2084308.35,2200076.0,0.0014992503748125,0.022657685241886,52.29194135582063,1.0555424776761078,32360.0,32660.0,32694.166666666668,0.0151975683890577,0.0121212121212122,우리금융지주,KOSPI,금융,,,Retail Finance Return,31.2375,0.4265693066407645,31.2375,31.2375,31.2375,0.3,,13.324958716190881,True,False,2026-04-08,5872.34,5523.437,0.0407581147205317,-8114.961149999988,neutral,"met_conditions=close_gt_ma20,ma20_gt_ma60,recent_20d_return_gt_0.03; true_count=3; breadth_20d=0.527; recent_20d_return=0.0468; ma60=5370.97; volatility_risk_flag=True",0.022657685241886,55.0,59.27339901477832,0.0151975683890577,0.0121212121212122,0.0014992503748125,84.58388271164127,66.95877855968371,0.0259217055088573,0.0298046337852491,93.10344827586206,2084308.35,2200076.0,76.84729064039408,92.61083743842364,1.0,71.36537545155431,feature_v1,73.39901477832512,0.7339901477832512,0.7339901477832512,90.64039408866995,0.9064039408866995,0.9064039408866995,78.57142857142856,78.57142857142856,80.29556650246306,False,20.772271139064042,0.7635467980295566,76.35467980295566,16.582914572864322,16.666666666666664,0.74,0.78,9.62,9.62,6.896551724137931,6.896551724137931,93.10344827586206,92.61083743842364,50.0,78.57142857142856,76.35467980295566,71.36537545155431,ranking_builder_v8_return_prob_tech_regime,False,False,False,False,False,False,False,False,False,False,False,False,0,12.468528957115415,0.2539044079759618,neutral_service_balanced,0.24,0.24,0.32,0.32,0.26,0.26,0.18,0.18,0.65,0.0,0.0,55.749820177873616,55.749820177873616,1.0,False,False,1.0,False,55.749820177873616,30,v2,0.0,best_weight_by_regime,neutral,0.0,1.0,55.749820177873616,55.749820177873616,0.0,55.749820177873616,0.0,0.0,,,,,,,,,,,,,,,,,False,False,,,,,False,,,,,10.0,True,45.749820177873616,51,30,final_score,55.749820177873616,30,30,17.127690108373034,25.14285714285714,19.852216748768473,1.7315999999999998,0.0,0.0,0.0,0.0,-8.10454382212502,25.14285714285714,19.852216748768473,17.127690108373034,1.7315999999999998,0.0,0.0,0.0,-8.10454382212502,63.85436399999864,Primary prediction score,25.14285714285714,Risk penalty,-8.10454382212502,"요약: live_score 55.7 | live_score_source=final_score | regime=neutral | dominant_driver=ret (Primary prediction score 25.1) | top_positive_factor=Primary prediction score (25.1) | top_negative_factor=Risk penalty (-8.1)
핵심 driver: Primary prediction score (ret_score) contribution 25.1, score 78.6; Top-bucket probability score (prob_score) contribution 19.9, score 76.4; Tech flow score (tech_score) contribution 17.1, score 71.4
리스크 요인: top_negative_factor=Risk penalty (-8.1); risk_penalty 12.5
운영 상태: theme_overlay: disabled (operational config); confidence: 모델 메타 점수 (calibration 미완), score=NA, label=Experimental, live_score 비반영, research/reference 용도","{""base_score"": 55.7, ""theme_weight"": 0.0, ""weight_source"": ""best_weight_by_regime"", ""regime_applied"": ""neutral"", ""theme"": {""name"": ""Retail Finance Return"", ""confidence"": 0.43, ""contribution"": 0.0}}",confidence_four_axis_v1,1.0,86.00000000000001,97.0,61.81457142857144,59.82504560494327,79.32739969788435,71.09083769241724,71.09083769241724,Medium,High,High,High,data maturity is strong,"Confidence score is 71.1 (High). data_maturity_score=86.0, model_reliability_score=97.0, signal_agreement_score=61.8, regime_fitness_score=59.8. Reason: data maturity is strong.",60일 기대수익 상위권와 변동성 관리 양호이 추천 점수를 견인했습니다. 재무 품질 보완 필요 요인은 함께 점검이 필요합니다.,60일 기대수익 상위권 / 변동성 관리 양호 / 거래 유동성 양호,재무 품질 보완 필요 / 재무 데이터 일부 부족,신뢰도 High: data maturity is strong,현재 neutral 체계로 균형형 가중치가 적용됐습니다.,high_ret_score,strong_safety_profile,healthy_liquidity_profile,weak_quality_score,partial_quality_coverage,60일 기대수익 상위권,변동성 관리 양호,거래 유동성 양호,재무 품질 보완 필요,재무 데이터 일부 부족,관심 종목으로 추적,"{""drivers"": [""high_ret_score"", ""strong_safety_profile"", ""healthy_liquidity_profile""], ""driver_texts"": [""60일 기대수익 상위권"", ""변동성 관리 양호"", ""거래 유동성 양호""], ""drags"": [""weak_quality_score"", ""partial_quality_coverage""], ""drag_texts"": [""재무 품질 보완 필요"", ""재무 데이터 일부 부족""], ""confidence_label"": ""High"", ""confidence_reason"": ""data maturity is strong"", ""regime"": ""neutral"", ""weight_profile"": ""neutral_service_balanced"", ""regime_reason"": ""met_conditions=close_gt_ma20,ma20_gt_ma60,recent_20d_return_gt_0.03; true_count=3; breadth_20d=0.527; recent_20d_return=0.0468; ma60=5370.97; volatility_risk_flag=True"", ""action_note"": ""관심 종목으로 추적"", ""component_snapshot"": {""ret_score"": 78.57, ""prob_score"": 76.35, ""qual_score"": 9.62, ""tech_score"": 71.37, ""valuation_score"": 50.0, ""risk_penalty"": 12.47, ""live_score"": 55.75, ""final_score"": 55.75, ""confidence_score"": 71.09, ""live_rank"": 30.0, ""live_score_source"": ""final_score""}}",30,2026-04-09 11:17:11,
2026-04-08,328130,0.3089348619188525,0.8474766179695996,-0.2490356263761042,-0.2913691505395626,0.2929505956281672,0.3882724223121471,0.0,33900.0,19.09547738693467,3,0.4,75.0,0.0428084141211421,0.0469686936545302,141617.05,163198.0,0.0028992367315543,-0.0250692373395605,47.11270955318544,1.152389489824848,32690.0,34771.7,36626.3,-0.0396600566572238,-0.0341880341880341,루닛,KOSDAQ,건강관리기술,,,바이오,14.0625,0.3458811131386861,14.0625,14.0625,14.0625,0.3,,4.863953153512773,True,False,2026-04-08,5872.34,5523.437,0.0407581147205317,-8114.961149999988,neutral,"met_conditions=close_gt_ma20,ma20_gt_ma60,recent_20d_return_gt_0.03; true_count=3; breadth_20d=0.527; recent_20d_return=0.0468; ma60=5370.97; volatility_risk_flag=True",-0.0250692373395605,15.0,24.98768472906404,-0.0396600566572238,-0.0341880341880341,0.0028992367315543,74.22541910637088,50.822364628809474,0.0428084141211421,0.0469686936545302,57.881773399014776,141617.05,163198.0,33.497536945812804,20.19704433497537,1.0,41.885118260477405,feature_v1,87.192118226601,0.8719211822660099,0.8719211822660099,97.04433497536947,0.9704433497536946,0.9704433497536946,90.14778325123153,90.14778325123153,91.13300492610838,False,29.29505956281672,0.896551724137931,89.65517241379311,19.09547738693467,19.19191919191919,0.8375,0.78,12.537121212121212,12.537121212121212,46.79802955665024,37.4384236453202,57.881773399014776,20.19704433497537,50.0,90.14778325123153,89.65517241379311,41.885118260477405,ranking_builder_v8_return_prob_tech_regime,False,False,False,False,False,False,False,False,False,False,False,False,0,13.916284324978509,0.2659690360414876,neutral_service_balanced,0.24,0.24,0.32,0.32,0.26,0.26,0.18,0.18,0.65,0.0,0.0,55.42116085744066,55.42116085744066,1.0,False,False,1.0,False,55.42116085744066,31,v2,0.0,best_weight_by_regime,neutral,0.0,1.0,55.42116085744066,55.42116085744066,0.0,55.42116085744066,0.0,0.0,,,,,,,,,,,,,,,,,False,False,,,,,False,,,,,10.0,True,45.42116085744066,52,31,final_score,55.42116085744066,31,31,10.052428382514577,28.84729064039409,23.31034482758621,2.2566818181818182,0.0,0.0,0.0,0.0,-9.045584811236031,28.84729064039409,23.31034482758621,10.052428382514577,2.2566818181818182,0.0,0.0,0.0,-9.045584811236031,64.4667456686767,Primary prediction score,28.84729064039409,Risk penalty,-9.045584811236031,"요약: live_score 55.4 | live_score_source=final_score | regime=neutral | dominant_driver=ret (Primary prediction score 28.8) | top_positive_factor=Primary prediction score (28.8) | top_negative_factor=Risk penalty (-9.0)
핵심 driver: Primary prediction score (ret_score) contribution 28.8, score 90.1; Top-bucket probability score (prob_score) contribution 23.3, score 89.7; Tech flow score (tech_score) contribution 10.1, score 41.9
리스크 요인: top_negative_factor=Risk penalty (-9.0); risk_penalty 13.9
운영 상태: theme_overlay: disabled (operational config); confidence: 모델 메타 점수 (calibration 미완), score=NA, label=Experimental, live_score 비반영, research/reference 용도","{""base_score"": 55.4, ""theme_weight"": 0.0, ""weight_source"": ""best_weight_by_regime"", ""regime_applied"": ""neutral"", ""theme"": {""name"": ""바이오"", ""confidence"": 0.35, ""contribution"": 0.0}}",confidence_four_axis_v1,1.0,91.25,97.0,47.9668013882669,59.86406085237104,77.44630947492237,67.65953272578098,67.65953272578098,Medium,Medium,Medium,Medium,core signals disagree,"Confidence score is 67.7 (Medium). data_maturity_score=91.2, model_reliability_score=97.0, signal_agreement_score=48.0, regime_fitness_score=59.9. Reason: core signals disagree.",60일 기대수익 상위권와 상위권 진입 확률 우수이 추천 점수를 견인했습니다. 재무 품질 보완 필요 요인은 함께 점검이 필요합니다.,60일 기대수익 상위권 / 상위권 진입 확률 우수,재무 품질 보완 필요 / 거래 유동성 부족,신뢰도 Medium: core signals disagree,현재 neutral 체계로 균형형 가중치가 적용됐습니다.,high_ret_score,high_probability_score,,weak_quality_score,low_liquidity_score,60일 기대수익 상위권,상위권 진입 확률 우수,,재무 품질 보완 필요,거래 유동성 부족,관심 종목으로 추적,"{""drivers"": [""high_ret_score"", ""high_probability_score""], ""driver_texts"": [""60일 기대수익 상위권"", ""상위권 진입 확률 우수""], ""drags"": [""weak_quality_score"", ""low_liquidity_score""], ""drag_texts"": [""재무 품질 보완 필요"", ""거래 유동성 부족""], ""confidence_label"": ""Medium"", ""confidence_reason"": ""core signals disagree"", ""regime"": ""neutral"", ""weight_profile"": ""neutral_service_balanced"", ""regime_reason"": ""met_conditions=close_gt_ma20,ma20_gt_ma60,recent_20d_return_gt_0.03; true_count=3; breadth_20d=0.527; recent_20d_return=0.0468; ma60=5370.97; volatility_risk_flag=True"", ""action_note"": ""관심 종목으로 추적"", ""component_snapshot"": {""ret_score"": 90.15, ""prob_score"": 89.66, ""qual_score"": 12.54, ""tech_score"": 41.89, ""valuation_score"": 50.0, ""risk_penalty"": 13.92, ""live_score"": 55.42, ""final_score"": 55.42, ""confidence_score"": 67.66, ""live_rank"": 31.0, ""live_score_source"": ""final_score""}}",31,2026-04-09 11:17:11,
2026-04-08,068760,0.0783513837018163,0.4372418250071357,-0.2290912102930122,-0.257791735308171,0.2109130894015808,0.1876698396372357,0.0,56600.0,71.35678391959799,5,0.0,100.0,0.0288379849723864,0.0359199379254256,73528.95,103610.0,-0.0826580226904376,-0.0274914089347079,42.39895475144539,1.4091048491784528,55160.0,58200.0,64585.0,-0.0156521739130435,-0.0357751277683134,셀트리온제약,KOSDAQ,바이오/제약,,,,0.0,0.0,,0.0,,0.3,mapping_missing,0.0,False,False,2026-04-08,5872.34,5523.437,0.0407581147205317,-8114.961149999988,neutral,"met_conditions=close_gt_ma20,ma20_gt_ma60,recent_20d_return_gt_0.03; true_count=3; breadth_20d=0.527; recent_20d_return=0.0468; ma60=5370.97; volatility_risk_flag=True",-0.0274914089347079,15.0,24.002463054187192,-0.0156521739130435,-0.0357751277683134,-0.0826580226904376,64.79790950289078,43.4162261441956,0.0288379849723864,0.0359199379254256,85.71428571428572,73528.95,103610.0,33.49753694581281,6.896551724137931,0.72,32.08601214104665,feature_v1,60.09852216748769,0.6009852216748769,0.6009852216748769,88.66995073891626,0.8866995073891626,0.8866995073891626,68.66995073891627,68.66995073891627,71.52709359605912,False,21.09130894015808,0.7684729064039408,76.84729064039408,71.35678391959799,71.21212121212122,1.0,1.0,71.21212121212122,71.21212121212122,11.330049261083744,17.24137931034483,85.71428571428572,6.896551724137931,50.0,68.66995073891627,76.84729064039408,32.08601214104665,ranking_builder_v8_return_prob_tech_regime,False,False,False,False,False,False,False,False,False,False,False,False,0,10.868570435889085,0.24057142029907572,neutral_service_balanced,0.24,0.24,0.32,0.32,0.26,0.26,0.18,0.18,0.65,0.0,0.0,55.40893375166078,55.40893375166078,1.0,False,False,1.0,False,55.40893375166078,32,v2,0.0,best_weight_by_regime,neutral,0.0,1.0,55.40893375166078,55.40893375166078,0.0,55.40893375166078,0.0,0.0,,,,,,,,,,,,,,,,,False,False,,,,,False,,,,,0.0,False,55.40893375166078,21,32,final_score,55.40893375166078,32,32,7.700642913851196,21.974384236453208,19.980295566502463,12.818181818181818,0.0,0.0,0.0,0.0,-7.0645707833279054,21.974384236453208,19.980295566502463,7.700642913851196,12.818181818181818,0.0,0.0,0.0,-7.0645707833279054,62.473504534988685,Primary prediction score,21.974384236453208,Risk penalty,-7.0645707833279054,"요약: live_score 55.4 | live_score_source=final_score | regime=neutral | dominant_driver=ret (Primary prediction score 22.0) | top_positive_factor=Primary prediction score (22.0) | top_negative_factor=Risk penalty (-7.1)
핵심 driver: Primary prediction score (ret_score) contribution 22.0, score 68.7; Top-bucket probability score (prob_score) contribution 20.0, score 76.8; Financial quality score (qual_score) contribution 12.8, score 71.2
리스크 요인: top_negative_factor=Risk penalty (-7.1); risk_penalty 10.9
운영 상태: theme_overlay: disabled (operational config); confidence: 모델 메타 점수 (calibration 미완), score=NA, label=Experimental, live_score 비반영, research/reference 용도","{""base_score"": 55.4, ""theme_weight"": 0.0, ""weight_source"": ""best_weight_by_regime"", ""regime_applied"": ""neutral"", ""theme"": {""name"": ""(none)"", ""confidence"": 0.0, ""contribution"": 0.0}}",confidence_four_axis_v1,1.0,100.0,92.8,69.07161645019578,60.23636415881381,84.14335873637103,79.67591941184108,79.67591941184108,High,High,High,High,data maturity is strong,"Confidence score is 79.7 (High). data_maturity_score=100.0, model_reliability_score=92.8, signal_agreement_score=69.1, regime_fitness_score=60.2. Reason: data maturity is strong.",60일 기대수익 상위권와 상위권 진입 확률 우수이 추천 점수를 견인했습니다. 거래 유동성 부족 요인은 함께 점검이 필요합니다.,60일 기대수익 상위권 / 상위권 진입 확률 우수 / 변동성 관리 양호,거래 유동성 부족 / 최근 변동성 확대 주의,신뢰도 High: data maturity is strong,현재 neutral 체계로 균형형 가중치가 적용됐습니다.,high_ret_score,high_probability_score,strong_safety_profile,low_liquidity_score,elevated_risk_penalty,60일 기대수익 상위권,상위권 진입 확률 우수,변동성 관리 양호,거래 유동성 부족,최근 변동성 확대 주의,관심 종목으로 추적,"{""drivers"": [""high_ret_score"", ""high_probability_score"", ""strong_safety_profile""], ""driver_texts"": [""60일 기대수익 상위권"", ""상위권 진입 확률 우수"", ""변동성 관리 양호""], ""drags"": [""low_liquidity_score"", ""elevated_risk_penalty""], ""drag_texts"": [""거래 유동성 부족"", ""최근 변동성 확대 주의""], ""confidence_label"": ""High"", ""confidence_reason"": ""data maturity is strong"", ""regime"": ""neutral"", ""weight_profile"": ""neutral_service_balanced"", ""regime_reason"": ""met_conditions=close_gt_ma20,ma20_gt_ma60,recent_20d_return_gt_0.03; true_count=3; breadth_20d=0.527; recent_20d_return=0.0468; ma60=5370.97; volatility_risk_flag=True"", ""action_note"": ""관심 종목으로 추적"", ""component_snapshot"": {""ret_score"": 68.67, ""prob_score"": 76.85, ""qual_score"": 71.21, ""tech_score"": 32.09, ""valuation_score"": 50.0, ""risk_penalty"": 10.87, ""live_score"": 55.41, ""final_score"": 55.41, ""confidence_score"": 79.68, ""live_rank"": 32.0, ""live_score_source"": ""final_score""}}",32,2026-04-09 11:17:11,
2026-04-08,468530,0.5351482177214042,1.0597005675031643,-0.2266588405129454,-0.2450892212096515,0.3568806216390546,0.4221706908865351,0.0,57800.0,5.025125628140704,5,0.0,100.0,0.0524175364284368,0.0606004659806214,190133.05,226959.0,-0.2608695652173913,-0.2169082780111095,34.9286793494789,1.193685158892681,60320.0,73810.0,77360.0,-0.1754636233951497,-0.2060439560439561,프로티나,KOSDAQ,생물공학,,,바이오,19.921875,0.4083811131386861,19.921875,19.921875,19.921875,0.3,,8.135717488309762,True,False,2026-04-08,5872.34,5523.437,0.0407581147205317,-8114.961149999988,neutral,"met_conditions=close_gt_ma20,ma20_gt_ma60,recent_20d_return_gt_0.03; true_count=3; breadth_20d=0.527; recent_20d_return=0.0468; ma60=5370.97; volatility_risk_flag=True",-0.2168131436643742,15.0,7.9926108374384235,-0.1754636233951497,-0.2060439560439561,-0.2608695652173913,49.857358698957796,15.296851990010385,0.0524175364284368,0.0606004659806214,28.81773399014778,190133.05,226959.0,41.21510673234811,27.586206896551722,1.0,19.697494255616935,feature_v1,96.05911330049261,0.9605911330049262,0.9605911330049262,98.52216748768473,0.9852216748768473,0.9852216748768473,96.79802955665025,96.79802955665025,97.04433497536945,False,35.68806216390546,0.9458128078817734,94.58128078817734,5.025125628140704,5.05050505050505,1.0,1.0,5.05050505050505,5.05050505050505,70.44334975369459,71.92118226600985,28.81773399014778,27.586206896551722,50.0,96.79802955665025,94.58128078817734,19.697494255616935,ranking_builder_v8_return_prob_tech_regime,False,False,False,False,False,False,False,False,False,False,False,False,0,10.08371913499534,0.23403099279162784,neutral_service_balanced,0.24,0.24,0.32,0.32,0.26,0.26,0.18,0.18,0.65,0.0,0.0,54.648574555746194,54.648574555746194,1.0,False,False,1.0,False,54.648574555746194,33,v2,0.0,best_weight_by_regime,neutral,0.0,1.0,54.648574555746194,54.648574555746194,0.0,54.648574555746194,0.0,0.0,,,,,,,,,,,,,,,,,False,False,,,,,False,,,,,6.0,True,48.648574555746194,40,33,final_score,54.648574555746194,33,33,4.7273986213480645,30.975369458128082,24.59113300492611,0.909090909090909,0.0,0.0,0.0,0.0,-6.554417437746971,30.975369458128082,24.59113300492611,4.7273986213480645,0.909090909090909,0.0,0.0,0.0,-6.554417437746971,61.20299199349316,Primary prediction score,30.975369458128082,Risk penalty,-6.554417437746971,"요약: live_score 54.6 | live_score_source=final_score | regime=neutral | dominant_driver=ret (Primary prediction score 31.0) | top_positive_factor=Primary prediction score (31.0) | top_negative_factor=Risk penalty (-6.6)
핵심 driver: Primary prediction score (ret_score) contribution 31.0, score 96.8; Top-bucket probability score (prob_score) contribution 24.6, score 94.6; Tech flow score (tech_score) contribution 4.7, score 19.7
리스크 요인: top_negative_factor=Risk penalty (-6.6); risk_penalty 10.1
운영 상태: theme_overlay: disabled (operational config); confidence: 모델 메타 점수 (calibration 미완), score=NA, label=Experimental, live_score 비반영, research/reference 용도","{""base_score"": 54.6, ""theme_weight"": 0.0, ""weight_source"": ""best_weight_by_regime"", ""regime_applied"": ""neutral"", ""theme"": {""name"": ""바이오"", ""confidence"": 0.41, ""contribution"": 0.0}}",confidence_four_axis_v1,1.0,100.0,97.0,37.47574264815644,59.8280559008986,77.44314404717389,66.9559082394423,66.9559082394423,Medium,Medium,Medium,Medium,core signals disagree,"Confidence score is 67.0 (Medium). data_maturity_score=100.0, model_reliability_score=97.0, signal_agreement_score=37.5, regime_fitness_score=59.8. Reason: core signals disagree.",60일 기대수익 상위권와 상위권 진입 확률 우수이 추천 점수를 견인했습니다. 재무 품질 보완 필요 요인은 함께 점검이 필요합니다.,60일 기대수익 상위권 / 상위권 진입 확률 우수,재무 품질 보완 필요 / 추세 탄력 약함,신뢰도 Medium: core signals disagree,현재 neutral 체계로 균형형 가중치가 적용됐습니다.,high_ret_score,high_probability_score,,weak_quality_score,weak_tech_score,60일 기대수익 상위권,상위권 진입 확률 우수,,재무 품질 보완 필요,추세 탄력 약함,추가 확인 후 판단,"{""drivers"": [""high_ret_score"", ""high_probability_score""], ""driver_texts"": [""60일 기대수익 상위권"", ""상위권 진입 확률 우수""], ""drags"": [""weak_quality_score"", ""weak_tech_score""], ""drag_texts"": [""재무 품질 보완 필요"", ""추세 탄력 약함""], ""confidence_label"": ""Medium"", ""confidence_reason"": ""core signals disagree"", ""regime"": ""neutral"", ""weight_profile"": ""neutral_service_balanced"", ""regime_reason"": ""met_conditions=close_gt_ma20,ma20_gt_ma60,recent_20d_return_gt_0.03; true_count=3; breadth_20d=0.527; recent_20d_return=0.0468; ma60=5370.97; volatility_risk_flag=True"", ""action_note"": ""추가 확인 후 판단"", ""component_snapshot"": {""ret_score"": 96.8, ""prob_score"": 94.58, ""qual_score"": 5.05, ""tech_score"": 19.7, ""valuation_score"": 50.0, ""risk_penalty"": 10.08, ""live_score"": 54.65, ""final_score"": 54.65, ""confidence_score"": 66.96, ""live_rank"": 33.0, ""live_score_source"": ""final_score""}}",33,2026-04-09 11:17:11,
2026-04-08,462350,0.4274766066796303,0.81087842839097,-0.3936262141648158,-0.4422793684601738,0.5114555888312337,0.6991145497166865,0.0,16450.0,1.0050251256281406,5,0.0,100.0,0.0592127482350326,0.0694469704585994,541957.05,411071.0,-0.1010928961748633,0.0055012224938875,49.60670841118976,0.7584936850623125,15182.0,16360.0,19060.5,0.0378548895899053,-0.0758426966292135,이노스페이스,KOSDAQ,항공,,,,0.0,0.0,,0.0,,0.3,mapping_missing,0.0,False,False,2026-04-08,5872.34,5523.437,0.0407581147205317,-8114.961149999988,neutral,"met_conditions=close_gt_ma20,ma20_gt_ma60,recent_20d_return_gt_0.03; true_count=3; breadth_20d=0.527; recent_20d_return=0.0468; ma60=5370.97; volatility_risk_flag=True",0.0055012224938875,55.0,53.36206896551724,0.0378548895899053,-0.0758426966292135,-0.1010928961748633,79.21341682237951,49.4831571612599,0.0592127482350326,0.0694469704585994,15.763546798029559,541957.05,411071.0,44.4991789819376,62.5615763546798,1.0,43.15531190299269,feature_v1,91.62561576354679,0.916256157635468,0.916256157635468,96.55172413793103,0.9655172413793104,0.9655172413793104,93.10344827586206,93.10344827586206,93.59605911330048,False,51.145558883123364,0.9901477832512315,99.01477832512316,1.0050251256281406,1.0101010101010102,1.0,1.0,1.0101010101010102,1.0101010101010102,82.26600985221675,86.20689655172413,15.763546798029559,62.5615763546798,50.0,93.10344827586206,99.01477832512316,43.15531190299269,ranking_builder_v8_return_prob_tech_regime,False,False,False,False,False,False,False,False,False,False,False,False,0,18.0,0.413087475882959,neutral_service_balanced,0.24,0.24,0.32,0.32,0.26,0.26,0.18,0.18,0.65,0.0,0.0,54.37603885134432,54.37603885134432,1.0,False,False,1.0,False,54.37603885134432,34,v2,0.0,best_weight_by_regime,neutral,0.0,1.0,54.37603885134432,54.37603885134432,0.0,54.37603885134432,0.0,0.0,,,,,,,,,,,,,,,,,False,False,,,,,False,,,,,10.0,True,44.37603885134432,58,34,final_score,54.37603885134432,34,34,10.357274856718247,29.79310344827586,25.74384236453202,0.18181818181818182,0.0,0.0,0.0,0.0,-11.700000000000001,29.79310344827586,25.74384236453202,10.357274856718247,0.18181818181818182,0.0,0.0,0.0,-11.700000000000001,66.07603885134432,Primary prediction score,29.79310344827586,Risk penalty,-11.700000000000001,"요약: live_score 54.4 | live_score_source=final_score | regime=neutral | dominant_driver=ret (Primary prediction score 29.8) | top_positive_factor=Primary prediction score (29.8) | top_negative_factor=Risk penalty (-11.7)
핵심 driver: Primary prediction score (ret_score) contribution 29.8, score 93.1; Top-bucket probability score (prob_score) contribution 25.7, score 99.0; Tech flow score (tech_score) contribution 10.4, score 43.2
리스크 요인: top_negative_factor=Risk penalty (-11.7); risk_penalty 18.0
운영 상태: theme_overlay: disabled (operational config); confidence: 모델 메타 점수 (calibration 미완), score=NA, label=Experimental, live_score 비반영, research/reference 용도","{""base_score"": 54.4, ""theme_weight"": 0.0, ""weight_source"": ""best_weight_by_regime"", ""regime_applied"": ""neutral"", ""theme"": {""name"": ""(none)"", ""confidence"": 0.0, ""contribution"": 0.0}}",confidence_four_axis_v1,1.0,100.0,97.0,41.84859680549336,58.62519085748564,78.35592782999618,68.46447689369448,68.46447689369448,Medium,Medium,Medium,Medium,core signals disagree,"Confidence score is 68.5 (Medium). data_maturity_score=100.0, model_reliability_score=97.0, signal_agreement_score=41.8, regime_fitness_score=58.6. Reason: core signals disagree.",60일 기대수익 상위권와 상위권 진입 확률 우수이 추천 점수를 견인했습니다. 재무 품질 보완 필요 요인은 함께 점검이 필요합니다.,60일 기대수익 상위권 / 상위권 진입 확률 우수,재무 품질 보완 필요 / 방어력 약함,신뢰도 Medium: core signals disagree,현재 neutral 체계로 균형형 가중치가 적용됐습니다.,high_ret_score,high_probability_score,,weak_quality_score,weak_safety_score,60일 기대수익 상위권,상위권 진입 확률 우수,,재무 품질 보완 필요,방어력 약함,추가 확인 후 판단,"{""drivers"": [""high_ret_score"", ""high_probability_score""], ""driver_texts"": [""60일 기대수익 상위권"", ""상위권 진입 확률 우수""], ""drags"": [""weak_quality_score"", ""weak_safety_score""], ""drag_texts"": [""재무 품질 보완 필요"", ""방어력 약함""], ""confidence_label"": ""Medium"", ""confidence_reason"": ""core signals disagree"", ""regime"": ""neutral"", ""weight_profile"": ""neutral_service_balanced"", ""regime_reason"": ""met_conditions=close_gt_ma20,ma20_gt_ma60,recent_20d_return_gt_0.03; true_count=3; breadth_20d=0.527; recent_20d_return=0.0468; ma60=5370.97; volatility_risk_flag=True"", ""action_note"": ""추가 확인 후 판단"", ""component_snapshot"": {""ret_score"": 93.1, ""prob_score"": 99.01, ""qual_score"": 1.01, ""tech_score"": 43.16, ""valuation_score"": 50.0, ""risk_penalty"": 18.0, ""live_score"": 54.38, ""final_score"": 54.38, ""confidence_score"": 68.46, ""live_rank"": 34.0, ""live_score_source"": ""final_score""}}",34,2026-04-09 11:17:11,
2026-04-08,323280,0.4908075995216916,0.5224178131439843,-0.2560564824231343,-0.3228117899264034,0.4007575299462991,0.1397921155299319,0.0,58100.0,11.055276381909549,5,0.0,100.0,0.0556581891406535,0.0721328578242582,356809.2,362007.0,-0.2444733420026007,-0.0531290743155149,46.34929032520986,1.0145674494940151,53320.0,61360.0,62813.333333333336,0.0301418439716312,-0.0152542372881355,태성,KOSDAQ,전자장비와기기,,,AI서버기판,71.4375,0.6855019160583942,71.4375,71.4375,71.4375,0.3,,48.97054312842153,True,False,2026-04-08,5872.34,5523.437,0.0407581147205317,-8114.961149999988,neutral,"met_conditions=close_gt_ma20,ma20_gt_ma60,recent_20d_return_gt_0.03; true_count=3; breadth_20d=0.527; recent_20d_return=0.0468; ma60=5370.97; volatility_risk_flag=True",-0.0531290743155149,15.0,17.844827586206897,0.0301418439716312,-0.0152542372881355,-0.2444733420026007,72.69858065041971,49.94804417738325,0.0556581891406535,0.0721328578242582,15.517241379310342,356809.2,362007.0,46.30541871921182,49.75369458128079,1.0,32.88452482169004,feature_v1,94.08866995073892,0.9408866995073891,0.9408866995073891,91.13300492610837,0.9113300492610837,0.9113300492610837,93.20197044334975,93.20197044334975,92.9064039408867,False,40.07575299462991,0.9605911330049262,96.05911330049261,11.055276381909549,11.11111111111111,1.0,1.0,11.11111111111111,11.11111111111111,77.83251231527095,91.13300492610837,15.517241379310342,49.75369458128079,50.0,93.20197044334975,96.05911330049261,32.88452482169004,ranking_builder_v8_return_prob_tech_regime,False,False,False,False,False,False,False,False,False,False,False,False,0,15.931032650933036,0.282758605424442,neutral_service_balanced,0.24,0.24,0.32,0.32,0.26,0.26,0.18,0.18,0.65,0.0,0.0,54.337114734099124,54.337114734099124,1.0,False,False,1.0,False,54.337114734099124,35,v2,0.0,best_weight_by_regime,neutral,0.0,1.0,54.337114734099124,54.337114734099124,0.0,54.337114734099124,0.0,0.0,,,,,,,,,,,,,,,,,False,False,,,,,False,,,,,10.0,True,44.337114734099124,59,35,final_score,54.337114734099124,35,35,7.89228595720561,29.824630541871922,24.97536945812808,1.9999999999999998,0.0,0.0,0.0,0.0,-10.355171223106474,29.824630541871922,24.97536945812808,7.89228595720561,1.9999999999999998,0.0,0.0,0.0,-10.355171223106474,64.69228595720561,Primary prediction score,29.824630541871922,Risk penalty,-10.355171223106474,"요약: live_score 54.3 | live_score_source=final_score | regime=neutral | dominant_driver=ret (Primary prediction score 29.8) | top_positive_factor=Primary prediction score (29.8) | top_negative_factor=Risk penalty (-10.4)
핵심 driver: Primary prediction score (ret_score) contribution 29.8, score 93.2; Top-bucket probability score (prob_score) contribution 25.0, score 96.1; Tech flow score (tech_score) contribution 7.9, score 32.9
리스크 요인: top_negative_factor=Risk penalty (-10.4); risk_penalty 15.9
운영 상태: theme_overlay: disabled (operational config); confidence: 모델 메타 점수 (calibration 미완), score=NA, label=Experimental, live_score 비반영, research/reference 용도","{""base_score"": 54.3, ""theme_weight"": 0.0, ""weight_source"": ""best_weight_by_regime"", ""regime_applied"": ""neutral"", ""theme"": {""name"": ""AI서버기판"", ""confidence"": 0.69, ""contribution"": 0.0}}",confidence_four_axis_v1,1.0,100.0,97.0,39.51559934318555,58.88473322441659,77.81160981945887,67.58318638215754,67.58318638215754,Medium,Medium,Medium,Medium,core signals disagree,"Confidence score is 67.6 (Medium). data_maturity_score=100.0, model_reliability_score=97.0, signal_agreement_score=39.5, regime_fitness_score=58.9. Reason: core signals disagree.",60일 기대수익 상위권와 상위권 진입 확률 우수이 추천 점수를 견인했습니다. 재무 품질 보완 필요 요인은 함께 점검이 필요합니다.,60일 기대수익 상위권 / 상위권 진입 확률 우수,재무 품질 보완 필요 / 방어력 약함,신뢰도 Medium: core signals disagree,현재 neutral 체계로 균형형 가중치가 적용됐습니다.,high_ret_score,high_probability_score,,weak_quality_score,weak_safety_score,60일 기대수익 상위권,상위권 진입 확률 우수,,재무 품질 보완 필요,방어력 약함,추가 확인 후 판단,"{""drivers"": [""high_ret_score"", ""high_probability_score""], ""driver_texts"": [""60일 기대수익 상위권"", ""상위권 진입 확률 우수""], ""drags"": [""weak_quality_score"", ""weak_safety_score""], ""drag_texts"": [""재무 품질 보완 필요"", ""방어력 약함""], ""confidence_label"": ""Medium"", ""confidence_reason"": ""core signals disagree"", ""regime"": ""neutral"", ""weight_profile"": ""neutral_service_balanced"", ""regime_reason"": ""met_conditions=close_gt_ma20,ma20_gt_ma60,recent_20d_return_gt_0.03; true_count=3; breadth_20d=0.527; recent_20d_return=0.0468; ma60=5370.97; volatility_risk_flag=True"", ""action_note"": ""추가 확인 후 판단"", ""component_snapshot"": {""ret_score"": 93.2, ""prob_score"": 96.06, ""qual_score"": 11.11, ""tech_score"": 32.88, ""valuation_score"": 50.0, ""risk_penalty"": 15.93, ""live_score"": 54.34, ""final_score"": 54.34, ""confidence_score"": 67.58, ""live_rank"": 35.0, ""live_score_source"": ""final_score""}}",35,2026-04-09 11:17:11,
2026-04-08,232140,0.1903748543035464,0.1563181848464492,-0.2577466360379771,-0.32246880606321,0.2638133697885775,0.2668733845000652,0.0,18900.0,46.23115577889448,5,0.0,100.0,0.0543484784247383,0.0617094871941603,807586.7,1001825.0,-0.0825242718446601,-0.01629105293291,49.744011723267775,1.2405169624512142,17442.0,19213.0,18882.666666666668,0.0183189655172413,-0.1126760563380281,와이씨,KOSDAQ,반도체와반도체장비,,,반도체장비,30.375,0.4357412001656978,30.375,30.375,30.375,0.3,,13.23563895503307,True,False,2026-04-08,5872.34,5523.437,0.0407581147205317,-8114.961149999988,neutral,"met_conditions=close_gt_ma20,ma20_gt_ma60,recent_20d_return_gt_0.03; true_count=3; breadth_20d=0.527; recent_20d_return=0.0468; ma60=5370.97; volatility_risk_flag=True",-0.01629105293291,35.0,37.20443349753695,0.0183189655172413,-0.1126760563380281,-0.0825242718446601,79.48802344653555,45.1183112803531,0.0543484784247383,0.0617094871941603,25.862068965517246,807586.7,1001825.0,73.72742200328408,76.35467980295566,1.0,43.18426609098073,feature_v1,78.81773399014779,0.7881773399014779,0.7881773399014779,63.05418719211823,0.6305418719211823,0.6305418719211823,74.08866995073892,74.08866995073892,72.51231527093596,False,26.38133697885775,0.8571428571428571,85.71428571428571,46.23115577889448,46.464646464646464,1.0,1.0,46.464646464646464,46.464646464646464,74.38423645320196,73.89162561576354,25.862068965517246,76.35467980295566,50.0,74.08866995073892,85.71428571428571,43.18426609098073,ranking_builder_v8_return_prob_tech_regime,False,False,False,False,False,False,False,False,False,False,False,False,0,16.03626048576843,0.28363550404807025,neutral_service_balanced,0.24,0.24,0.32,0.32,0.26,0.26,0.18,0.18,0.65,0.0,0.0,54.29837957967299,54.29837957967299,1.0,False,False,1.0,False,54.29837957967299,36,v2,0.0,best_weight_by_regime,neutral,0.0,1.0,54.29837957967299,54.29837957967299,0.0,54.29837957967299,0.0,0.0,,,,,,,,,,,,,,,,,False,False,,,,,False,,,,,4.0,True,50.29837957967299,35,36,final_score,54.29837957967299,36,36,10.364223861835374,23.708374384236453,22.285714285714285,8.363636363636363,0.0,0.0,0.0,0.0,-10.42356931574948,23.708374384236453,22.285714285714285,10.364223861835374,8.363636363636363,0.0,0.0,0.0,-10.42356931574948,64.72194889542247,Primary prediction score,23.708374384236453,Risk penalty,-10.42356931574948,"요약: live_score 54.3 | live_score_source=final_score | regime=neutral | dominant_driver=ret (Primary prediction score 23.7) | top_positive_factor=Primary prediction score (23.7) | top_negative_factor=Risk penalty (-10.4)
핵심 driver: Primary prediction score (ret_score) contribution 23.7, score 74.1; Top-bucket probability score (prob_score) contribution 22.3, score 85.7; Tech flow score (tech_score) contribution 10.4, score 43.2
리스크 요인: top_negative_factor=Risk penalty (-10.4); risk_penalty 16.0
운영 상태: theme_overlay: disabled (operational config); confidence: 모델 메타 점수 (calibration 미완), score=NA, label=Experimental, live_score 비반영, research/reference 용도","{""base_score"": 54.3, ""theme_weight"": 0.0, ""weight_source"": ""best_weight_by_regime"", ""regime_applied"": ""neutral"", ""theme"": {""name"": ""반도체장비"", ""confidence"": 0.44, ""contribution"": 0.0}}",confidence_four_axis_v1,1.0,100.0,97.0,64.7409941130085,58.69661248632942,84.08974040120152,77.63572014246928,77.63572014246928,High,High,High,High,data maturity is strong,"Confidence score is 77.6 (High). data_maturity_score=100.0, model_reliability_score=97.0, signal_agreement_score=64.7, regime_fitness_score=58.7. Reason: data maturity is strong.",상위권 진입 확률 우수와 60일 기대수익 상위권이 추천 점수를 견인했습니다. 예상 손실 폭 부담 큼 요인은 함께 점검이 필요합니다.,상위권 진입 확률 우수 / 60일 기대수익 상위권 / 거래 유동성 양호,예상 손실 폭 부담 큼 / 방어력 약함,신뢰도 High: data maturity is strong,현재 neutral 체계로 균형형 가중치가 적용됐습니다.,high_probability_score,high_ret_score,healthy_liquidity_profile,very_high_risk_penalty,weak_safety_score,상위권 진입 확률 우수,60일 기대수익 상위권,거래 유동성 양호,예상 손실 폭 부담 큼,방어력 약함,보수적 접근 권장,"{""drivers"": [""high_probability_score"", ""high_ret_score"", ""healthy_liquidity_profile""], ""driver_texts"": [""상위권 진입 확률 우수"", ""60일 기대수익 상위권"", ""거래 유동성 양호""], ""drags"": [""very_high_risk_penalty"", ""weak_safety_score""], ""drag_texts"": [""예상 손실 폭 부담 큼"", ""방어력 약함""], ""confidence_label"": ""High"", ""confidence_reason"": ""data maturity is strong"", ""regime"": ""neutral"", ""weight_profile"": ""neutral_service_balanced"", ""regime_reason"": ""met_conditions=close_gt_ma20,ma20_gt_ma60,recent_20d_return_gt_0.03; true_count=3; breadth_20d=0.527; recent_20d_return=0.0468; ma60=5370.97; volatility_risk_flag=True"", ""action_note"": ""보수적 접근 권장"", ""component_snapshot"": {""ret_score"": 74.09, ""prob_score"": 85.71, ""qual_score"": 46.46, ""tech_score"": 43.18, ""valuation_score"": 50.0, ""risk_penalty"": 16.04, ""live_score"": 54.3, ""final_score"": 54.3, ""confidence_score"": 77.64, ""live_rank"": 36.0, ""live_score_source"": ""final_score""}}",36,2026-04-09 11:17:11,
2026-04-08,005830,0.1747422886704377,0.1190932461490394,-0.1584415343430791,-0.1601616332196112,0.1148334236485026,0.068084397770154,0.0,167800.0,87.43718592964824,4,0.1999999999999999,80.0,0.0395168987550498,0.0377911704566822,242955.2,157598.0,-0.0840611353711789,-0.037678499741928,47.035236933177565,0.6486710307085422,163060.0,174370.0,163990.0,-0.0011904761904761,-0.138161273754494,DB손해보험,KOSPI,금융,,,,0.0,0.0,,0.0,,0.3,mapping_missing,0.0,False,False,2026-04-08,5872.34,5523.437,0.0407581147205317,-8114.961149999988,neutral,"met_conditions=close_gt_ma20,ma20_gt_ma60,recent_20d_return_gt_0.03; true_count=3; breadth_20d=0.527; recent_20d_return=0.0468; ma60=5370.97; volatility_risk_flag=True",-0.037678499741928,35.0,30.800492610837438,-0.0011904761904761,-0.138161273754494,-0.0840611353711789,74.07047386635513,38.96096822028336,0.0395168987550498,0.0377911704566822,71.67487684729063,242955.2,157598.0,22.003284072249595,35.467980295566505,1.0,40.511954640645975,feature_v1,76.84729064039408,0.7684729064039408,0.7684729064039408,56.65024630541872,0.5665024630541872,0.5665024630541872,70.78817733990147,70.78817733990147,68.76847290640393,False,11.48334236485026,0.4236453201970443,42.364532019704434,87.43718592964824,87.37373737373737,0.87,0.89,67.65348484848485,67.65348484848485,36.45320197044335,20.19704433497537,71.67487684729063,35.467980295566505,50.0,70.78817733990147,42.364532019704434,40.511954640645975,ranking_builder_v8_return_prob_tech_regime,False,False,False,False,False,False,False,False,False,False,False,False,0,2.7303659114953542,0.15912957389369192,neutral_service_balanced,0.24,0.24,0.32,0.32,0.26,0.26,0.18,0.18,0.65,0.0,0.0,53.79275361790195,53.79275361790195,1.0,False,False,1.0,False,53.79275361790195,37,v2,0.0,best_weight_by_regime,neutral,0.0,1.0,53.79275361790195,53.79275361790195,0.0,53.79275361790195,0.0,0.0,,,,,,,,,,,,,,,,,False,False,,,,,False,,,,,0.0,False,53.79275361790195,23,37,final_score,53.79275361790195,37,37,9.722869113755033,22.65221674876847,11.014778325123153,12.177627272727273,0.0,0.0,0.0,0.0,-1.7747378424719804,22.65221674876847,11.014778325123153,9.722869113755033,12.177627272727273,0.0,0.0,0.0,-1.7747378424719804,55.56749146037393,Primary prediction score,22.65221674876847,Risk penalty,-1.7747378424719804,"요약: live_score 53.8 | live_score_source=final_score | regime=neutral | dominant_driver=ret (Primary prediction score 22.7) | top_positive_factor=Primary prediction score (22.7) | top_negative_factor=Risk penalty (-1.8)
핵심 driver: Primary prediction score (ret_score) contribution 22.7, score 70.8; Financial quality score (qual_score) contribution 12.2, score 67.7; Top-bucket probability score (prob_score) contribution 11.0, score 42.4
리스크 요인: top_negative_factor=Risk penalty (-1.8); risk_penalty 2.7
운영 상태: theme_overlay: disabled (operational config); confidence: 모델 메타 점수 (calibration 미완), score=NA, label=Experimental, live_score 비반영, research/reference 용도","{""base_score"": 53.8, ""theme_weight"": 0.0, ""weight_source"": ""best_weight_by_regime"", ""regime_applied"": ""neutral"", ""theme"": {""name"": ""(none)"", ""confidence"": 0.0, ""contribution"": 0.0}}",confidence_four_axis_v1,1.0,93.0,97.0,68.41713319022334,59.09488190279134,82.96851558297453,76.38582965664762,76.38582965664762,High,High,High,High,data maturity is strong,"Confidence score is 76.4 (High). data_maturity_score=93.0, model_reliability_score=97.0, signal_agreement_score=68.4, regime_fitness_score=59.1. Reason: data maturity is strong.",60일 기대수익 상위권와 변동성 관리 양호이 추천 점수를 견인했습니다. 거래 유동성 부족 요인은 함께 점검이 필요합니다.,60일 기대수익 상위권 / 변동성 관리 양호 / 재무 품질 양호,거래 유동성 부족 / 추세 탄력 약함,신뢰도 High: data maturity is strong,현재 neutral 체계로 균형형 가중치가 적용됐습니다.,high_ret_score,strong_safety_profile,strong_quality_profile,low_liquidity_score,weak_tech_score,60일 기대수익 상위권,변동성 관리 양호,재무 품질 양호,거래 유동성 부족,추세 탄력 약함,추가 확인 후 판단,"{""drivers"": [""high_ret_score"", ""strong_safety_profile"", ""strong_quality_profile""], ""driver_texts"": [""60일 기대수익 상위권"", ""변동성 관리 양호"", ""재무 품질 양호""], ""drags"": [""low_liquidity_score"", ""weak_tech_score""], ""drag_texts"": [""거래 유동성 부족"", ""추세 탄력 약함""], ""confidence_label"": ""High"", ""confidence_reason"": ""data maturity is strong"", ""regime"": ""neutral"", ""weight_profile"": ""neutral_service_balanced"", ""regime_reason"": ""met_conditions=close_gt_ma20,ma20_gt_ma60,recent_20d_return_gt_0.03; true_count=3; breadth_20d=0.527; recent_20d_return=0.0468; ma60=5370.97; volatility_risk_flag=True"", ""action_note"": ""추가 확인 후 판단"", ""component_snapshot"": {""ret_score"": 70.79, ""prob_score"": 42.36, ""qual_score"": 67.65, ""tech_score"": 40.51, ""valuation_score"": 50.0, ""risk_penalty"": 2.73, ""live_score"": 53.79, ""final_score"": 53.79, ""confidence_score"": 76.39, ""live_rank"": 37.0, ""live_score_source"": ""final_score""}}",37,2026-04-09 11:17:11,
2026-04-08,005385,0.2685634058318684,0.234048742319741,-0.2307723200502935,-0.2411161222837105,0.3213328968420806,0.0380011644519836,0.0,249000.0,,,,,0.0385688183760905,0.0471227010625223,100269.9,128025.0,-0.0674157303370787,-0.0142517814726841,48.37967453616437,1.2768039062570125,238700.0,252600.0,263500.0,0.0080971659919029,-0.0292397660818714,현대차우,KOSPI,자동차/모빌리티,,,,0.0,0.0,,0.0,,0.3,mapping_missing,0.0,False,False,2026-04-08,5872.34,5523.437,0.0407581147205317,-8114.961149999988,neutral,"met_conditions=close_gt_ma20,ma20_gt_ma60,recent_20d_return_gt_0.03; true_count=3; breadth_20d=0.527; recent_20d_return=0.0468; ma60=5370.97; volatility_risk_flag=True",-0.0142517814726841,15.0,27.69704433497537,0.0080971659919029,-0.0292397660818714,-0.0674157303370787,76.75934907232875,52.07161066709696,0.0385688183760905,0.0471227010625223,65.02463054187191,100269.9,128025.0,32.67651888341543,11.822660098522167,0.9,39.99652287737692,feature_v1,85.22167487684729,0.8522167487684729,0.8522167487684729,73.89162561576354,0.7389162561576355,0.7389162561576355,81.82266009852216,81.82266009852216,80.6896551724138,False,32.13328968420806,0.9261083743842364,92.61083743842364,,,,,,0.0,32.01970443349754,37.93103448275862,65.02463054187191,11.822660098522167,50.0,81.82266009852216,92.61083743842364,39.99652287737692,ranking_builder_v8_return_prob_tech_regime,False,True,False,False,False,False,False,False,True,False,False,False,1,10.189180913239234,0.2349098409436603,neutral_service_balanced,0.24,0.24,0.32,0.32,0.26,0.26,0.18,0.18,0.65,0.0,0.0,53.2382668624822,53.2382668624822,1.0,False,False,1.0,False,53.2382668624822,38,v2,0.0,best_weight_by_regime,neutral,0.0,1.0,53.2382668624822,53.2382668624822,0.0,53.2382668624822,0.0,0.0,,,,,,,,,,,,,,,,,False,False,,,,,False,,,,,6.0,True,47.2382668624822,44,38,final_score,53.2382668624822,38,38,9.59916549057046,26.183251231527095,24.07881773399015,0.0,0.0,0.0,0.0,0.0,-6.622967593605503,26.183251231527095,24.07881773399015,9.59916549057046,0.0,0.0,0.0,0.0,-6.622967593605503,59.8612344560877,Primary prediction score,26.183251231527095,Risk penalty,-6.622967593605503,"요약: live_score 53.2 | live_score_source=final_score | regime=neutral | dominant_driver=ret (Primary prediction score 26.2) | top_positive_factor=Primary prediction score (26.2) | top_negative_factor=Risk penalty (-6.6)
핵심 driver: Primary prediction score (ret_score) contribution 26.2, score 81.8; Top-bucket probability score (prob_score) contribution 24.1, score 92.6; Tech flow score (tech_score) contribution 9.6, score 40.0
리스크 요인: top_negative_factor=Risk penalty (-6.6); risk_penalty 10.2
운영 상태: theme_overlay: disabled (operational config); confidence: 모델 메타 점수 (calibration 미완), score=NA, label=Experimental, live_score 비반영, research/reference 용도","{""base_score"": 53.2, ""theme_weight"": 0.0, ""weight_source"": ""best_weight_by_regime"", ""regime_applied"": ""neutral"", ""theme"": {""name"": ""(none)"", ""confidence"": 0.0, ""contribution"": 0.0}}",confidence_four_axis_v1,0.8571428571428571,67.21428571428572,95.5,43.466748768472904,58.343463112790445,68.4324923733225,55.941106415661544,55.941106415661544,Medium,Medium,Medium,Medium,fallback_count=1; core signals disagree,"Confidence score is 55.9 (Medium). data_maturity_score=67.2, model_reliability_score=95.5, signal_agreement_score=43.5, regime_fitness_score=58.3. Reason: fallback_count=1; core signals disagree.",상위권 진입 확률 우수와 60일 기대수익 상위권이 추천 점수를 견인했습니다. 신호 신뢰도 낮음 요인은 함께 점검이 필요합니다.,상위권 진입 확률 우수 / 60일 기대수익 상위권 / 변동성 관리 양호,신호 신뢰도 낮음 / 재무 품질 보완 필요,신뢰도 Medium: fallback_count=1; core signals disagree,현재 neutral 체계로 균형형 가중치가 적용됐습니다.,high_probability_score,high_ret_score,strong_safety_profile,low_confidence,weak_quality_score,상위권 진입 확률 우수,60일 기대수익 상위권,변동성 관리 양호,신호 신뢰도 낮음,재무 품질 보완 필요,보수적 접근 권장,"{""drivers"": [""high_probability_score"", ""high_ret_score"", ""strong_safety_profile""], ""driver_texts"": [""상위권 진입 확률 우수"", ""60일 기대수익 상위권"", ""변동성 관리 양호""], ""drags"": [""low_confidence"", ""weak_quality_score""], ""drag_texts"": [""신호 신뢰도 낮음"", ""재무 품질 보완 필요""], ""confidence_label"": ""Medium"", ""confidence_reason"": ""fallback_count=1; core signals disagree"", ""regime"": ""neutral"", ""weight_profile"": ""neutral_service_balanced"", ""regime_reason"": ""met_conditions=close_gt_ma20,ma20_gt_ma60,recent_20d_return_gt_0.03; true_count=3; breadth_20d=0.527; recent_20d_return=0.0468; ma60=5370.97; volatility_risk_flag=True"", ""action_note"": ""보수적 접근 권장"", ""component_snapshot"": {""ret_score"": 81.82, ""prob_score"": 92.61, ""qual_score"": 0.0, ""tech_score"": 40.0, ""valuation_score"": 50.0, ""risk_penalty"": 10.19, ""live_score"": 53.24, ""final_score"": 53.24, ""confidence_score"": 55.94, ""live_rank"": 38.0, ""live_score_source"": ""final_score""}}",38,2026-04-09 11:17:11,
2026-04-08,214150,-0.0384498704247652,0.0777856487057204,-0.2587249711063719,-0.2681602464745239,0.2056428741826256,0.288186140152558,0.0,52800.0,96.98492462311556,5,0.0,100.0,0.0348306608443124,0.0445483015070653,188650.9,262766.0,-0.0347349177330895,0.0018975332068311,46.747016327052044,1.3928690507174892,51960.0,52700.0,59467.5,-0.0329670329670329,-0.0185873605947954,클래시스,KOSDAQ,건강관리장비와용품,,,바이오,12.1875,0.3258811131386861,12.1875,12.1875,12.1875,0.3,,3.971676066377737,True,False,2026-04-08,5872.34,5523.437,0.0407581147205317,-8114.961149999988,neutral,"met_conditions=close_gt_ma20,ma20_gt_ma60,recent_20d_return_gt_0.03; true_count=3; breadth_20d=0.527; recent_20d_return=0.0468; ma60=5370.97; volatility_risk_flag=True",0.0018975332068311,55.0,51.63793103448276,-0.0329670329670329,-0.0185873605947954,-0.0347349177330895,73.49403265410409,50.023754468944745,0.0348306608443124,0.0445483015070653,72.90640394088669,188650.9,262766.0,49.26108374384237,27.093596059113302,1.0,54.97013672422918,feature_v1,29.064039408866993,0.29064039408866993,0.29064039408866993,52.70935960591133,0.5270935960591133,0.5270935960591133,36.15763546798029,36.15763546798029,38.522167487684726,False,20.564287418262563,0.7536945812807881,75.36945812807882,96.98492462311556,96.96969696969697,1.0,1.0,96.96969696969697,96.96969696969697,23.15270935960591,31.03448275862069,72.90640394088669,27.093596059113302,50.0,36.15763546798029,75.36945812807882,54.97013672422918,ranking_builder_v8_return_prob_tech_regime,False,False,False,False,False,False,False,False,False,False,False,False,0,13.499889750435923,0.2624990812536327,neutral_service_balanced,0.24,0.24,0.32,0.32,0.26,0.26,0.18,0.18,0.65,0.0,0.0,53.03895239363129,53.03895239363129,1.0,False,False,1.0,False,53.03895239363129,39,v2,0.0,best_weight_by_regime,neutral,0.0,1.0,53.03895239363129,53.03895239363129,0.0,53.03895239363129,0.0,0.0,,,,,,,,,,,,,,,,,False,False,,,,,False,,,,,4.0,True,49.03895239363129,38,39,final_score,53.03895239363129,39,39,13.192832813815002,11.570443349753694,19.596059113300495,17.454545454545453,0.0,0.0,0.0,0.0,-8.77492833778335,11.570443349753694,19.596059113300495,13.192832813815002,17.454545454545453,0.0,0.0,0.0,-8.77492833778335,61.81388073141464,Top-bucket probability score,19.596059113300495,Risk penalty,-8.77492833778335,"요약: live_score 53.0 | live_score_source=final_score | regime=neutral | dominant_driver=prob (Top-bucket probability score 19.6) | top_positive_factor=Top-bucket probability score (19.6) | top_negative_factor=Risk penalty (-8.8)
핵심 driver: Top-bucket probability score (prob_score) contribution 19.6, score 75.4; Financial quality score (qual_score) contribution 17.5, score 97.0; Tech flow score (tech_score) contribution 13.2, score 55.0
리스크 요인: top_negative_factor=Risk penalty (-8.8); risk_penalty 13.5
운영 상태: theme_overlay: disabled (operational config); confidence: 모델 메타 점수 (calibration 미완), score=NA, label=Experimental, live_score 비반영, research/reference 용도","{""base_score"": 53.0, ""theme_weight"": 0.0, ""weight_source"": ""best_weight_by_regime"", ""regime_applied"": ""neutral"", ""theme"": {""name"": ""바이오"", ""confidence"": 0.33, ""contribution"": 0.0}}",confidence_four_axis_v1,1.0,100.0,97.0,59.25638154948499,57.722060241480136,82.57240442359327,75.24696466809003,75.24696466809003,High,High,High,High,data maturity is strong,"Confidence score is 75.2 (High). data_maturity_score=100.0, model_reliability_score=97.0, signal_agreement_score=59.3, regime_fitness_score=57.7. Reason: data maturity is strong.",재무 품질 양호와 상위권 진입 확률 우수이 추천 점수를 견인했습니다. 예상 손실 폭 부담 큼 요인은 함께 점검이 필요합니다.,재무 품질 양호 / 상위권 진입 확률 우수 / 변동성 관리 양호,예상 손실 폭 부담 큼 / 거래 유동성 부족,신뢰도 High: data maturity is strong,현재 neutral 체계로 균형형 가중치가 적용됐습니다.,strong_quality_profile,high_probability_score,strong_safety_profile,very_high_risk_penalty,low_liquidity_score,재무 품질 양호,상위권 진입 확률 우수,변동성 관리 양호,예상 손실 폭 부담 큼,거래 유동성 부족,보수적 접근 권장,"{""drivers"": [""strong_quality_profile"", ""high_probability_score"", ""strong_safety_profile""], ""driver_texts"": [""재무 품질 양호"", ""상위권 진입 확률 우수"", ""변동성 관리 양호""], ""drags"": [""very_high_risk_penalty"", ""low_liquidity_score""], ""drag_texts"": [""예상 손실 폭 부담 큼"", ""거래 유동성 부족""], ""confidence_label"": ""High"", ""confidence_reason"": ""data maturity is strong"", ""regime"": ""neutral"", ""weight_profile"": ""neutral_service_balanced"", ""regime_reason"": ""met_conditions=close_gt_ma20,ma20_gt_ma60,recent_20d_return_gt_0.03; true_count=3; breadth_20d=0.527; recent_20d_return=0.0468; ma60=5370.97; volatility_risk_flag=True"", ""action_note"": ""보수적 접근 권장"", ""component_snapshot"": {""ret_score"": 36.16, ""prob_score"": 75.37, ""qual_score"": 96.97, ""tech_score"": 54.97, ""valuation_score"": 50.0, ""risk_penalty"": 13.5, ""live_score"": 53.04, ""final_score"": 53.04, ""confidence_score"": 75.25, ""live_rank"": 39.0, ""live_score_source"": ""final_score""}}",39,2026-04-09 11:17:11,
2026-04-08,397030,0.846449304762217,0.6216182553714413,-0.306505814738475,-0.4422071004081366,0.5611592712127245,0.5752319468876979,0.0,52100.0,12.060301507537687,5,0.0,100.0,0.0513405110300806,0.0691611255658436,295330.1,219917.0,-0.1583198707592892,-0.1233383812889112,41.11780282062436,0.7446481073212653,51100.0,59430.0,59715.833333333336,-0.076241134751773,-0.1650641025641025,에이프릴바이오,KOSDAQ,바이오/제약,,,,0.0,0.0,,0.0,,0.3,mapping_missing,0.0,False,False,2026-04-08,5872.34,5523.437,0.0407581147205317,-8114.961149999988,neutral,"met_conditions=close_gt_ma20,ma20_gt_ma60,recent_20d_return_gt_0.03; true_count=3; breadth_20d=0.527; recent_20d_return=0.0468; ma60=5370.97; volatility_risk_flag=True",-0.1233383812889112,15.0,11.44088669950739,-0.076241134751773,-0.1650641025641025,-0.1583198707592892,62.235605641248725,23.317522099967356,0.0513405110300806,0.0691611255658436,23.152709359605907,295330.1,219917.0,28.89983579638752,40.88669950738916,1.0,20.5589159862201,feature_v1,100.0,1.0,1.0,92.61083743842364,0.9261083743842364,0.9261083743842364,97.78325123152709,97.78325123152709,97.04433497536945,False,56.11592712127245,1.0,100.0,12.060301507537687,12.121212121212121,1.0,1.0,12.121212121212121,12.121212121212121,68.4729064039409,85.22167487684729,23.152709359605907,40.88669950738916,50.0,97.78325123152709,100.0,20.5589159862201,ranking_builder_v8_return_prob_tech_regime,False,False,False,False,False,False,False,False,False,False,False,False,0,18.0,0.36078632900633967,neutral_service_balanced,0.24,0.24,0.32,0.32,0.26,0.26,0.18,0.18,0.65,0.0,0.0,52.706598412599675,52.706598412599675,1.0,False,False,1.0,False,52.706598412599675,40,v2,0.0,best_weight_by_regime,neutral,0.0,1.0,52.706598412599675,52.706598412599675,0.0,52.706598412599675,0.0,0.0,,,,,,,,,,,,,,,,,False,False,,,,,False,,,,,10.0,True,42.706598412599675,66,40,final_score,52.706598412599675,40,40,4.9341398366928235,31.29064039408867,26.0,2.1818181818181817,0.0,0.0,0.0,0.0,-11.700000000000001,31.29064039408867,26.0,4.9341398366928235,2.1818181818181817,0.0,0.0,0.0,-11.700000000000001,64.40659841259968,Primary prediction score,31.29064039408867,Risk penalty,-11.700000000000001,"요약: live_score 52.7 | live_score_source=final_score | regime=neutral | dominant_driver=ret (Primary prediction score 31.3) | top_positive_factor=Primary prediction score (31.3) | top_negative_factor=Risk penalty (-11.7)
핵심 driver: Primary prediction score (ret_score) contribution 31.3, score 97.8; Top-bucket probability score (prob_score) contribution 26.0, score 100.0; Tech flow score (tech_score) contribution 4.9, score 20.6
리스크 요인: top_negative_factor=Risk penalty (-11.7); risk_penalty 18.0
운영 상태: theme_overlay: disabled (operational config); confidence: 모델 메타 점수 (calibration 미완), score=NA, label=Experimental, live_score 비반영, research/reference 용도","{""base_score"": 52.7, ""theme_weight"": 0.0, ""weight_source"": ""best_weight_by_regime"", ""regime_applied"": ""neutral"", ""theme"": {""name"": ""(none)"", ""confidence"": 0.0, ""contribution"": 0.0}}",confidence_four_axis_v1,1.0,100.0,97.0,38.63636363636363,57.43048748146555,77.37366403131074,66.94064295083857,66.94064295083857,Medium,Medium,Medium,Medium,core signals disagree,"Confidence score is 66.9 (Medium). data_maturity_score=100.0, model_reliability_score=97.0, signal_agreement_score=38.6, regime_fitness_score=57.4. Reason: core signals disagree.",60일 기대수익 상위권와 상위권 진입 확률 우수이 추천 점수를 견인했습니다. 재무 품질 보완 필요 요인은 함께 점검이 필요합니다.,60일 기대수익 상위권 / 상위권 진입 확률 우수,재무 품질 보완 필요 / 추세 탄력 약함,신뢰도 Medium: core signals disagree,현재 neutral 체계로 균형형 가중치가 적용됐습니다.,high_ret_score,high_probability_score,,weak_quality_score,weak_tech_score,60일 기대수익 상위권,상위권 진입 확률 우수,,재무 품질 보완 필요,추세 탄력 약함,추가 확인 후 판단,"{""drivers"": [""high_ret_score"", ""high_probability_score""], ""driver_texts"": [""60일 기대수익 상위권"", ""상위권 진입 확률 우수""], ""drags"": [""weak_quality_score"", ""weak_tech_score""], ""drag_texts"": [""재무 품질 보완 필요"", ""추세 탄력 약함""], ""confidence_label"": ""Medium"", ""confidence_reason"": ""core signals disagree"", ""regime"": ""neutral"", ""weight_profile"": ""neutral_service_balanced"", ""regime_reason"": ""met_conditions=close_gt_ma20,ma20_gt_ma60,recent_20d_return_gt_0.03; true_count=3; breadth_20d=0.527; recent_20d_return=0.0468; ma60=5370.97; volatility_risk_flag=True"", ""action_note"": ""추가 확인 후 판단"", ""component_snapshot"": {""ret_score"": 97.78, ""prob_score"": 100.0, ""qual_score"": 12.12, ""tech_score"": 20.56, ""valuation_score"": 50.0, ""risk_penalty"": 18.0, ""live_score"": 52.71, ""final_score"": 52.71, ""confidence_score"": 66.94, ""live_rank"": 40.0, ""live_score_source"": ""final_score""}}",40,2026-04-09 11:17:11,
2026-04-08,424870,0.2819317567622825,0.5717006253207655,-0.2357597637570654,-0.2621944450138948,0.3177052068393614,0.3246803498384469,0.0,7340.0,3.5175879396984926,5,0.0,100.0,0.0621660045185595,0.0484018243101066,812100.85,290978.0,-0.0426503195513238,-0.0977314214417859,42.014371437371,0.3583027896104283,7524.0,8135.05,8938.516666666666,-0.1339233038348082,-0.0862691397983318,이뮨온시아,KOSDAQ,제약,,,바이오,22.265625,0.4333811131386861,22.265625,22.265625,22.265625,0.3,,9.649501347228558,True,False,2026-04-08,5872.34,5523.437,0.0407581147205317,-8114.961149999988,neutral,"met_conditions=close_gt_ma20,ma20_gt_ma60,recent_20d_return_gt_0.03; true_count=3; breadth_20d=0.527; recent_20d_return=0.0468; ma60=5370.97; volatility_risk_flag=True",-0.0977314214417859,15.0,12.91871921182266,-0.1339233038348082,-0.0862691397983318,-0.0426503195513238,64.028742874742,33.61802315710914,0.0621660045185595,0.0484018243101066,35.221674876847295,812100.85,290978.0,41.05090311986863,76.84729064039408,1.0,28.843894311884753,feature_v1,85.71428571428571,0.8571428571428571,0.8571428571428571,92.11822660098522,0.9211822660098522,0.9211822660098522,87.63546798029556,87.63546798029556,88.27586206896552,False,31.770520683936137,0.916256157635468,91.62561576354679,3.5175879396984926,3.535353535353535,1.0,1.0,3.535353535353535,3.535353535353535,86.20689655172413,43.34975369458128,35.221674876847295,76.84729064039408,50.0,87.63546798029556,91.62561576354679,28.843894311884753,ranking_builder_v8_return_prob_tech_regime,False,False,False,False,False,False,False,False,False,False,False,False,0,11.560036351175658,0.24633363625979715,neutral_service_balanced,0.24,0.24,0.32,0.32,0.26,0.26,0.18,0.18,0.65,0.0,0.0,51.910884495168546,51.910884495168546,1.0,False,False,1.0,False,51.910884495168546,41,v2,0.0,best_weight_by_regime,neutral,0.0,1.0,51.910884495168546,51.910884495168546,0.0,51.910884495168546,0.0,0.0,,,,,,,,,,,,,,,,,False,False,,,,,False,,,,,6.0,True,45.910884495168546,49,41,final_score,51.910884495168546,41,41,6.92253463485234,28.043349753694578,23.822660098522167,0.6363636363636362,0.0,0.0,0.0,0.0,-7.5140236282641775,28.043349753694578,23.822660098522167,6.92253463485234,0.6363636363636362,0.0,0.0,0.0,-7.5140236282641775,59.42490812343272,Primary prediction score,28.043349753694578,Risk penalty,-7.5140236282641775,"요약: live_score 51.9 | live_score_source=final_score | regime=neutral | dominant_driver=ret (Primary prediction score 28.0) | top_positive_factor=Primary prediction score (28.0) | top_negative_factor=Risk penalty (-7.5)
핵심 driver: Primary prediction score (ret_score) contribution 28.0, score 87.6; Top-bucket probability score (prob_score) contribution 23.8, score 91.6; Tech flow score (tech_score) contribution 6.9, score 28.8
리스크 요인: top_negative_factor=Risk penalty (-7.5); risk_penalty 11.6
운영 상태: theme_overlay: disabled (operational config); confidence: 모델 메타 점수 (calibration 미완), score=NA, label=Experimental, live_score 비반영, research/reference 용도","{""base_score"": 51.9, ""theme_weight"": 0.0, ""weight_source"": ""best_weight_by_regime"", ""regime_applied"": ""neutral"", ""theme"": {""name"": ""바이오"", ""confidence"": 0.43, ""contribution"": 0.0}}",confidence_four_axis_v1,1.0,100.0,97.0,38.57292133154202,57.15582334498373,77.31660383463306,66.86033320161356,66.86033320161356,Medium,Medium,Medium,Medium,core signals disagree,"Confidence score is 66.9 (Medium). data_maturity_score=100.0, model_reliability_score=97.0, signal_agreement_score=38.6, regime_fitness_score=57.2. Reason: core signals disagree.",60일 기대수익 상위권와 상위권 진입 확률 우수이 추천 점수를 견인했습니다. 재무 품질 보완 필요 요인은 함께 점검이 필요합니다.,60일 기대수익 상위권 / 상위권 진입 확률 우수 / 거래 유동성 양호,재무 품질 보완 필요 / 최근 변동성 확대 주의,신뢰도 Medium: core signals disagree,현재 neutral 체계로 균형형 가중치가 적용됐습니다.,high_ret_score,high_probability_score,healthy_liquidity_profile,weak_quality_score,elevated_risk_penalty,60일 기대수익 상위권,상위권 진입 확률 우수,거래 유동성 양호,재무 품질 보완 필요,최근 변동성 확대 주의,추가 확인 후 판단,"{""drivers"": [""high_ret_score"", ""high_probability_score"", ""healthy_liquidity_profile""], ""driver_texts"": [""60일 기대수익 상위권"", ""상위권 진입 확률 우수"", ""거래 유동성 양호""], ""drags"": [""weak_quality_score"", ""elevated_risk_penalty""], ""drag_texts"": [""재무 품질 보완 필요"", ""최근 변동성 확대 주의""], ""confidence_label"": ""Medium"", ""confidence_reason"": ""core signals disagree"", ""regime"": ""neutral"", ""weight_profile"": ""neutral_service_balanced"", ""regime_reason"": ""met_conditions=close_gt_ma20,ma20_gt_ma60,recent_20d_return_gt_0.03; true_count=3; breadth_20d=0.527; recent_20d_return=0.0468; ma60=5370.97; volatility_risk_flag=True"", ""action_note"": ""추가 확인 후 판단"", ""component_snapshot"": {""ret_score"": 87.64, ""prob_score"": 91.63, ""qual_score"": 3.54, ""tech_score"": 28.84, ""valuation_score"": 50.0, ""risk_penalty"": 11.56, ""live_score"": 51.91, ""final_score"": 51.91, ""confidence_score"": 66.86, ""live_rank"": 41.0, ""live_score_source"": ""final_score""}}",41,2026-04-09 11:17:11,
2026-04-08,183300,-0.0204199448154988,0.1105378165586672,-0.2341474465064277,-0.2387960143450143,0.1615365475806502,0.1120260924395954,0.0,118600.0,78.89447236180904,5,0.0,100.0,0.0446194711611035,0.0540013919344168,113563.2,139261.0,0.0900735294117647,0.0438762487347621,55.80627852527705,1.226286332192119,114360.0,113615.0,108951.66666666669,0.0008438818565401,0.0224137931034482,코미코,KOSDAQ,반도체,,,반도체장비,29.7,0.4307412001656978,29.7,29.7,29.7,0.3,,12.793013644921224,True,False,2026-04-08,5872.34,5523.437,0.0407581147205317,-8114.961149999988,neutral,"met_conditions=close_gt_ma20,ma20_gt_ma60,recent_20d_return_gt_0.03; true_count=3; breadth_20d=0.527; recent_20d_return=0.0468; ma60=5370.97; volatility_risk_flag=True",0.0438762487347621,100.0,87.19211822660098,0.0008438818565401,0.0224137931034482,0.0900735294117647,91.6125570505541,75.24304074047103,0.0446194711611035,0.0540013919344168,45.812807881773395,113563.2,139261.0,33.16912972085385,13.30049261083744,0.9,59.96756768546511,feature_v1,34.97536945812808,0.3497536945812808,0.3497536945812808,55.66502463054187,0.5566502463054187,0.5566502463054187,41.18226600985221,41.18226600985221,43.251231527093594,False,16.15365475806502,0.645320197044335,64.5320197044335,78.89447236180904,78.78787878787878,1.0,1.0,78.78787878787878,78.78787878787878,51.724137931034484,56.65024630541872,45.812807881773395,13.30049261083744,50.0,41.18226600985221,64.5320197044335,59.96756768546511,ranking_builder_v8_return_prob_tech_regime,False,False,False,False,False,False,False,False,False,False,False,False,0,10.32082483702348,0.23600687364186235,neutral_service_balanced,0.24,0.24,0.32,0.32,0.26,0.26,0.18,0.18,0.65,0.0,0.0,51.82214852856996,51.82214852856996,1.0,False,False,1.0,False,51.82214852856996,42,v2,0.0,best_weight_by_regime,neutral,0.0,1.0,51.82214852856996,51.82214852856996,0.0,51.82214852856996,0.0,0.0,,,,,,,,,,,,,,,,,False,False,,,,,False,,,,,0.0,False,51.82214852856996,29,42,final_score,51.82214852856996,42,42,14.392216244511626,13.178325123152709,16.778325123152708,14.18181818181818,0.0,0.0,0.0,0.0,-6.708536144065262,13.178325123152709,16.778325123152708,14.392216244511626,14.18181818181818,0.0,0.0,0.0,-6.708536144065262,58.530684672635225,Top-bucket probability score,16.778325123152708,Risk penalty,-6.708536144065262,"요약: live_score 51.8 | live_score_source=final_score | regime=neutral | dominant_driver=prob (Top-bucket probability score 16.8) | top_positive_factor=Top-bucket probability score (16.8) | top_negative_factor=Risk penalty (-6.7)
핵심 driver: Top-bucket probability score (prob_score) contribution 16.8, score 64.5; Tech flow score (tech_score) contribution 14.4, score 60.0; Financial quality score (qual_score) contribution 14.2, score 78.8
리스크 요인: top_negative_factor=Risk penalty (-6.7); risk_penalty 10.3
운영 상태: theme_overlay: disabled (operational config); confidence: 모델 메타 점수 (calibration 미완), score=NA, label=Experimental, live_score 비반영, research/reference 용도","{""base_score"": 51.8, ""theme_weight"": 0.0, ""weight_source"": ""best_weight_by_regime"", ""regime_applied"": ""neutral"", ""theme"": {""name"": ""반도체장비"", ""confidence"": 0.43, ""contribution"": 0.0}}",confidence_four_axis_v1,1.0,100.0,95.5,66.21831616659203,56.737743463627304,83.7152405611921,77.83487515936227,77.83487515936227,High,High,High,High,data maturity is strong,"Confidence score is 77.8 (High). data_maturity_score=100.0, model_reliability_score=95.5, signal_agreement_score=66.2, regime_fitness_score=56.7. Reason: data maturity is strong.",재무 품질 양호이 추천 점수를 견인했습니다. 거래 유동성 부족 요인은 함께 점검이 필요합니다.,재무 품질 양호,거래 유동성 부족 / 최근 변동성 확대 주의,신뢰도 High: data maturity is strong,현재 neutral 체계로 균형형 가중치가 적용됐습니다.,strong_quality_profile,,,low_liquidity_score,elevated_risk_penalty,재무 품질 양호,,,거래 유동성 부족,최근 변동성 확대 주의,추가 확인 후 판단,"{""drivers"": [""strong_quality_profile""], ""driver_texts"": [""재무 품질 양호""], ""drags"": [""low_liquidity_score"", ""elevated_risk_penalty""], ""drag_texts"": [""거래 유동성 부족"", ""최근 변동성 확대 주의""], ""confidence_label"": ""High"", ""confidence_reason"": ""data maturity is strong"", ""regime"": ""neutral"", ""weight_profile"": ""neutral_service_balanced"", ""regime_reason"": ""met_conditions=close_gt_ma20,ma20_gt_ma60,recent_20d_return_gt_0.03; true_count=3; breadth_20d=0.527; recent_20d_return=0.0468; ma60=5370.97; volatility_risk_flag=True"", ""action_note"": ""추가 확인 후 판단"", ""component_snapshot"": {""ret_score"": 41.18, ""prob_score"": 64.53, ""qual_score"": 78.79, ""tech_score"": 59.97, ""valuation_score"": 50.0, ""risk_penalty"": 10.32, ""live_score"": 51.82, ""final_score"": 51.82, ""confidence_score"": 77.83, ""live_rank"": 42.0, ""live_score_source"": ""final_score""}}",42,2026-04-09 11:17:11,
2026-04-08,352820,0.2333908197031167,0.3235462378153657,-0.2320826093380653,-0.2428020541744956,0.2300503777619326,0.0658826195752543,0.0,260500.0,37.68844221105528,3,0.4,75.0,0.04431504850615,0.0366386500472315,360651.15,467987.0,-0.263083451202263,-0.1615031785628068,27.88454461660426,1.297616824457651,265200.0,310675.0,348108.3333333333,-0.1001727115716752,-0.1444991789819376,하이브,KOSPI,방송과엔터테인먼트,,,,0.0,0.0,,0.0,,0.3,mapping_missing,0.0,False,False,2026-04-08,5872.34,5523.437,0.0407581147205317,-8114.961149999988,neutral,"met_conditions=close_gt_ma20,ma20_gt_ma60,recent_20d_return_gt_0.03; true_count=3; breadth_20d=0.527; recent_20d_return=0.0468; ma60=5370.97; volatility_risk_flag=True",-0.1615031785628068,15.0,9.963054187192117,-0.1001727115716752,-0.1444991789819376,-0.263083451202263,35.76908923320852,14.237838810765183,0.04431504850615,0.0366386500472315,65.27093596059113,360651.15,467987.0,61.904761904761905,50.24630541871922,1.0,30.312061317757962,feature_v1,81.77339901477832,0.8177339901477833,0.8177339901477833,83.2512315270936,0.8325123152709359,0.8325123152709359,82.2167487684729,82.2167487684729,82.36453201970443,False,23.00503777619326,0.7881773399014779,78.81773399014779,37.68844221105528,37.878787878787875,0.8375,0.78,24.744318181818183,24.744318181818183,50.73891625615764,18.7192118226601,65.27093596059113,50.24630541871922,50.0,82.2167487684729,78.81773399014779,30.312061317757962,ranking_builder_v8_return_prob_tech_regime,False,False,False,False,False,False,False,False,False,False,False,False,0,10.364446472716487,0.2363703872726374,neutral_service_balanced,0.24,0.24,0.32,0.32,0.26,0.26,0.18,0.18,0.65,0.0,0.0,51.79395222507322,51.79395222507322,1.0,False,False,1.0,False,51.79395222507322,43,v2,0.0,best_weight_by_regime,neutral,0.0,1.0,51.79395222507322,51.79395222507322,0.0,51.79395222507322,0.0,0.0,,,,,,,,,,,,,,,,,False,False,,,,,False,,,,,0.0,False,51.79395222507322,30,43,final_score,51.79395222507322,43,43,7.274894716261911,26.30935960591133,20.492610837438423,4.453977272727273,0.0,0.0,0.0,0.0,-6.736890207265717,26.30935960591133,20.492610837438423,7.274894716261911,4.453977272727273,0.0,0.0,0.0,-6.736890207265717,58.53084243233893,Primary prediction score,26.30935960591133,Risk penalty,-6.736890207265717,"요약: live_score 51.8 | live_score_source=final_score | regime=neutral | dominant_driver=ret (Primary prediction score 26.3) | top_positive_factor=Primary prediction score (26.3) | top_negative_factor=Risk penalty (-6.7)
핵심 driver: Primary prediction score (ret_score) contribution 26.3, score 82.2; Top-bucket probability score (prob_score) contribution 20.5, score 78.8; Tech flow score (tech_score) contribution 7.3, score 30.3
리스크 요인: top_negative_factor=Risk penalty (-6.7); risk_penalty 10.4
운영 상태: theme_overlay: disabled (operational config); confidence: 모델 메타 점수 (calibration 미완), score=NA, label=Experimental, live_score 비반영, research/reference 용도","{""base_score"": 51.8, ""theme_weight"": 0.0, ""weight_source"": ""best_weight_by_regime"", ""regime_applied"": ""neutral"", ""theme"": {""name"": ""(none)"", ""confidence"": 0.0, ""contribution"": 0.0}}",confidence_four_axis_v1,1.0,91.25,97.0,47.75827082400358,57.0488180036394,76.9718904065468,67.01307193032932,67.01307193032932,Medium,Medium,Medium,Medium,core signals disagree,"Confidence score is 67.0 (Medium). data_maturity_score=91.2, model_reliability_score=97.0, signal_agreement_score=47.8, regime_fitness_score=57.0. Reason: core signals disagree.",60일 기대수익 상위권와 상위권 진입 확률 우수이 추천 점수를 견인했습니다. 재무 품질 보완 필요 요인은 함께 점검이 필요합니다.,60일 기대수익 상위권 / 상위권 진입 확률 우수 / 변동성 관리 양호,재무 품질 보완 필요 / 최근 변동성 확대 주의,신뢰도 Medium: core signals disagree,현재 neutral 체계로 균형형 가중치가 적용됐습니다.,high_ret_score,high_probability_score,strong_safety_profile,weak_quality_score,elevated_risk_penalty,60일 기대수익 상위권,상위권 진입 확률 우수,변동성 관리 양호,재무 품질 보완 필요,최근 변동성 확대 주의,추가 확인 후 판단,"{""drivers"": [""high_ret_score"", ""high_probability_score"", ""strong_safety_profile""], ""driver_texts"": [""60일 기대수익 상위권"", ""상위권 진입 확률 우수"", ""변동성 관리 양호""], ""drags"": [""weak_quality_score"", ""elevated_risk_penalty""], ""drag_texts"": [""재무 품질 보완 필요"", ""최근 변동성 확대 주의""], ""confidence_label"": ""Medium"", ""confidence_reason"": ""core signals disagree"", ""regime"": ""neutral"", ""weight_profile"": ""neutral_service_balanced"", ""regime_reason"": ""met_conditions=close_gt_ma20,ma20_gt_ma60,recent_20d_return_gt_0.03; true_count=3; breadth_20d=0.527; recent_20d_return=0.0468; ma60=5370.97; volatility_risk_flag=True"", ""action_note"": ""추가 확인 후 판단"", ""component_snapshot"": {""ret_score"": 82.22, ""prob_score"": 78.82, ""qual_score"": 24.74, ""tech_score"": 30.31, ""valuation_score"": 50.0, ""risk_penalty"": 10.36, ""live_score"": 51.79, ""final_score"": 51.79, ""confidence_score"": 67.01, ""live_rank"": 43.0, ""live_score_source"": ""final_score""}}",43,2026-04-09 11:17:11,
2026-04-08,486990,0.5171109290019569,1.10626471326612,-0.2815107312069359,-0.3187303569782004,0.4077315293703829,0.6149097251386592,0.0,35050.0,0.5025125628140703,5,0.0,100.0,0.0718657893216284,0.0595244791157076,715845.0,228544.0,-0.0603217158176944,-0.1147872206086627,44.81568310515456,0.3192646452793551,34130.0,39595.0,40031.66666666666,0.0308823529411763,-0.1723730814639905,노타,KOSDAQ,IT서비스,,,Enterprise AI Software,75.33749999999999,0.6808691605839416,75.33749999999999,75.33749999999999,75.33749999999999,0.3,,51.2949803854927,True,False,2026-04-08,5872.34,5523.437,0.0407581147205317,-8114.961149999988,neutral,"met_conditions=close_gt_ma20,ma20_gt_ma60,recent_20d_return_gt_0.03; true_count=3; breadth_20d=0.527; recent_20d_return=0.0468; ma60=5370.97; volatility_risk_flag=True",-0.1147872206086627,15.0,11.687192118226601,0.0308823529411763,-0.1723730814639905,-0.0603217158176944,69.63136621030912,43.76252135553295,0.0718657893216284,0.0595244791157076,18.472906403940883,715845.0,228544.0,36.28899835796387,71.92118226600985,1.0,27.96097114438727,feature_v1,95.56650246305419,0.9556650246305419,0.9556650246305419,99.01477832512316,0.9901477832512315,0.9901477832512315,96.60098522167489,96.60098522167489,96.94581280788178,False,40.77315293703829,0.9655172413793104,96.55172413793103,0.5025125628140703,0.5050505050505051,1.0,1.0,0.5050505050505051,0.5050505050505051,94.58128078817734,68.4729064039409,18.472906403940883,71.92118226600985,50.0,96.60098522167489,96.55172413793103,27.96097114438727,ranking_builder_v8_return_prob_tech_regime,False,False,False,False,False,False,False,False,False,False,False,False,0,17.567829781853007,0.29639858151544174,neutral_service_balanced,0.24,0.24,0.32,0.32,0.26,0.26,0.18,0.18,0.65,0.0,0.0,51.39821635415562,51.39821635415562,1.0,False,False,1.0,False,51.39821635415562,44,v2,0.0,best_weight_by_regime,neutral,0.0,1.0,51.39821635415562,51.39821635415562,0.0,51.39821635415562,0.0,0.0,,,,,,,,,,,,,,,,,False,False,,,,,False,,,,,10.0,True,41.39821635415562,72,44,final_score,51.39821635415562,44,44,6.710633074652944,30.912315270935967,25.103448275862068,0.09090909090909091,0.0,0.0,0.0,0.0,-11.419089358204454,30.912315270935967,25.103448275862068,6.710633074652944,0.09090909090909091,0.0,0.0,0.0,-11.419089358204454,62.81730571236007,Primary prediction score,30.912315270935967,Risk penalty,-11.419089358204454,"요약: live_score 51.4 | live_score_source=final_score | regime=neutral | dominant_driver=ret (Primary prediction score 30.9) | top_positive_factor=Primary prediction score (30.9) | top_negative_factor=Risk penalty (-11.4)
핵심 driver: Primary prediction score (ret_score) contribution 30.9, score 96.6; Top-bucket probability score (prob_score) contribution 25.1, score 96.6; Tech flow score (tech_score) contribution 6.7, score 28.0
리스크 요인: top_negative_factor=Risk penalty (-11.4); risk_penalty 17.6
운영 상태: theme_overlay: disabled (operational config); confidence: 모델 메타 점수 (calibration 미완), score=NA, label=Experimental, live_score 비반영, research/reference 용도","{""base_score"": 51.4, ""theme_weight"": 0.0, ""weight_source"": ""best_weight_by_regime"", ""regime_applied"": ""neutral"", ""theme"": {""name"": ""Enterprise AI Software"", ""confidence"": 0.68, ""contribution"": 0.0}}",confidence_four_axis_v1,1.0,100.0,97.0,36.17121958501268,56.18180544362262,76.57007571279657,65.7048489227296,65.7048489227296,Medium,Medium,Medium,Medium,core signals disagree,"Confidence score is 65.7 (Medium). data_maturity_score=100.0, model_reliability_score=97.0, signal_agreement_score=36.2, regime_fitness_score=56.2. Reason: core signals disagree.",60일 기대수익 상위권와 상위권 진입 확률 우수이 추천 점수를 견인했습니다. 재무 품질 보완 필요 요인은 함께 점검이 필요합니다.,60일 기대수익 상위권 / 상위권 진입 확률 우수 / 거래 유동성 양호,재무 품질 보완 필요 / 방어력 약함,신뢰도 Medium: core signals disagree,현재 neutral 체계로 균형형 가중치가 적용됐습니다.,high_ret_score,high_probability_score,healthy_liquidity_profile,weak_quality_score,weak_safety_score,60일 기대수익 상위권,상위권 진입 확률 우수,거래 유동성 양호,재무 품질 보완 필요,방어력 약함,추가 확인 후 판단,"{""drivers"": [""high_ret_score"", ""high_probability_score"", ""healthy_liquidity_profile""], ""driver_texts"": [""60일 기대수익 상위권"", ""상위권 진입 확률 우수"", ""거래 유동성 양호""], ""drags"": [""weak_quality_score"", ""weak_safety_score""], ""drag_texts"": [""재무 품질 보완 필요"", ""방어력 약함""], ""confidence_label"": ""Medium"", ""confidence_reason"": ""core signals disagree"", ""regime"": ""neutral"", ""weight_profile"": ""neutral_service_balanced"", ""regime_reason"": ""met_conditions=close_gt_ma20,ma20_gt_ma60,recent_20d_return_gt_0.03; true_count=3; breadth_20d=0.527; recent_20d_return=0.0468; ma60=5370.97; volatility_risk_flag=True"", ""action_note"": ""추가 확인 후 판단"", ""component_snapshot"": {""ret_score"": 96.6, ""prob_score"": 96.55, ""qual_score"": 0.51, ""tech_score"": 27.96, ""valuation_score"": 50.0, ""risk_penalty"": 17.57, ""live_score"": 51.4, ""final_score"": 51.4, ""confidence_score"": 65.7, ""live_rank"": 44.0, ""live_score_source"": ""final_score""}}",44,2026-04-09 11:17:11,
2026-04-08,281740,0.1729978536680632,0.3051435340392707,-0.2953114594365968,-0.3498004211058063,0.2401226741585177,0.4120179779294882,0.0,20150.0,21.10552763819096,5,0.0,100.0,0.037386886075833,0.070705061457392,645906.25,787179.0,-0.03125,0.019840064783885,49.87504544672952,1.2187202090086604,19406.0,19758.0,20932.166666666668,-0.0194647201946471,0.0075,레이크머티리얼즈,KOSDAQ,2차전지,,,2차전지,60.53125,0.6258480839416058,60.53125,60.53125,60.53125,0.3,,37.88336683109033,True,False,2026-04-08,5872.34,5523.437,0.0407581147205317,-8114.961149999988,neutral,"met_conditions=close_gt_ma20,ma20_gt_ma60,recent_20d_return_gt_0.03; true_count=3; breadth_20d=0.527; recent_20d_return=0.0468; ma60=5370.97; volatility_risk_flag=True",0.019840064783885,55.0,58.04187192118226,-0.0194647201946471,0.0075,-0.03125,79.75009089345905,57.375946368684964,0.037386886075833,0.070705061457392,42.11822660098522,645906.25,787179.0,67.98029556650246,67.48768472906403,1.0,56.11483246056683,feature_v1,75.86206896551724,0.7586206896551724,0.7586206896551724,80.29556650246306,0.8029556650246306,0.8029556650246306,77.19211822660098,77.19211822660098,77.63546798029557,False,24.01226741585177,0.8078817733990148,80.78817733990148,21.10552763819096,21.21212121212121,1.0,1.0,21.21212121212121,21.21212121212121,27.093596059113302,88.66995073891626,42.11822660098522,67.48768472906403,50.0,77.19211822660098,80.78817733990148,56.11483246056683,ranking_builder_v8_return_prob_tech_regime,False,False,False,False,False,False,False,False,False,False,False,False,0,18.0,0.3171070441042806,neutral_service_balanced,0.24,0.24,0.32,0.32,0.26,0.26,0.18,0.18,0.65,0.0,0.0,51.292145549604555,51.292145549604555,1.0,False,False,1.0,False,51.292145549604555,45,v2,0.0,best_weight_by_regime,neutral,0.0,1.0,51.292145549604555,51.292145549604555,0.0,51.292145549604555,0.0,0.0,,,,,,,,,,,,,,,,,False,False,,,,,False,,,,,4.0,True,47.292145549604555,43,45,final_score,51.292145549604555,45,45,13.467559790536038,24.701477832512314,21.004926108374384,3.818181818181818,0.0,0.0,0.0,0.0,-11.700000000000001,24.701477832512314,21.004926108374384,13.467559790536038,3.818181818181818,0.0,0.0,0.0,-11.700000000000001,62.99214554960456,Primary prediction score,24.701477832512314,Risk penalty,-11.700000000000001,"요약: live_score 51.3 | live_score_source=final_score | regime=neutral | dominant_driver=ret (Primary prediction score 24.7) | top_positive_factor=Primary prediction score (24.7) | top_negative_factor=Risk penalty (-11.7)
핵심 driver: Primary prediction score (ret_score) contribution 24.7, score 77.2; Top-bucket probability score (prob_score) contribution 21.0, score 80.8; Tech flow score (tech_score) contribution 13.5, score 56.1
리스크 요인: top_negative_factor=Risk penalty (-11.7); risk_penalty 18.0
운영 상태: theme_overlay: disabled (operational config); confidence: 모델 메타 점수 (calibration 미완), score=NA, label=Experimental, live_score 비반영, research/reference 용도","{""base_score"": 51.3, ""theme_weight"": 0.0, ""weight_source"": ""best_weight_by_regime"", ""regime_applied"": ""neutral"", ""theme"": {""name"": ""2차전지"", ""confidence"": 0.63, ""contribution"": 0.0}}",confidence_four_axis_v1,1.0,100.0,97.0,53.37718316166592,55.619861551077385,80.78727502307808,72.47484557488184,72.47484557488184,High,High,High,High,core signals disagree,"Confidence score is 72.5 (High). data_maturity_score=100.0, model_reliability_score=97.0, signal_agreement_score=53.4, regime_fitness_score=55.6. Reason: core signals disagree.",상위권 진입 확률 우수와 60일 기대수익 상위권이 추천 점수를 견인했습니다. 재무 품질 보완 필요 요인은 함께 점검이 필요합니다.,상위권 진입 확률 우수 / 60일 기대수익 상위권 / 거래 유동성 양호,재무 품질 보완 필요 / 예상 손실 폭 부담 큼,신뢰도 High: core signals disagree,현재 neutral 체계로 균형형 가중치가 적용됐습니다.,high_probability_score,high_ret_score,healthy_liquidity_profile,weak_quality_score,very_high_risk_penalty,상위권 진입 확률 우수,60일 기대수익 상위권,거래 유동성 양호,재무 품질 보완 필요,예상 손실 폭 부담 큼,추가 확인 후 판단,"{""drivers"": [""high_probability_score"", ""high_ret_score"", ""healthy_liquidity_profile""], ""driver_texts"": [""상위권 진입 확률 우수"", ""60일 기대수익 상위권"", ""거래 유동성 양호""], ""drags"": [""weak_quality_score"", ""very_high_risk_penalty""], ""drag_texts"": [""재무 품질 보완 필요"", ""예상 손실 폭 부담 큼""], ""confidence_label"": ""High"", ""confidence_reason"": ""core signals disagree"", ""regime"": ""neutral"", ""weight_profile"": ""neutral_service_balanced"", ""regime_reason"": ""met_conditions=close_gt_ma20,ma20_gt_ma60,recent_20d_return_gt_0.03; true_count=3; breadth_20d=0.527; recent_20d_return=0.0468; ma60=5370.97; volatility_risk_flag=True"", ""action_note"": ""추가 확인 후 판단"", ""component_snapshot"": {""ret_score"": 77.19, ""prob_score"": 80.79, ""qual_score"": 21.21, ""tech_score"": 56.11, ""valuation_score"": 50.0, ""risk_penalty"": 18.0, ""live_score"": 51.29, ""final_score"": 51.29, ""confidence_score"": 72.47, ""live_rank"": 45.0, ""live_score_source"": ""final_score""}}",45,2026-04-09 11:17:11,
2026-04-08,389470,0.3380822828585672,0.9352924680946624,-0.2466077023213511,-0.2398575754995688,0.3135386288909191,0.4276941158247763,0.0,64200.0,4.0201005025125625,5,0.0,100.0,0.0545713056946948,0.053596908673825,156053.4,68510.0,-0.3170212765957446,-0.1441141181175843,40.15305506206328,0.4390163879800119,61980.0,75010.0,78435.0,-0.0841654778887304,-0.0932203389830508,인벤티지랩,KOSDAQ,제약,,,바이오,18.75,0.3958811131386862,18.75,18.75,18.75,0.3,,7.422770871350366,True,False,2026-04-08,5872.34,5523.437,0.0407581147205317,-8114.961149999988,neutral,"met_conditions=close_gt_ma20,ma20_gt_ma60,recent_20d_return_gt_0.03; true_count=3; breadth_20d=0.527; recent_20d_return=0.0468; ma60=5370.97; volatility_risk_flag=True",-0.1441141181175843,15.0,10.948275862068964,-0.0841654778887304,-0.0932203389830508,-0.3170212765957446,60.30611012412656,23.57406447684445,0.0545713056946948,0.053596908673825,34.48275862068965,156053.4,68510.0,10.344827586206897,20.689655172413794,1.0,19.983681187585212,feature_v1,89.16256157635468,0.8916256157635468,0.8916256157635468,97.53694581280789,0.9753694581280788,0.9753694581280788,91.67487684729065,91.67487684729065,92.51231527093597,False,31.35386288909191,0.9113300492610837,91.13300492610837,4.0201005025125625,4.040404040404041,1.0,1.0,4.040404040404041,4.040404040404041,74.8768472906404,56.15763546798029,34.48275862068965,20.689655172413794,50.0,91.67487684729065,91.13300492610837,19.983681187585212,ranking_builder_v8_return_prob_tech_regime,False,False,False,False,False,False,False,False,False,False,False,False,0,11.268918191116581,0.2439076515926382,neutral_service_balanced,0.24,0.24,0.32,0.32,0.26,0.26,0.18,0.18,0.65,0.0,0.0,51.22910125998859,51.22910125998859,1.0,False,False,1.0,False,51.22910125998859,46,v2,0.0,best_weight_by_regime,neutral,0.0,1.0,51.22910125998859,51.22910125998859,0.0,51.22910125998859,0.0,0.0,,,,,,,,,,,,,,,,,False,False,,,,,False,,,,,6.0,True,45.22910125998859,53,46,final_score,51.22910125998859,46,46,4.796083485020451,29.33596059113301,23.694581280788178,0.7272727272727273,0.0,0.0,0.0,0.0,-7.324796824225778,29.33596059113301,23.694581280788178,4.796083485020451,0.7272727272727273,0.0,0.0,0.0,-7.324796824225778,58.55389808421437,Primary prediction score,29.33596059113301,Risk penalty,-7.324796824225778,"요약: live_score 51.2 | live_score_source=final_score | regime=neutral | dominant_driver=ret (Primary prediction score 29.3) | top_positive_factor=Primary prediction score (29.3) | top_negative_factor=Risk penalty (-7.3)
핵심 driver: Primary prediction score (ret_score) contribution 29.3, score 91.7; Top-bucket probability score (prob_score) contribution 23.7, score 91.1; Tech flow score (tech_score) contribution 4.8, score 20.0
리스크 요인: top_negative_factor=Risk penalty (-7.3); risk_penalty 11.3
운영 상태: theme_overlay: disabled (operational config); confidence: 모델 메타 점수 (calibration 미완), score=NA, label=Experimental, live_score 비반영, research/reference 용도","{""base_score"": 51.2, ""theme_weight"": 0.0, ""weight_source"": ""best_weight_by_regime"", ""regime_applied"": ""neutral"", ""theme"": {""name"": ""바이오"", ""confidence"": 0.4, ""contribution"": 0.0}}",confidence_four_axis_v1,1.0,100.0,97.0,38.709658157934015,56.67147545607802,77.27813585789521,66.81815835438921,66.81815835438921,Medium,Medium,Medium,Medium,core signals disagree,"Confidence score is 66.8 (Medium). data_maturity_score=100.0, model_reliability_score=97.0, signal_agreement_score=38.7, regime_fitness_score=56.7. Reason: core signals disagree.",60일 기대수익 상위권와 상위권 진입 확률 우수이 추천 점수를 견인했습니다. 재무 품질 보완 필요 요인은 함께 점검이 필요합니다.,60일 기대수익 상위권 / 상위권 진입 확률 우수,재무 품질 보완 필요 / 추세 탄력 약함,신뢰도 Medium: core signals disagree,현재 neutral 체계로 균형형 가중치가 적용됐습니다.,high_ret_score,high_probability_score,,weak_quality_score,weak_tech_score,60일 기대수익 상위권,상위권 진입 확률 우수,,재무 품질 보완 필요,추세 탄력 약함,추가 확인 후 판단,"{""drivers"": [""high_ret_score"", ""high_probability_score""], ""driver_texts"": [""60일 기대수익 상위권"", ""상위권 진입 확률 우수""], ""drags"": [""weak_quality_score"", ""weak_tech_score""], ""drag_texts"": [""재무 품질 보완 필요"", ""추세 탄력 약함""], ""confidence_label"": ""Medium"", ""confidence_reason"": ""core signals disagree"", ""regime"": ""neutral"", ""weight_profile"": ""neutral_service_balanced"", ""regime_reason"": ""met_conditions=close_gt_ma20,ma20_gt_ma60,recent_20d_return_gt_0.03; true_count=3; breadth_20d=0.527; recent_20d_return=0.0468; ma60=5370.97; volatility_risk_flag=True"", ""action_note"": ""추가 확인 후 판단"", ""component_snapshot"": {""ret_score"": 91.67, ""prob_score"": 91.13, ""qual_score"": 4.04, ""tech_score"": 19.98, ""valuation_score"": 50.0, ""risk_penalty"": 11.27, ""live_score"": 51.23, ""final_score"": 51.23, ""confidence_score"": 66.82, ""live_rank"": 46.0, ""live_score_source"": ""final_score""}}",46,2026-04-09 11:17:11,
2026-04-08,018260,0.0054644921754685,0.1202733626013909,-0.2002497279467005,-0.2358613506183244,0.2563541913496804,0.1440012824964661,0.0,154000.0,63.81909547738693,3,0.4,75.0,0.0256843738379157,0.0320475593885784,158090.9,239712.0,-0.0581039755351682,-0.0182328190743338,44.67153258126918,1.5162922091024849,152100.0,156860.0,167816.66666666666,-0.0134529147982063,-0.0344827586206896,삼성에스디에스,KOSPI,IT서비스,,,,0.0,0.0,,0.0,,0.3,mapping_missing,0.0,False,False,2026-04-08,5872.34,5523.437,0.0407581147205317,-8114.961149999988,neutral,"met_conditions=close_gt_ma20,ma20_gt_ma60,recent_20d_return_gt_0.03; true_count=3; breadth_20d=0.527; recent_20d_return=0.0468; ma60=5370.97; volatility_risk_flag=True",-0.0182328190743338,15.0,26.71182266009852,-0.0134529147982063,-0.0344827586206896,-0.0581039755351682,69.34306516253837,47.01556924629962,0.0256843738379157,0.0320475593885784,91.87192118226602,158090.9,239712.0,48.44006568144499,21.182266009852217,1.0,50.10939012290438,feature_v1,41.87192118226601,0.4187192118226601,0.4187192118226601,57.635467980295566,0.5763546798029556,0.5763546798029556,46.600985221674875,46.600985221674875,48.177339901477836,False,25.63541913496804,0.8374384236453202,83.74384236453201,63.81909547738693,64.14141414141415,0.8375,0.78,41.90037878787879,41.90037878787879,6.403940886699508,9.852216748768473,91.87192118226602,21.182266009852217,50.0,46.600985221674875,83.74384236453201,50.10939012290438,ranking_builder_v8_return_prob_tech_regime,False,False,False,False,False,False,False,False,False,False,False,False,0,7.739325241842007,0.21449437701535007,neutral_service_balanced,0.24,0.24,0.32,0.32,0.26,0.26,0.18,0.18,0.65,0.0,0.0,51.22347468983221,51.22347468983221,1.0,False,False,1.0,False,51.22347468983221,47,v2,0.0,best_weight_by_regime,neutral,0.0,1.0,51.22347468983221,51.22347468983221,0.0,51.22347468983221,0.0,0.0,,,,,,,,,,,,,,,,,False,False,,,,,False,,,,,0.0,False,51.22347468983221,32,47,final_score,51.22347468983221,47,47,12.02625362949705,14.912315270935961,21.773399014778324,7.542068181818182,0.0,0.0,0.0,0.0,-5.030561407197305,14.912315270935961,21.773399014778324,12.02625362949705,7.542068181818182,0.0,0.0,0.0,-5.030561407197305,56.25403609702951,Top-bucket probability score,21.773399014778324,Risk penalty,-5.030561407197305,"요약: live_score 51.2 | live_score_source=final_score | regime=neutral | dominant_driver=prob (Top-bucket probability score 21.8) | top_positive_factor=Top-bucket probability score (21.8) | top_negative_factor=Risk penalty (-5.0)
핵심 driver: Top-bucket probability score (prob_score) contribution 21.8, score 83.7; Primary prediction score (ret_score) contribution 14.9, score 46.6; Tech flow score (tech_score) contribution 12.0, score 50.1
리스크 요인: top_negative_factor=Risk penalty (-5.0); risk_penalty 7.7
운영 상태: theme_overlay: disabled (operational config); confidence: 모델 메타 점수 (calibration 미완), score=NA, label=Experimental, live_score 비반영, research/reference 용도","{""base_score"": 51.2, ""theme_weight"": 0.0, ""weight_source"": ""best_weight_by_regime"", ""regime_applied"": ""neutral"", ""theme"": {""name"": ""(none)"", ""confidence"": 0.0, ""contribution"": 0.0}}",confidence_four_axis_v1,1.0,91.25,97.0,53.696960927004035,56.71318649897013,78.40621820659652,69.32142167059564,69.32142167059564,Medium,Medium,Medium,Medium,core signals disagree,"Confidence score is 69.3 (Medium). data_maturity_score=91.2, model_reliability_score=97.0, signal_agreement_score=53.7, regime_fitness_score=56.7. Reason: core signals disagree.",상위권 진입 확률 우수와 변동성 관리 양호이 추천 점수를 견인했습니다. 거래 유동성 부족 요인은 함께 점검이 필요합니다.,상위권 진입 확률 우수 / 변동성 관리 양호,거래 유동성 부족 / 재무 품질 보완 필요,신뢰도 Medium: core signals disagree,현재 neutral 체계로 균형형 가중치가 적용됐습니다.,high_probability_score,strong_safety_profile,,low_liquidity_score,weak_quality_score,상위권 진입 확률 우수,변동성 관리 양호,,거래 유동성 부족,재무 품질 보완 필요,추가 확인 후 판단,"{""drivers"": [""high_probability_score"", ""strong_safety_profile""], ""driver_texts"": [""상위권 진입 확률 우수"", ""변동성 관리 양호""], ""drags"": [""low_liquidity_score"", ""weak_quality_score""], ""drag_texts"": [""거래 유동성 부족"", ""재무 품질 보완 필요""], ""confidence_label"": ""Medium"", ""confidence_reason"": ""core signals disagree"", ""regime"": ""neutral"", ""weight_profile"": ""neutral_service_balanced"", ""regime_reason"": ""met_conditions=close_gt_ma20,ma20_gt_ma60,recent_20d_return_gt_0.03; true_count=3; breadth_20d=0.527; recent_20d_return=0.0468; ma60=5370.97; volatility_risk_flag=True"", ""action_note"": ""추가 확인 후 판단"", ""component_snapshot"": {""ret_score"": 46.6, ""prob_score"": 83.74, ""qual_score"": 41.9, ""tech_score"": 50.11, ""valuation_score"": 50.0, ""risk_penalty"": 7.74, ""live_score"": 51.22, ""final_score"": 51.22, ""confidence_score"": 69.32, ""live_rank"": 47.0, ""live_score_source"": ""final_score""}}",47,2026-04-09 11:17:11,
2026-04-08,003670,0.2321668893482742,0.223705224974323,-0.2613701264922812,-0.3402940918938655,0.146209160316848,0.1598668441792369,0.0,217500.0,26.633165829145728,5,0.0,100.0,0.03782880985576,0.0478532303831537,446167.2,345070.0,0.0332541567695963,0.0690061928634622,55.21760504700744,0.7734096096709933,212400.0,203460.0,212575.0,0.0283687943262411,0.0740740740740741,포스코퓨처엠,KOSPI,2차전지,,,2차전지,80.0875,0.6783480839416058,80.0875,80.0875,80.0875,0.3,,54.32720217267336,True,False,2026-04-08,5872.34,5523.437,0.0407581147205317,-8114.961149999988,neutral,"met_conditions=close_gt_ma20,ma20_gt_ma60,recent_20d_return_gt_0.03; true_count=3; breadth_20d=0.527; recent_20d_return=0.0468; ma60=5370.97; volatility_risk_flag=True",0.0690061928634622,75.0,79.86453201970443,0.0283687943262411,0.0740740740740741,0.0332541567695963,90.43521009401488,79.99796508508007,0.03782880985576,0.0478532303831537,64.77832512315271,446167.2,345070.0,40.39408866995074,56.15763546798029,1.0,70.9734257108125,feature_v1,81.2807881773399,0.812807881773399,0.812807881773399,72.41379310344827,0.7241379310344828,0.7241379310344828,78.6206896551724,78.6206896551724,77.73399014778325,False,14.6209160316848,0.5812807881773399,58.128078817733986,26.633165829145728,26.767676767676768,1.0,1.0,26.767676767676768,26.767676767676768,29.064039408866993,41.37931034482759,64.77832512315271,56.15763546798029,50.0,78.6206896551724,58.128078817733986,70.9734257108125,ranking_builder_v8_return_prob_tech_regime,False,False,False,False,False,False,False,False,False,False,False,False,0,17.15276551834979,0.2929397126529149,neutral_service_balanced,0.24,0.24,0.32,0.32,0.26,0.26,0.18,0.18,0.65,0.0,0.0,50.97442758411547,50.97442758411547,1.0,False,False,1.0,False,50.97442758411547,48,v2,0.0,best_weight_by_regime,neutral,0.0,1.0,50.97442758411547,50.97442758411547,0.0,50.97442758411547,0.0,0.0,,,,,,,,,,,,,,,,,False,False,,,,,False,,,,,4.0,True,46.97442758411547,46,48,final_score,50.97442758411547,48,48,17.033622170595002,25.15862068965517,15.113300492610836,4.818181818181818,0.0,0.0,0.0,0.0,-11.149297586927363,25.15862068965517,15.113300492610836,17.033622170595002,4.818181818181818,0.0,0.0,0.0,-11.149297586927363,62.12372517104283,Primary prediction score,25.15862068965517,Risk penalty,-11.149297586927363,"요약: live_score 51.0 | live_score_source=final_score | regime=neutral | dominant_driver=ret (Primary prediction score 25.2) | top_positive_factor=Primary prediction score (25.2) | top_negative_factor=Risk penalty (-11.1)
핵심 driver: Primary prediction score (ret_score) contribution 25.2, score 78.6; Tech flow score (tech_score) contribution 17.0, score 71.0; Top-bucket probability score (prob_score) contribution 15.1, score 58.1
리스크 요인: top_negative_factor=Risk penalty (-11.1); risk_penalty 17.2
운영 상태: theme_overlay: disabled (operational config); confidence: 모델 메타 점수 (calibration 미완), score=NA, label=Experimental, live_score 비반영, research/reference 용도","{""base_score"": 51.0, ""theme_weight"": 0.0, ""weight_source"": ""best_weight_by_regime"", ""regime_applied"": ""neutral"", ""theme"": {""name"": ""2차전지"", ""confidence"": 0.68, ""contribution"": 0.0}}",confidence_four_axis_v1,1.0,100.0,97.0,55.694096133751316,55.00686843246203,81.27455429830712,73.27901213999294,73.27901213999294,High,High,High,High,data maturity is strong,"Confidence score is 73.3 (High). data_maturity_score=100.0, model_reliability_score=97.0, signal_agreement_score=55.7, regime_fitness_score=55.0. Reason: data maturity is strong.",60일 기대수익 상위권와 추세 구조 양호이 추천 점수를 견인했습니다. 예상 손실 폭 부담 큼 요인은 함께 점검이 필요합니다.,60일 기대수익 상위권 / 추세 구조 양호,예상 손실 폭 부담 큼 / 재무 품질 보완 필요,신뢰도 High: data maturity is strong,현재 neutral 체계로 균형형 가중치가 적용됐습니다.,high_ret_score,high_tech_score,,very_high_risk_penalty,weak_quality_score,60일 기대수익 상위권,추세 구조 양호,,예상 손실 폭 부담 큼,재무 품질 보완 필요,보수적 접근 권장,"{""drivers"": [""high_ret_score"", ""high_tech_score""], ""driver_texts"": [""60일 기대수익 상위권"", ""추세 구조 양호""], ""drags"": [""very_high_risk_penalty"", ""weak_quality_score""], ""drag_texts"": [""예상 손실 폭 부담 큼"", ""재무 품질 보완 필요""], ""confidence_label"": ""High"", ""confidence_reason"": ""data maturity is strong"", ""regime"": ""neutral"", ""weight_profile"": ""neutral_service_balanced"", ""regime_reason"": ""met_conditions=close_gt_ma20,ma20_gt_ma60,recent_20d_return_gt_0.03; true_count=3; breadth_20d=0.527; recent_20d_return=0.0468; ma60=5370.97; volatility_risk_flag=True"", ""action_note"": ""보수적 접근 권장"", ""component_snapshot"": {""ret_score"": 78.62, ""prob_score"": 58.13, ""qual_score"": 26.77, ""tech_score"": 70.97, ""valuation_score"": 50.0, ""risk_penalty"": 17.15, ""live_score"": 50.97, ""final_score"": 50.97, ""confidence_score"": 73.28, ""live_rank"": 48.0, ""live_score_source"": ""final_score""}}",48,2026-04-09 11:17:11,
2026-04-08,287840,0.3642437106997109,0.6406817299150596,-0.2473036587803399,-0.2978020800698037,0.41502915162822,0.3659980625901758,0.0,39500.0,2.010050251256281,5,0.0,100.0,0.0441112431688074,0.0497707060062676,91744.6,64174.0,-0.1505376344086021,-0.0947115109150289,40.29835214951756,0.6994853103070916,38540.0,43632.5,48056.66666666666,-0.0584028605482717,-0.1063348416289592,인투셀,KOSDAQ,제약,,,바이오,21.09375,0.4208811131386861,21.09375,21.09375,21.09375,0.3,,8.87796098026916,True,False,2026-04-08,5872.34,5523.437,0.0407581147205317,-8114.961149999988,neutral,"met_conditions=close_gt_ma20,ma20_gt_ma60,recent_20d_return_gt_0.03; true_count=3; breadth_20d=0.527; recent_20d_return=0.0468; ma60=5370.97; volatility_risk_flag=True",-0.0947115109150289,15.0,13.165024630541872,-0.0584028605482717,-0.1063348416289592,-0.1505376344086021,60.596704299035125,26.479225335842525,0.0441112431688074,0.0497707060062676,52.21674876847291,91744.6,64174.0,9.0311986863711,10.83743842364532,0.9,22.513739232021926,feature_v1,90.14778325123153,0.9014778325123153,0.9014778325123153,93.10344827586206,0.9310344827586207,0.9310344827586207,91.03448275862068,91.03448275862068,91.33004926108374,False,41.502915162822,0.9704433497536946,97.04433497536947,2.010050251256281,2.0202020202020203,1.0,1.0,2.0202020202020203,2.0202020202020203,49.26108374384236,46.30541871921182,52.21674876847291,10.83743842364532,50.0,91.03448275862068,97.04433497536947,22.513739232021926,ranking_builder_v8_return_prob_tech_regime,False,False,False,False,False,False,False,False,False,False,False,False,0,14.100363275535047,0.2675030272961254,neutral_service_balanced,0.24,0.24,0.32,0.32,0.26,0.26,0.18,0.18,0.65,0.0,0.0,50.96425922657852,50.96425922657852,1.0,False,False,1.0,False,50.96425922657852,49,v2,0.0,best_weight_by_regime,neutral,0.0,1.0,50.96425922657852,50.96425922657852,0.0,50.96425922657852,0.0,0.0,,,,,,,,,,,,,,,,,False,False,,,,,False,,,,,10.0,True,40.96425922657852,74,49,final_score,50.96425922657852,49,49,5.4032974156852625,29.13103448275862,25.23152709359606,0.36363636363636365,0.0,0.0,0.0,0.0,-9.165236129097782,29.13103448275862,25.23152709359606,5.4032974156852625,0.36363636363636365,0.0,0.0,0.0,-9.165236129097782,60.129495355676305,Primary prediction score,29.13103448275862,Risk penalty,-9.165236129097782,"요약: live_score 51.0 | live_score_source=final_score | regime=neutral | dominant_driver=ret (Primary prediction score 29.1) | top_positive_factor=Primary prediction score (29.1) | top_negative_factor=Risk penalty (-9.2)
핵심 driver: Primary prediction score (ret_score) contribution 29.1, score 91.0; Top-bucket probability score (prob_score) contribution 25.2, score 97.0; Tech flow score (tech_score) contribution 5.4, score 22.5
리스크 요인: top_negative_factor=Risk penalty (-9.2); risk_penalty 14.1
운영 상태: theme_overlay: disabled (operational config); confidence: 모델 메타 점수 (calibration 미완), score=NA, label=Experimental, live_score 비반영, research/reference 용도","{""base_score"": 51.0, ""theme_weight"": 0.0, ""weight_source"": ""best_weight_by_regime"", ""regime_applied"": ""neutral"", ""theme"": {""name"": ""바이오"", ""confidence"": 0.42, ""contribution"": 0.0}}",confidence_four_axis_v1,1.0,100.0,95.5,36.49276011344976,56.20603355244914,76.20409506122981,65.83831075586974,65.83831075586974,Medium,Medium,Medium,Medium,core signals disagree,"Confidence score is 65.8 (Medium). data_maturity_score=100.0, model_reliability_score=95.5, signal_agreement_score=36.5, regime_fitness_score=56.2. Reason: core signals disagree.",60일 기대수익 상위권와 상위권 진입 확률 우수이 추천 점수를 견인했습니다. 재무 품질 보완 필요 요인은 함께 점검이 필요합니다.,60일 기대수익 상위권 / 상위권 진입 확률 우수,재무 품질 보완 필요 / 거래 유동성 부족,신뢰도 Medium: core signals disagree,현재 neutral 체계로 균형형 가중치가 적용됐습니다.,high_ret_score,high_probability_score,,weak_quality_score,low_liquidity_score,60일 기대수익 상위권,상위권 진입 확률 우수,,재무 품질 보완 필요,거래 유동성 부족,추가 확인 후 판단,"{""drivers"": [""high_ret_score"", ""high_probability_score""], ""driver_texts"": [""60일 기대수익 상위권"", ""상위권 진입 확률 우수""], ""drags"": [""weak_quality_score"", ""low_liquidity_score""], ""drag_texts"": [""재무 품질 보완 필요"", ""거래 유동성 부족""], ""confidence_label"": ""Medium"", ""confidence_reason"": ""core signals disagree"", ""regime"": ""neutral"", ""weight_profile"": ""neutral_service_balanced"", ""regime_reason"": ""met_conditions=close_gt_ma20,ma20_gt_ma60,recent_20d_return_gt_0.03; true_count=3; breadth_20d=0.527; recent_20d_return=0.0468; ma60=5370.97; volatility_risk_flag=True"", ""action_note"": ""추가 확인 후 판단"", ""component_snapshot"": {""ret_score"": 91.03, ""prob_score"": 97.04, ""qual_score"": 2.02, ""tech_score"": 22.51, ""valuation_score"": 50.0, ""risk_penalty"": 14.1, ""live_score"": 50.96, ""final_score"": 50.96, ""confidence_score"": 65.84, ""live_rank"": 49.0, ""live_score_source"": ""final_score""}}",49,2026-04-09 11:17:11,
2026-04-08,082270,0.5141301233829672,0.6809457024394112,-0.2264438136739996,-0.3162833123137024,0.2601492825150513,0.287367671991758,0.0,30050.0,13.06532663316583,5,0.0,100.0,0.0704280929047551,0.0847379206703778,335663.45,585346.0,-0.2194805194805195,-0.1637679142896897,39.55459159308073,1.7438478928819925,28800.0,35935.0,36114.16666666666,-0.1016442451420029,-0.2776442307692307,젬백스,KOSDAQ,반도체와반도체장비,,,,0.0,0.0,,0.0,,0.3,mapping_missing,0.0,False,False,2026-04-08,5872.34,5523.437,0.0407581147205317,-8114.961149999988,neutral,"met_conditions=close_gt_ma20,ma20_gt_ma60,recent_20d_return_gt_0.03; true_count=3; breadth_20d=0.527; recent_20d_return=0.0468; ma60=5370.97; volatility_risk_flag=True",-0.1637679142896897,15.0,9.716748768472907,-0.1016442451420029,-0.2776174368296374,-0.2194805194805195,59.10918318616146,19.08764062412657,0.0704280929047551,0.0847379206703778,4.433497536945808,335663.45,585346.0,67.48768472906403,46.30541871921182,1.0,20.605551065734936,feature_v1,95.07389162561576,0.9507389162561576,0.9507389162561576,94.58128078817734,0.9458128078817734,0.9458128078817734,94.92610837438423,94.92610837438423,94.8768472906404,False,26.014928251505133,0.8472906403940886,84.72906403940887,13.06532663316583,13.131313131313133,1.0,1.0,13.131313131313133,13.131313131313133,94.08866995073892,97.04433497536947,4.433497536945808,46.30541871921182,50.0,94.92610837438423,84.72906403940887,20.605551065734936,ranking_builder_v8_return_prob_tech_regime,False,False,False,False,False,False,False,False,False,False,False,False,0,13.48555357558568,0.2623796131298807,neutral_service_balanced,0.24,0.24,0.32,0.32,0.26,0.26,0.18,0.18,0.65,0.0,0.0,50.949270125331324,50.949270125331324,1.0,False,False,1.0,False,50.949270125331324,50,v2,0.0,best_weight_by_regime,neutral,0.0,1.0,50.949270125331324,50.949270125331324,0.0,50.949270125331324,0.0,0.0,,,,,,,,,,,,,,,,,False,False,,,,,False,,,,,10.0,True,40.949270125331324,75,50,final_score,50.949270125331324,50,50,4.945332255776385,30.376354679802954,22.029556650246306,2.3636363636363638,0.0,0.0,0.0,0.0,-8.765609824130692,30.376354679802954,22.029556650246306,4.945332255776385,2.3636363636363638,0.0,0.0,0.0,-8.765609824130692,59.71487994946201,Primary prediction score,30.376354679802954,Risk penalty,-8.765609824130692,"요약: live_score 50.9 | live_score_source=final_score | regime=neutral | dominant_driver=ret (Primary prediction score 30.4) | top_positive_factor=Primary prediction score (30.4) | top_negative_factor=Risk penalty (-8.8)
핵심 driver: Primary prediction score (ret_score) contribution 30.4, score 94.9; Top-bucket probability score (prob_score) contribution 22.0, score 84.7; Tech flow score (tech_score) contribution 4.9, score 20.6
리스크 요인: top_negative_factor=Risk penalty (-8.8); risk_penalty 13.5
운영 상태: theme_overlay: disabled (operational config); confidence: 모델 메타 점수 (calibration 미완), score=NA, label=Experimental, live_score 비반영, research/reference 용도","{""base_score"": 50.9, ""theme_weight"": 0.0, ""weight_source"": ""best_weight_by_regime"", ""regime_applied"": ""neutral"", ""theme"": {""name"": ""(none)"", ""confidence"": 0.0, ""contribution"": 0.0}}",confidence_four_axis_v1,1.0,100.0,97.0,40.46156142707867,56.146036978052344,77.63729590347751,67.41383196644195,67.41383196644195,Medium,Medium,Medium,Medium,core signals disagree,"Confidence score is 67.4 (Medium). data_maturity_score=100.0, model_reliability_score=97.0, signal_agreement_score=40.5, regime_fitness_score=56.1. Reason: core signals disagree.",60일 기대수익 상위권와 상위권 진입 확률 우수이 추천 점수를 견인했습니다. 방어력 약함 요인은 함께 점검이 필요합니다.,60일 기대수익 상위권 / 상위권 진입 확률 우수,방어력 약함 / 재무 품질 보완 필요,신뢰도 Medium: core signals disagree,현재 neutral 체계로 균형형 가중치가 적용됐습니다.,high_ret_score,high_probability_score,,weak_safety_score,weak_quality_score,60일 기대수익 상위권,상위권 진입 확률 우수,,방어력 약함,재무 품질 보완 필요,추가 확인 후 판단,"{""drivers"": [""high_ret_score"", ""high_probability_score""], ""driver_texts"": [""60일 기대수익 상위권"", ""상위권 진입 확률 우수""], ""drags"": [""weak_safety_score"", ""weak_quality_score""], ""drag_texts"": [""방어력 약함"", ""재무 품질 보완 필요""], ""confidence_label"": ""Medium"", ""confidence_reason"": ""core signals disagree"", ""regime"": ""neutral"", ""weight_profile"": ""neutral_service_balanced"", ""regime_reason"": ""met_conditions=close_gt_ma20,ma20_gt_ma60,recent_20d_return_gt_0.03; true_count=3; breadth_20d=0.527; recent_20d_return=0.0468; ma60=5370.97; volatility_risk_flag=True"", ""action_note"": ""추가 확인 후 판단"", ""component_snapshot"": {""ret_score"": 94.93, ""prob_score"": 84.73, ""qual_score"": 13.13, ""tech_score"": 20.61, ""valuation_score"": 50.0, ""risk_penalty"": 13.49, ""live_score"": 50.95, ""final_score"": 50.95, ""confidence_score"": 67.41, ""live_rank"": 50.0, ""live_score_source"": ""final_score""}}",50,2026-04-09 11:17:11,
2026-04-08,067310,0.4836282274002026,0.2917932254072253,-0.28635609924344,-0.2702574156843496,0.1711884899374667,0.2158461929034149,0.0,31100.0,40.20100502512563,3,0.4,75.0,0.0577373004725568,0.0597330526370618,1491220.2,1646956.0,-0.0341614906832298,-0.0092386110226186,49.24466258316944,1.1044351464659612,29280.0,31390.0,32085.83333333333,0.0213464696223317,-0.1408839779005525,하나마이크론,KOSDAQ,반도체,,,AI서버기판,43.65625,0.5980019160583943,43.65625,43.65625,43.65625,0.3,,26.106521147924273,True,False,2026-04-08,5872.34,5523.437,0.0407581147205317,-8114.961149999988,neutral,"met_conditions=close_gt_ma20,ma20_gt_ma60,recent_20d_return_gt_0.03; true_count=3; breadth_20d=0.527; recent_20d_return=0.0468; ma60=5370.97; volatility_risk_flag=True",-0.0092386110226186,15.0,29.17487684729064,0.0213464696223317,-0.1408839779005525,-0.0341614906832298,78.48932516633889,48.68637070045172,0.0577373004725568,0.0597330526370618,25.12315270935961,1491220.2,1646956.0,77.01149425287356,89.16256157635468,1.0,42.36904747914825,feature_v1,93.59605911330048,0.9359605911330049,0.9359605911330049,79.3103448275862,0.7931034482758621,0.7931034482758621,89.3103448275862,89.3103448275862,87.88177339901478,False,17.118848993746667,0.6748768472906403,67.48768472906403,40.20100502512563,40.4040404040404,0.8375,0.78,26.39393939393939,26.39393939393939,79.80295566502463,69.95073891625616,25.12315270935961,89.16256157635468,50.0,89.3103448275862,67.48768472906403,42.36904747914825,ranking_builder_v8_return_prob_tech_regime,False,False,False,False,False,False,False,False,False,False,False,False,0,15.589995098376455,0.2799166258198038,neutral_service_balanced,0.24,0.24,0.32,0.32,0.26,0.26,0.18,0.18,0.65,0.0,0.0,50.912092046344206,50.912092046344206,1.0,False,False,1.0,False,50.912092046344206,51,v2,0.0,best_weight_by_regime,neutral,0.0,1.0,50.912092046344206,50.912092046344206,0.0,50.912092046344206,0.0,0.0,,,,,,,,,,,,,,,,,False,False,,,,,False,,,,,4.0,True,46.912092046344206,47,51,final_score,50.912092046344206,51,51,10.16857139499558,28.579310344827586,17.546798029556648,4.75090909090909,0.0,0.0,0.0,0.0,-10.133496813944696,28.579310344827586,17.546798029556648,10.16857139499558,4.75090909090909,0.0,0.0,0.0,-10.133496813944696,61.0455888602889,Primary prediction score,28.579310344827586,Risk penalty,-10.133496813944696,"요약: live_score 50.9 | live_score_source=final_score | regime=neutral | dominant_driver=ret (Primary prediction score 28.6) | top_positive_factor=Primary prediction score (28.6) | top_negative_factor=Risk penalty (-10.1)
핵심 driver: Primary prediction score (ret_score) contribution 28.6, score 89.3; Top-bucket probability score (prob_score) contribution 17.5, score 67.5; Tech flow score (tech_score) contribution 10.2, score 42.4
리스크 요인: top_negative_factor=Risk penalty (-10.1); risk_penalty 15.6
운영 상태: theme_overlay: disabled (operational config); confidence: 모델 메타 점수 (calibration 미완), score=NA, label=Experimental, live_score 비반영, research/reference 용도","{""base_score"": 50.9, ""theme_weight"": 0.0, ""weight_source"": ""best_weight_by_regime"", ""regime_applied"": ""neutral"", ""theme"": {""name"": ""AI서버기판"", ""confidence"": 0.6, ""contribution"": 0.0}}",confidence_four_axis_v1,1.0,91.25,97.0,52.37507836990596,55.50745061997515,77.89488718547275,68.55152147195741,68.55152147195741,Medium,Medium,Medium,Medium,core signals disagree,"Confidence score is 68.6 (Medium). data_maturity_score=91.2, model_reliability_score=97.0, signal_agreement_score=52.4, regime_fitness_score=55.5. Reason: core signals disagree.",60일 기대수익 상위권와 거래 유동성 양호이 추천 점수를 견인했습니다. 예상 손실 폭 부담 큼 요인은 함께 점검이 필요합니다.,60일 기대수익 상위권 / 거래 유동성 양호 / 상위권 진입 확률 우수,예상 손실 폭 부담 큼 / 방어력 약함,신뢰도 Medium: core signals disagree,현재 neutral 체계로 균형형 가중치가 적용됐습니다.,high_ret_score,healthy_liquidity_profile,high_probability_score,very_high_risk_penalty,weak_safety_score,60일 기대수익 상위권,거래 유동성 양호,상위권 진입 확률 우수,예상 손실 폭 부담 큼,방어력 약함,보수적 접근 권장,"{""drivers"": [""high_ret_score"", ""healthy_liquidity_profile"", ""high_probability_score""], ""driver_texts"": [""60일 기대수익 상위권"", ""거래 유동성 양호"", ""상위권 진입 확률 우수""], ""drags"": [""very_high_risk_penalty"", ""weak_safety_score""], ""drag_texts"": [""예상 손실 폭 부담 큼"", ""방어력 약함""], ""confidence_label"": ""Medium"", ""confidence_reason"": ""core signals disagree"", ""regime"": ""neutral"", ""weight_profile"": ""neutral_service_balanced"", ""regime_reason"": ""met_conditions=close_gt_ma20,ma20_gt_ma60,recent_20d_return_gt_0.03; true_count=3; breadth_20d=0.527; recent_20d_return=0.0468; ma60=5370.97; volatility_risk_flag=True"", ""action_note"": ""보수적 접근 권장"", ""component_snapshot"": {""ret_score"": 89.31, ""prob_score"": 67.49, ""qual_score"": 26.39, ""tech_score"": 42.37, ""valuation_score"": 50.0, ""risk_penalty"": 15.59, ""live_score"": 50.91, ""final_score"": 50.91, ""confidence_score"": 68.55, ""live_rank"": 51.0, ""live_score_source"": ""final_score""}}",51,2026-04-09 11:17:11,
2026-04-08,115180,0.6233236489944769,0.666366985254889,-0.3210541240853527,-0.3962184329215175,0.4241018323268467,0.4322952312812798,0.0,34450.0,3.015075376884422,5,0.0,100.0,0.0443969543652451,0.0779677649761285,394997.0,261802.0,-0.2969387755102041,-0.16378421020693,41.11117528399777,0.6627949073030934,35250.0,41197.5,35995.833333333336,-0.1440993788819875,-0.130050505050505,큐리언트,KOSDAQ,바이오/제약,,,바이오,21.09375,0.4208811131386861,21.09375,21.09375,21.09375,0.3,,8.87796098026916,True,False,2026-04-08,5872.34,5523.437,0.0407581147205317,-8114.961149999988,neutral,"met_conditions=close_gt_ma20,ma20_gt_ma60,recent_20d_return_gt_0.03; true_count=3; breadth_20d=0.527; recent_20d_return=0.0468; ma60=5370.97; volatility_risk_flag=True",-0.16378421020693,35.0,19.470443349753694,-0.1440993788819875,-0.130050505050505,-0.2969387755102041,62.222350567995534,19.86593246958509,0.0443969543652451,0.0779677649761285,26.84729064039409,394997.0,261802.0,33.99014778325124,52.70935960591133,1.0,23.262189664847394,feature_v1,97.53694581280789,0.9753694581280788,0.9753694581280788,94.08866995073892,0.9408866995073891,0.9408866995073891,96.50246305418719,96.50246305418719,96.1576354679803,False,42.410183232684666,0.9802955665024631,98.0295566502463,3.015075376884422,3.0303030303030303,1.0,1.0,3.0303030303030303,3.0303030303030303,51.231527093596064,95.07389162561576,26.84729064039409,52.70935960591133,50.0,96.50246305418719,98.0295566502463,23.262189664847394,ranking_builder_v8_return_prob_tech_regime,False,False,False,False,False,False,False,False,False,False,False,False,0,18.0,0.3511198476198186,neutral_service_balanced,0.24,0.24,0.32,0.32,0.26,0.26,0.18,0.18,0.65,0.0,0.0,50.796852971421856,50.796852971421856,1.0,False,False,1.0,False,50.796852971421856,52,v2,0.0,best_weight_by_regime,neutral,0.0,1.0,50.796852971421856,50.796852971421856,0.0,50.796852971421856,0.0,0.0,,,,,,,,,,,,,,,,,False,False,,,,,False,,,,,10.0,True,40.796852971421856,78,52,final_score,50.796852971421856,52,52,5.582925519563374,30.880788177339902,25.48768472906404,0.5454545454545454,0.0,0.0,0.0,0.0,-11.700000000000001,30.880788177339902,25.48768472906404,5.582925519563374,0.5454545454545454,0.0,0.0,0.0,-11.700000000000001,62.49685297142186,Primary prediction score,30.880788177339902,Risk penalty,-11.700000000000001,"요약: live_score 50.8 | live_score_source=final_score | regime=neutral | dominant_driver=ret (Primary prediction score 30.9) | top_positive_factor=Primary prediction score (30.9) | top_negative_factor=Risk penalty (-11.7)
핵심 driver: Primary prediction score (ret_score) contribution 30.9, score 96.5; Top-bucket probability score (prob_score) contribution 25.5, score 98.0; Tech flow score (tech_score) contribution 5.6, score 23.3
리스크 요인: top_negative_factor=Risk penalty (-11.7); risk_penalty 18.0
운영 상태: theme_overlay: disabled (operational config); confidence: 모델 메타 점수 (calibration 미완), score=NA, label=Experimental, live_score 비반영, research/reference 용도","{""base_score"": 50.8, ""theme_weight"": 0.0, ""weight_source"": ""best_weight_by_regime"", ""regime_applied"": ""neutral"", ""theme"": {""name"": ""바이오"", ""confidence"": 0.42, ""contribution"": 0.0}}",confidence_four_axis_v1,1.0,100.0,97.0,36.50022391401701,55.68506966904949,76.57781642886167,65.7371034994167,65.7371034994167,Medium,Medium,Medium,Medium,core signals disagree,"Confidence score is 65.7 (Medium). data_maturity_score=100.0, model_reliability_score=97.0, signal_agreement_score=36.5, regime_fitness_score=55.7. Reason: core signals disagree.",60일 기대수익 상위권와 상위권 진입 확률 우수이 추천 점수를 견인했습니다. 재무 품질 보완 필요 요인은 함께 점검이 필요합니다.,60일 기대수익 상위권 / 상위권 진입 확률 우수,재무 품질 보완 필요 / 예상 손실 폭 부담 큼,신뢰도 Medium: core signals disagree,현재 neutral 체계로 균형형 가중치가 적용됐습니다.,high_ret_score,high_probability_score,,weak_quality_score,very_high_risk_penalty,60일 기대수익 상위권,상위권 진입 확률 우수,,재무 품질 보완 필요,예상 손실 폭 부담 큼,추가 확인 후 판단,"{""drivers"": [""high_ret_score"", ""high_probability_score""], ""driver_texts"": [""60일 기대수익 상위권"", ""상위권 진입 확률 우수""], ""drags"": [""weak_quality_score"", ""very_high_risk_penalty""], ""drag_texts"": [""재무 품질 보완 필요"", ""예상 손실 폭 부담 큼""], ""confidence_label"": ""Medium"", ""confidence_reason"": ""core signals disagree"", ""regime"": ""neutral"", ""weight_profile"": ""neutral_service_balanced"", ""regime_reason"": ""met_conditions=close_gt_ma20,ma20_gt_ma60,recent_20d_return_gt_0.03; true_count=3; breadth_20d=0.527; recent_20d_return=0.0468; ma60=5370.97; volatility_risk_flag=True"", ""action_note"": ""추가 확인 후 판단"", ""component_snapshot"": {""ret_score"": 96.5, ""prob_score"": 98.03, ""qual_score"": 3.03, ""tech_score"": 23.26, ""valuation_score"": 50.0, ""risk_penalty"": 18.0, ""live_score"": 50.8, ""final_score"": 50.8, ""confidence_score"": 65.74, ""live_rank"": 52.0, ""live_score_source"": ""final_score""}}",52,2026-04-09 11:17:11,
2026-04-08,090430,0.0836798007763113,0.1425415814581634,-0.2005067978670927,-0.2428414879314423,0.1785224800651991,0.0818508787766184,0.0,130300.0,65.82914572864321,3,0.4,75.0,0.0299824385967952,0.0390574529142589,178790.25,190412.0,-0.0045836516424752,-0.0339561091340451,43.66317844484941,1.0650021463698385,131000.0,134880.0,137173.33333333334,-0.0862552594670407,-0.0475146198830409,아모레퍼시픽,KOSPI,소비재/유통,,,,0.0,0.0,,0.0,,0.3,mapping_missing,0.0,False,False,2026-04-08,5872.34,5523.437,0.0407581147205317,-8114.961149999988,neutral,"met_conditions=close_gt_ma20,ma20_gt_ma60,recent_20d_return_gt_0.03; true_count=3; breadth_20d=0.527; recent_20d_return=0.0468; ma60=5370.97; volatility_risk_flag=True",-0.0339561091340451,15.0,21.785714285714285,-0.0862552594670407,-0.0475146198830409,-0.0045836516424752,67.32635688969881,42.81681089730155,0.0299824385967952,0.0390574529142589,81.2807881773399,178790.25,190412.0,33.004926108374384,25.12315270935961,1.0,42.72849465149397,feature_v1,62.5615763546798,0.625615763546798,0.625615763546798,60.09852216748769,0.6009852216748769,0.6009852216748769,61.822660098522164,61.822660098522164,61.576354679802954,False,17.85224800651991,0.6847290640394089,68.4729064039409,65.82914572864321,66.16161616161617,0.8375,0.78,43.22007575757576,43.22007575757576,14.285714285714285,23.15270935960591,81.2807881773399,25.12315270935961,50.0,61.822660098522164,68.4729064039409,42.72849465149397,ranking_builder_v8_return_prob_tech_regime,False,False,False,False,False,False,False,False,False,False,False,False,0,8.092880867139906,0.21744067389283256,neutral_service_balanced,0.24,0.24,0.32,0.32,0.26,0.26,0.18,0.18,0.65,0.0,0.0,50.36028668563297,50.36028668563297,1.0,False,False,1.0,False,50.36028668563297,53,v2,0.0,best_weight_by_regime,neutral,0.0,1.0,50.36028668563297,50.36028668563297,0.0,50.36028668563297,0.0,0.0,,,,,,,,,,,,,,,,,False,False,,,,,False,,,,,0.0,False,50.36028668563297,33,53,final_score,50.36028668563297,53,53,10.254838716358552,19.783251231527093,17.802955665024633,7.779613636363637,0.0,0.0,0.0,0.0,-5.260372563640939,19.783251231527093,17.802955665024633,10.254838716358552,7.779613636363637,0.0,0.0,0.0,-5.260372563640939,55.62065924927391,Primary prediction score,19.783251231527093,Risk penalty,-5.260372563640939,"요약: live_score 50.4 | live_score_source=final_score | regime=neutral | dominant_driver=ret (Primary prediction score 19.8) | top_positive_factor=Primary prediction score (19.8) | top_negative_factor=Risk penalty (-5.3)
핵심 driver: Primary prediction score (ret_score) contribution 19.8, score 61.8; Top-bucket probability score (prob_score) contribution 17.8, score 68.5; Tech flow score (tech_score) contribution 10.3, score 42.7
리스크 요인: top_negative_factor=Risk penalty (-5.3); risk_penalty 8.1
운영 상태: theme_overlay: disabled (operational config); confidence: 모델 메타 점수 (calibration 미완), score=NA, label=Experimental, live_score 비반영, research/reference 용도","{""base_score"": 50.4, ""theme_weight"": 0.0, ""weight_source"": ""best_weight_by_regime"", ""regime_applied"": ""neutral"", ""theme"": {""name"": ""(none)"", ""confidence"": 0.0, ""contribution"": 0.0}}",confidence_four_axis_v1,1.0,91.25,97.0,69.77667647426593,55.809499504616326,82.29059404425892,75.57257049062963,75.57257049062963,High,High,High,High,data maturity is strong,"Confidence score is 75.6 (High). data_maturity_score=91.2, model_reliability_score=97.0, signal_agreement_score=69.8, regime_fitness_score=55.8. Reason: data maturity is strong.",변동성 관리 양호와 상위권 진입 확률 우수이 추천 점수를 견인했습니다. 거래 유동성 부족 요인은 함께 점검이 필요합니다.,변동성 관리 양호 / 상위권 진입 확률 우수,거래 유동성 부족 / 최근 변동성 확대 주의,신뢰도 High: data maturity is strong,현재 neutral 체계로 균형형 가중치가 적용됐습니다.,strong_safety_profile,high_probability_score,,low_liquidity_score,elevated_risk_penalty,변동성 관리 양호,상위권 진입 확률 우수,,거래 유동성 부족,최근 변동성 확대 주의,추가 확인 후 판단,"{""drivers"": [""strong_safety_profile"", ""high_probability_score""], ""driver_texts"": [""변동성 관리 양호"", ""상위권 진입 확률 우수""], ""drags"": [""low_liquidity_score"", ""elevated_risk_penalty""], ""drag_texts"": [""거래 유동성 부족"", ""최근 변동성 확대 주의""], ""confidence_label"": ""High"", ""confidence_reason"": ""data maturity is strong"", ""regime"": ""neutral"", ""weight_profile"": ""neutral_service_balanced"", ""regime_reason"": ""met_conditions=close_gt_ma20,ma20_gt_ma60,recent_20d_return_gt_0.03; true_count=3; breadth_20d=0.527; recent_20d_return=0.0468; ma60=5370.97; volatility_risk_flag=True"", ""action_note"": ""추가 확인 후 판단"", ""component_snapshot"": {""ret_score"": 61.82, ""prob_score"": 68.47, ""qual_score"": 43.22, ""tech_score"": 42.73, ""valuation_score"": 50.0, ""risk_penalty"": 8.09, ""live_score"": 50.36, ""final_score"": 50.36, ""confidence_score"": 75.57, ""live_rank"": 53.0, ""live_score_source"": ""final_score""}}",53,2026-04-09 11:17:11,
2026-04-08,161580,0.38161023506342,0.3083004261172335,-0.2812812155315345,-0.3222027023049297,0.2566821582914979,0.20511697395054,0.0,39900.0,10.552763819095476,5,0.0,100.0,0.0504241787528119,0.0579854812406668,258320.6,235827.0,-0.1326086956521739,-0.0082028337061894,47.0762398347228,0.9129237079814772,37770.0,40230.0,45478.333333333336,-0.0074626865671642,-0.0111524163568773,필옵틱스,KOSDAQ,전자장비와기기,,,2차전지,74.5,0.6633480839416059,74.5,74.5,74.5,0.3,,49.419432253649646,True,False,2026-04-08,5872.34,5523.437,0.0407581147205317,-8114.961149999988,neutral,"met_conditions=close_gt_ma20,ma20_gt_ma60,recent_20d_return_gt_0.03; true_count=3; breadth_20d=0.527; recent_20d_return=0.0468; ma60=5370.97; volatility_risk_flag=True",-0.0082028337061894,15.0,29.421182266009854,-0.0074626865671642,-0.0111524163568773,-0.1326086956521739,74.1524796694456,47.47900661686879,0.0504241787528119,0.0579854812406668,34.72906403940887,258320.6,235827.0,34.48275862068966,37.93103448275862,1.0,37.56223359669225,feature_v1,91.13300492610837,0.9113300492610837,0.9113300492610837,81.2807881773399,0.812807881773399,0.812807881773399,88.17733990147782,88.17733990147782,87.19211822660098,False,25.668215829149787,0.8423645320197044,84.23645320197043,10.552763819095476,10.606060606060606,1.0,1.0,10.606060606060606,10.606060606060606,66.50246305418719,64.03940886699507,34.72906403940887,37.93103448275862,50.0,88.17733990147782,84.23645320197043,37.56223359669225,ranking_builder_v8_return_prob_tech_regime,False,False,False,False,False,False,False,False,False,False,False,False,0,17.71797722890711,0.2976498102408926,neutral_service_balanced,0.24,0.24,0.32,0.32,0.26,0.26,0.18,0.18,0.65,0.0,0.0,49.52556837449264,49.52556837449264,1.0,False,False,1.0,False,49.52556837449264,54,v2,0.0,best_weight_by_regime,neutral,0.0,1.0,49.52556837449264,49.52556837449264,0.0,49.52556837449264,0.0,0.0,,,,,,,,,,,,,,,,,False,False,,,,,False,,,,,10.0,True,39.52556837449264,87,54,final_score,49.52556837449264,54,54,9.01493606320614,28.216748768472904,21.901477832512313,1.909090909090909,0.0,0.0,0.0,0.0,-11.516685198789622,28.216748768472904,21.901477832512313,9.01493606320614,1.909090909090909,0.0,0.0,0.0,-11.516685198789622,61.04225357328227,Primary prediction score,28.216748768472904,Risk penalty,-11.516685198789622,"요약: live_score 49.5 | live_score_source=final_score | regime=neutral | dominant_driver=ret (Primary prediction score 28.2) | top_positive_factor=Primary prediction score (28.2) | top_negative_factor=Risk penalty (-11.5)
핵심 driver: Primary prediction score (ret_score) contribution 28.2, score 88.2; Top-bucket probability score (prob_score) contribution 21.9, score 84.2; Tech flow score (tech_score) contribution 9.0, score 37.6
리스크 요인: top_negative_factor=Risk penalty (-11.5); risk_penalty 17.7
운영 상태: theme_overlay: disabled (operational config); confidence: 모델 메타 점수 (calibration 미완), score=NA, label=Experimental, live_score 비반영, research/reference 용도","{""base_score"": 49.5, ""theme_weight"": 0.0, ""weight_source"": ""best_weight_by_regime"", ""regime_applied"": ""neutral"", ""theme"": {""name"": ""2차전지"", ""confidence"": 0.66, ""contribution"": 0.0}}",confidence_four_axis_v1,1.0,100.0,97.0,47.978616211374835,54.30383553792343,79.24022938353222,70.05221359213462,70.05221359213462,Medium,High,High,High,core signals disagree; current regime fit is weak,"Confidence score is 70.1 (High). data_maturity_score=100.0, model_reliability_score=97.0, signal_agreement_score=48.0, regime_fitness_score=54.3. Reason: core signals disagree; current regime fit is weak.",60일 기대수익 상위권와 상위권 진입 확률 우수이 추천 점수를 견인했습니다. 재무 품질 보완 필요 요인은 함께 점검이 필요합니다.,60일 기대수익 상위권 / 상위권 진입 확률 우수,재무 품질 보완 필요 / 예상 손실 폭 부담 큼,신뢰도 High: core signals disagree; current regime fit is weak,현재 neutral 체계로 균형형 가중치가 적용됐습니다.,high_ret_score,high_probability_score,,weak_quality_score,very_high_risk_penalty,60일 기대수익 상위권,상위권 진입 확률 우수,,재무 품질 보완 필요,예상 손실 폭 부담 큼,추가 확인 후 판단,"{""drivers"": [""high_ret_score"", ""high_probability_score""], ""driver_texts"": [""60일 기대수익 상위권"", ""상위권 진입 확률 우수""], ""drags"": [""weak_quality_score"", ""very_high_risk_penalty""], ""drag_texts"": [""재무 품질 보완 필요"", ""예상 손실 폭 부담 큼""], ""confidence_label"": ""High"", ""confidence_reason"": ""core signals disagree; current regime fit is weak"", ""regime"": ""neutral"", ""weight_profile"": ""neutral_service_balanced"", ""regime_reason"": ""met_conditions=close_gt_ma20,ma20_gt_ma60,recent_20d_return_gt_0.03; true_count=3; breadth_20d=0.527; recent_20d_return=0.0468; ma60=5370.97; volatility_risk_flag=True"", ""action_note"": ""추가 확인 후 판단"", ""component_snapshot"": {""ret_score"": 88.18, ""prob_score"": 84.24, ""qual_score"": 10.61, ""tech_score"": 37.56, ""valuation_score"": 50.0, ""risk_penalty"": 17.72, ""live_score"": 49.53, ""final_score"": 49.53, ""confidence_score"": 70.05, ""live_rank"": 54.0, ""live_score_source"": ""final_score""}}",54,2026-04-09 11:17:11,
2026-04-08,024110,0.1982453116590197,0.3336298151982602,-0.1366031719332844,-0.1598976877294618,0.0818767261902406,0.0794911089491675,0.0,22000.0,60.80402010050251,2,0.6,60.0,0.0244595446747755,0.028450423782111,1302913.35,1175800.0,-0.0677966101694915,-0.0310504294208324,44.15348662039494,0.9024391376448786,21590.0,22705.0,22992.5,0.0,-0.0598290598290598,기업은행,KOSPI,금융,,,,0.0,0.0,,0.0,,0.3,mapping_missing,0.0,False,False,2026-04-08,5872.34,5523.437,0.0407581147205317,-8114.961149999988,neutral,"met_conditions=close_gt_ma20,ma20_gt_ma60,recent_20d_return_gt_0.03; true_count=3; breadth_20d=0.527; recent_20d_return=0.0468; ma60=5370.97; volatility_risk_flag=True",-0.0310504294208324,15.0,22.52463054187192,0.0,-0.0598290598290598,-0.0677966101694915,68.30697324078989,44.7861029161088,0.0244595446747755,0.028450423782111,95.56650246305418,1302913.35,1175800.0,63.54679802955665,86.20689655172413,1.0,51.077845380243986,feature_v1,79.80295566502463,0.7980295566502463,0.7980295566502463,84.23645320197043,0.8423645320197044,0.8423645320197044,81.13300492610837,81.13300492610837,81.57635467980296,False,8.18767261902406,0.270935960591133,27.093596059113302,60.80402010050251,61.111111111111114,0.74,0.6699999999999999,30.298888888888886,30.298888888888886,4.926108374384237,3.9408866995073892,95.56650246305418,86.20689655172413,50.0,81.13300492610837,27.093596059113302,51.077845380243986,ranking_builder_v8_return_prob_tech_regime,False,False,False,False,False,False,False,False,False,False,False,False,0,1.8368391300702147,0.14592097825175537,neutral_service_balanced,0.24,0.24,0.32,0.32,0.26,0.26,0.18,0.18,0.65,0.0,0.0,49.52543400843706,49.52543400843706,1.0,False,False,1.0,False,49.52543400843706,55,v2,0.0,best_weight_by_regime,neutral,0.0,1.0,49.52543400843706,49.52543400843706,0.0,49.52543400843706,0.0,0.0,,,,,,,,,,,,,,,,,False,False,,,,,False,,,,,0.0,False,49.52543400843706,36,55,final_score,49.52543400843706,55,55,12.258682891258555,25.96256157635468,7.044334975369459,5.453799999999999,0.0,0.0,0.0,0.0,-1.1939454345456395,25.96256157635468,7.044334975369459,12.258682891258555,5.453799999999999,0.0,0.0,0.0,-1.1939454345456395,50.71937944298269,Primary prediction score,25.96256157635468,Risk penalty,-1.1939454345456395,"요약: live_score 49.5 | live_score_source=final_score | regime=neutral | dominant_driver=ret (Primary prediction score 26.0) | top_positive_factor=Primary prediction score (26.0) | top_negative_factor=Risk penalty (-1.2)
핵심 driver: Primary prediction score (ret_score) contribution 26.0, score 81.1; Tech flow score (tech_score) contribution 12.3, score 51.1; Top-bucket probability score (prob_score) contribution 7.0, score 27.1
리스크 요인: top_negative_factor=Risk penalty (-1.2); risk_penalty 1.8
운영 상태: theme_overlay: disabled (operational config); confidence: 모델 메타 점수 (calibration 미완), score=NA, label=Experimental, live_score 비반영, research/reference 용도","{""base_score"": 49.5, ""theme_weight"": 0.0, ""weight_source"": ""best_weight_by_regime"", ""regime_applied"": ""neutral"", ""theme"": {""name"": ""(none)"", ""confidence"": 0.0, ""contribution"": 0.0}}",confidence_four_axis_v1,1.0,86.0,97.0,37.53817733990148,55.058536311721745,72.54332478173363,60.426978198304944,60.426978198304944,Medium,Medium,Medium,Medium,core signals disagree,"Confidence score is 60.4 (Medium). data_maturity_score=86.0, model_reliability_score=97.0, signal_agreement_score=37.5, regime_fitness_score=55.1. Reason: core signals disagree.",60일 기대수익 상위권와 변동성 관리 양호이 추천 점수를 견인했습니다. 재무 데이터 일부 부족 요인은 함께 점검이 필요합니다.,60일 기대수익 상위권 / 변동성 관리 양호 / 거래 유동성 양호,재무 데이터 일부 부족 / 상위권 진입 확률 약함,신뢰도 Medium: core signals disagree,현재 neutral 체계로 균형형 가중치가 적용됐습니다.,high_ret_score,strong_safety_profile,healthy_liquidity_profile,partial_quality_coverage,low_probability_score,60일 기대수익 상위권,변동성 관리 양호,거래 유동성 양호,재무 데이터 일부 부족,상위권 진입 확률 약함,추가 확인 후 판단,"{""drivers"": [""high_ret_score"", ""strong_safety_profile"", ""healthy_liquidity_profile""], ""driver_texts"": [""60일 기대수익 상위권"", ""변동성 관리 양호"", ""거래 유동성 양호""], ""drags"": [""partial_quality_coverage"", ""low_probability_score""], ""drag_texts"": [""재무 데이터 일부 부족"", ""상위권 진입 확률 약함""], ""confidence_label"": ""Medium"", ""confidence_reason"": ""core signals disagree"", ""regime"": ""neutral"", ""weight_profile"": ""neutral_service_balanced"", ""regime_reason"": ""met_conditions=close_gt_ma20,ma20_gt_ma60,recent_20d_return_gt_0.03; true_count=3; breadth_20d=0.527; recent_20d_return=0.0468; ma60=5370.97; volatility_risk_flag=True"", ""action_note"": ""추가 확인 후 판단"", ""component_snapshot"": {""ret_score"": 81.13, ""prob_score"": 27.09, ""qual_score"": 30.3, ""tech_score"": 51.08, ""valuation_score"": 50.0, ""risk_penalty"": 1.84, ""live_score"": 49.53, ""final_score"": 49.53, ""confidence_score"": 60.43, ""live_rank"": 55.0, ""live_score_source"": ""final_score""}}",55,2026-04-09 11:17:11,
2026-04-08,035760,0.1165084218335494,0.1411693203699584,-0.2142868592806186,-0.2114816968589549,0.1861240978408022,0.1129441506063789,0.0,54100.0,52.76381909547738,5,0.0,100.0,0.0245591268174612,0.0315576215098089,55582.4,52555.0,-0.1385350318471337,-0.0797754720190508,33.44484764363439,0.9455331183971905,53200.0,58790.0,65438.333333333336,-0.0525394045534151,-0.0998336106489184,CJ ENM,KOSDAQ,인터넷/플랫폼·콘텐츠,,,,0.0,0.0,,0.0,,0.3,mapping_missing,0.0,False,False,2026-04-08,5872.34,5523.437,0.0407581147205317,-8114.961149999988,neutral,"met_conditions=close_gt_ma20,ma20_gt_ma60,recent_20d_return_gt_0.03; true_count=3; breadth_20d=0.527; recent_20d_return=0.0468; ma60=5370.97; volatility_risk_flag=True",-0.0797754720190508,15.0,14.39655172413793,-0.0525394045534151,-0.0998336106489184,-0.1385350318471337,46.88969528726878,24.53030559521621,0.0245591268174612,0.0315576215098089,92.61083743842364,55582.4,52555.0,12.972085385878492,4.926108374384237,0.72,24.02823799521616,feature_v1,66.50246305418719,0.6650246305418719,0.6650246305418719,59.60591133004927,0.5960591133004927,0.5960591133004927,64.43349753694581,64.43349753694581,63.74384236453202,False,18.61240978408022,0.7093596059113301,70.93596059113301,52.76381909547738,53.03030303030303,1.0,1.0,53.03030303030303,53.03030303030303,5.41871921182266,9.35960591133005,92.61083743842364,4.926108374384237,50.0,64.43349753694581,70.93596059113301,24.02823799521616,ranking_builder_v8_return_prob_tech_regime,False,False,False,False,False,False,False,False,False,False,False,False,0,7.579775317434374,0.21316479431195312,neutral_service_balanced,0.24,0.24,0.32,0.32,0.26,0.26,0.18,0.18,0.65,0.0,0.0,49.44744667349132,49.44744667349132,1.0,False,False,1.0,False,49.44744667349132,56,v2,0.0,best_weight_by_regime,neutral,0.0,1.0,49.44744667349132,49.44744667349132,0.0,49.44744667349132,0.0,0.0,,,,,,,,,,,,,,,,,False,False,,,,,False,,,,,0.0,False,49.44744667349132,37,56,final_score,49.44744667349132,56,56,5.766777118851878,20.618719211822658,18.443349753694584,9.545454545454545,0.0,0.0,0.0,0.0,-4.926853956332343,20.618719211822658,18.443349753694584,5.766777118851878,9.545454545454545,0.0,0.0,0.0,-4.926853956332343,54.374300629823665,Primary prediction score,20.618719211822658,Risk penalty,-4.926853956332343,"요약: live_score 49.4 | live_score_source=final_score | regime=neutral | dominant_driver=ret (Primary prediction score 20.6) | top_positive_factor=Primary prediction score (20.6) | top_negative_factor=Risk penalty (-4.9)
핵심 driver: Primary prediction score (ret_score) contribution 20.6, score 64.4; Top-bucket probability score (prob_score) contribution 18.4, score 70.9; Financial quality score (qual_score) contribution 9.5, score 53.0
리스크 요인: top_negative_factor=Risk penalty (-4.9); risk_penalty 7.6
운영 상태: theme_overlay: disabled (operational config); confidence: 모델 메타 점수 (calibration 미완), score=NA, label=Experimental, live_score 비반영, research/reference 용도","{""base_score"": 49.4, ""theme_weight"": 0.0, ""weight_source"": ""best_weight_by_regime"", ""regime_applied"": ""neutral"", ""theme"": {""name"": ""(none)"", ""confidence"": 0.0, ""contribution"": 0.0}}",confidence_four_axis_v1,1.0,100.0,92.8,57.17768322122494,55.30332239115222,80.42991916397906,73.93173776672043,73.93173776672043,High,High,High,High,data maturity is strong,"Confidence score is 73.9 (High). data_maturity_score=100.0, model_reliability_score=92.8, signal_agreement_score=57.2, regime_fitness_score=55.3. Reason: data maturity is strong.",변동성 관리 양호와 상위권 진입 확률 우수이 추천 점수를 견인했습니다. 거래 유동성 부족 요인은 함께 점검이 필요합니다.,변동성 관리 양호 / 상위권 진입 확률 우수,거래 유동성 부족 / 추세 탄력 약함,신뢰도 High: data maturity is strong,현재 neutral 체계로 균형형 가중치가 적용됐습니다.,strong_safety_profile,high_probability_score,,low_liquidity_score,weak_tech_score,변동성 관리 양호,상위권 진입 확률 우수,,거래 유동성 부족,추세 탄력 약함,추가 확인 후 판단,"{""drivers"": [""strong_safety_profile"", ""high_probability_score""], ""driver_texts"": [""변동성 관리 양호"", ""상위권 진입 확률 우수""], ""drags"": [""low_liquidity_score"", ""weak_tech_score""], ""drag_texts"": [""거래 유동성 부족"", ""추세 탄력 약함""], ""confidence_label"": ""High"", ""confidence_reason"": ""data maturity is strong"", ""regime"": ""neutral"", ""weight_profile"": ""neutral_service_balanced"", ""regime_reason"": ""met_conditions=close_gt_ma20,ma20_gt_ma60,recent_20d_return_gt_0.03; true_count=3; breadth_20d=0.527; recent_20d_return=0.0468; ma60=5370.97; volatility_risk_flag=True"", ""action_note"": ""추가 확인 후 판단"", ""component_snapshot"": {""ret_score"": 64.43, ""prob_score"": 70.94, ""qual_score"": 53.03, ""tech_score"": 24.03, ""valuation_score"": 50.0, ""risk_penalty"": 7.58, ""live_score"": 49.45, ""final_score"": 49.45, ""confidence_score"": 73.93, ""live_rank"": 56.0, ""live_score_source"": ""final_score""}}",56,2026-04-09 11:17:11,
2026-04-08,160190,0.6956763311942133,1.166443046738375,-0.2582501783247567,-0.2963542529748237,0.2490460298310589,0.5028405650160932,0.0,35800.0,10.050251256281408,5,0.0,100.0,0.0698627942041809,0.0671421530174316,228810.7,128541.0,-0.3890784982935154,-0.160609613130129,32.884900253982934,0.5617787979320897,34110.0,42650.0,58441.66666666666,-0.0041724617524339,-0.1127633209417595,하이젠알앤엠,KOSDAQ,기계,,,,0.0,0.0,,0.0,,0.3,mapping_missing,0.0,False,False,2026-04-08,5872.34,5523.437,0.0407581147205317,-8114.961149999988,neutral,"met_conditions=close_gt_ma20,ma20_gt_ma60,recent_20d_return_gt_0.03; true_count=3; breadth_20d=0.527; recent_20d_return=0.0468; ma60=5370.97; volatility_risk_flag=True",-0.160609613130129,15.0,10.209359605911331,-0.0041724617524339,-0.1127633209417595,-0.3648279309788744,45.76980050796587,26.22077525014418,0.0698627942041809,0.0671421530174316,11.82266009852217,228810.7,128541.0,19.211822660098523,34.48275862068966,1.0,17.486384638043074,feature_v1,98.52216748768473,0.9852216748768473,0.9852216748768473,99.50738916256158,0.9950738916256158,0.9950738916256158,98.81773399014777,98.81773399014777,98.91625615763547,False,24.90460298310589,0.8226600985221675,82.26600985221675,10.050251256281408,10.1010101010101,1.0,1.0,10.1010101010101,10.1010101010101,93.59605911330048,82.75862068965517,11.82266009852217,34.48275862068966,50.0,98.81773399014777,82.26600985221675,17.486384638043074,ranking_builder_v8_return_prob_tech_regime,False,False,False,False,False,False,False,False,False,False,False,False,0,14.819016982174022,0.2734918081847835,neutral_service_balanced,0.24,0.24,0.32,0.32,0.26,0.26,0.18,0.18,0.65,0.0,0.0,49.39339053132269,49.39339053132269,1.0,False,False,1.0,False,49.39339053132269,57,v2,0.0,best_weight_by_regime,neutral,0.0,1.0,49.39339053132269,49.39339053132269,0.0,49.39339053132269,0.0,0.0,,,,,,,,,,,,,,,,,False,False,,,,,False,,,,,10.0,True,39.39339053132269,88,57,final_score,49.39339053132269,57,57,4.196732313130338,31.621674876847287,21.389162561576356,1.818181818181818,0.0,0.0,0.0,0.0,-9.632361038413114,31.621674876847287,21.389162561576356,4.196732313130338,1.818181818181818,0.0,0.0,0.0,-9.632361038413114,59.0257515697358,Primary prediction score,31.621674876847287,Risk penalty,-9.632361038413114,"요약: live_score 49.4 | live_score_source=final_score | regime=neutral | dominant_driver=ret (Primary prediction score 31.6) | top_positive_factor=Primary prediction score (31.6) | top_negative_factor=Risk penalty (-9.6)
핵심 driver: Primary prediction score (ret_score) contribution 31.6, score 98.8; Top-bucket probability score (prob_score) contribution 21.4, score 82.3; Tech flow score (tech_score) contribution 4.2, score 17.5
리스크 요인: top_negative_factor=Risk penalty (-9.6); risk_penalty 14.8
운영 상태: theme_overlay: disabled (operational config); confidence: 모델 메타 점수 (calibration 미완), score=NA, label=Experimental, live_score 비반영, research/reference 용도","{""base_score"": 49.4, ""theme_weight"": 0.0, ""weight_source"": ""best_weight_by_regime"", ""regime_applied"": ""neutral"", ""theme"": {""name"": ""(none)"", ""confidence"": 0.0, ""contribution"": 0.0}}",confidence_four_axis_v1,1.0,100.0,97.0,38.3849828332587,54.64690177076096,76.89328097392881,66.28337348745566,66.28337348745566,Medium,Medium,Medium,Medium,core signals disagree; current regime fit is weak,"Confidence score is 66.3 (Medium). data_maturity_score=100.0, model_reliability_score=97.0, signal_agreement_score=38.4, regime_fitness_score=54.6. Reason: core signals disagree; current regime fit is weak.",60일 기대수익 상위권와 상위권 진입 확률 우수이 추천 점수를 견인했습니다. 재무 품질 보완 필요 요인은 함께 점검이 필요합니다.,60일 기대수익 상위권 / 상위권 진입 확률 우수,재무 품질 보완 필요 / 방어력 약함,신뢰도 Medium: core signals disagree; current regime fit is weak,현재 neutral 체계로 균형형 가중치가 적용됐습니다.,high_ret_score,high_probability_score,,weak_quality_score,weak_safety_score,60일 기대수익 상위권,상위권 진입 확률 우수,,재무 품질 보완 필요,방어력 약함,추가 확인 후 판단,"{""drivers"": [""high_ret_score"", ""high_probability_score""], ""driver_texts"": [""60일 기대수익 상위권"", ""상위권 진입 확률 우수""], ""drags"": [""weak_quality_score"", ""weak_safety_score""], ""drag_texts"": [""재무 품질 보완 필요"", ""방어력 약함""], ""confidence_label"": ""Medium"", ""confidence_reason"": ""core signals disagree; current regime fit is weak"", ""regime"": ""neutral"", ""weight_profile"": ""neutral_service_balanced"", ""regime_reason"": ""met_conditions=close_gt_ma20,ma20_gt_ma60,recent_20d_return_gt_0.03; true_count=3; breadth_20d=0.527; recent_20d_return=0.0468; ma60=5370.97; volatility_risk_flag=True"", ""action_note"": ""추가 확인 후 판단"", ""component_snapshot"": {""ret_score"": 98.82, ""prob_score"": 82.27, ""qual_score"": 10.1, ""tech_score"": 17.49, ""valuation_score"": 50.0, ""risk_penalty"": 14.82, ""live_score"": 49.39, ""final_score"": 49.39, ""confidence_score"": 66.28, ""live_rank"": 57.0, ""live_score_source"": ""final_score""}}",57,2026-04-09 11:17:11,
2026-04-08,035720,0.1397672823350364,-0.0138283999505158,-0.2321437658633354,-0.2699649885796168,0.1568158235097398,0.1126130897139008,0.0,47850.0,44.72361809045226,5,0.0,100.0,0.0298704944857892,0.0378080122565948,1395898.6,1615185.0,-0.0599214145383104,-0.0097780537016917,45.26698961081526,1.1570933590735029,45940.0,48322.5,54553.333333333336,-0.0082901554404145,-0.0244648318042813,카카오,KOSPI,인터넷/플랫폼·콘텐츠,,,Digital Platform Ecosystem,59.45,0.6677115358107046,59.45,59.45,59.45,0.3,,39.69545080394639,True,False,2026-04-08,5872.34,5523.437,0.0407581147205317,-8114.961149999988,neutral,"met_conditions=close_gt_ma20,ma20_gt_ma60,recent_20d_return_gt_0.03; true_count=3; breadth_20d=0.527; recent_20d_return=0.0468; ma60=5370.97; volatility_risk_flag=True",-0.0097780537016917,15.0,28.928571428571427,-0.0082901554404145,-0.0244648318042813,-0.0599214145383104,70.53397922163052,49.16058840146675,0.0298704944857892,0.0378080122565948,82.75862068965517,1395898.6,1615185.0,78.16091954022988,87.68472906403942,1.0,54.1606394380503,feature_v1,69.95073891625616,0.6995073891625616,0.6995073891625616,39.40886699507389,0.39408866995073893,0.39408866995073893,60.78817733990147,60.78817733990147,57.73399014778325,False,15.68158235097398,0.6108374384236454,61.083743842364534,44.72361809045226,44.94949494949495,1.0,1.0,44.94949494949495,44.94949494949495,13.793103448275861,20.689655172413794,82.75862068965517,87.68472906403942,50.0,60.78817733990147,61.083743842364534,54.1606394380503,ranking_builder_v8_return_prob_tech_regime,False,False,False,False,False,False,False,False,False,False,False,False,0,11.672670593981756,0.24727225494984797,neutral_service_balanced,0.24,0.24,0.32,0.32,0.26,0.26,0.18,0.18,0.65,0.0,0.0,48.83621681773628,48.83621681773628,1.0,False,False,1.0,False,48.83621681773628,58,v2,0.0,best_weight_by_regime,neutral,0.0,1.0,48.83621681773628,48.83621681773628,0.0,48.83621681773628,0.0,0.0,,,,,,,,,,,,,,,,,False,False,,,,,False,,,,,0.0,False,48.83621681773628,39,58,final_score,48.83621681773628,58,58,12.998553465132073,19.45221674876847,15.88177339901478,8.09090909090909,0.0,0.0,0.0,0.0,-7.587235886088142,19.45221674876847,15.88177339901478,12.998553465132073,8.09090909090909,0.0,0.0,0.0,-7.587235886088142,56.42345270382441,Primary prediction score,19.45221674876847,Risk penalty,-7.587235886088142,"요약: live_score 48.8 | live_score_source=final_score | regime=neutral | dominant_driver=ret (Primary prediction score 19.5) | top_positive_factor=Primary prediction score (19.5) | top_negative_factor=Risk penalty (-7.6)
핵심 driver: Primary prediction score (ret_score) contribution 19.5, score 60.8; Top-bucket probability score (prob_score) contribution 15.9, score 61.1; Tech flow score (tech_score) contribution 13.0, score 54.2
리스크 요인: top_negative_factor=Risk penalty (-7.6); risk_penalty 11.7
운영 상태: theme_overlay: disabled (operational config); confidence: 모델 메타 점수 (calibration 미완), score=NA, label=Experimental, live_score 비반영, research/reference 용도","{""base_score"": 48.8, ""theme_weight"": 0.0, ""weight_source"": ""best_weight_by_regime"", ""regime_applied"": ""neutral"", ""theme"": {""name"": ""Digital Platform Ecosystem"", ""confidence"": 0.67, ""contribution"": 0.0}}",confidence_four_axis_v1,1.0,100.0,97.0,72.65972533213912,53.923054860881315,85.35338956216698,79.84850110503191,79.84850110503191,High,High,High,High,current regime fit is weak,"Confidence score is 79.8 (High). data_maturity_score=100.0, model_reliability_score=97.0, signal_agreement_score=72.7, regime_fitness_score=53.9. Reason: current regime fit is weak.",거래 유동성 양호와 변동성 관리 양호이 추천 점수를 견인했습니다. 최근 변동성 확대 주의 요인은 함께 점검이 필요합니다.,거래 유동성 양호 / 변동성 관리 양호,최근 변동성 확대 주의 / 재무 품질 보완 필요,신뢰도 High: current regime fit is weak,현재 neutral 체계로 균형형 가중치가 적용됐습니다.,healthy_liquidity_profile,strong_safety_profile,,elevated_risk_penalty,weak_quality_score,거래 유동성 양호,변동성 관리 양호,,최근 변동성 확대 주의,재무 품질 보완 필요,추가 확인 후 판단,"{""drivers"": [""healthy_liquidity_profile"", ""strong_safety_profile""], ""driver_texts"": [""거래 유동성 양호"", ""변동성 관리 양호""], ""drags"": [""elevated_risk_penalty"", ""weak_quality_score""], ""drag_texts"": [""최근 변동성 확대 주의"", ""재무 품질 보완 필요""], ""confidence_label"": ""High"", ""confidence_reason"": ""current regime fit is weak"", ""regime"": ""neutral"", ""weight_profile"": ""neutral_service_balanced"", ""regime_reason"": ""met_conditions=close_gt_ma20,ma20_gt_ma60,recent_20d_return_gt_0.03; true_count=3; breadth_20d=0.527; recent_20d_return=0.0468; ma60=5370.97; volatility_risk_flag=True"", ""action_note"": ""추가 확인 후 판단"", ""component_snapshot"": {""ret_score"": 60.79, ""prob_score"": 61.08, ""qual_score"": 44.95, ""tech_score"": 54.16, ""valuation_score"": 50.0, ""risk_penalty"": 11.67, ""live_score"": 48.84, ""final_score"": 48.84, ""confidence_score"": 79.85, ""live_rank"": 58.0, ""live_score_source"": ""final_score""}}",58,2026-04-09 11:17:11,
2026-04-08,003380,0.21652739409171,0.6991551580366848,-0.3288924479836393,-0.381264153287991,0.2221498326260996,0.2245199452460076,0.0,13800.0,31.155778894472363,5,0.0,100.0,0.0604334641174593,0.0733247683890894,1665254.5,847521.0,-0.1309823677581864,-0.0626273604129873,45.56236487266279,0.5089438281055538,13444.0,14722.0,14397.5,-0.0410006949270326,-0.086697551290536,하림지주,KOSDAQ,금융,,,,0.0,0.0,,0.0,,0.3,mapping_missing,0.0,False,False,2026-04-08,5872.34,5523.437,0.0407581147205317,-8114.961149999988,neutral,"met_conditions=close_gt_ma20,ma20_gt_ma60,recent_20d_return_gt_0.03; true_count=3; breadth_20d=0.527; recent_20d_return=0.0468; ma60=5370.97; volatility_risk_flag=True",-0.0626273604129873,35.0,26.85960591133005,-0.0410006949270326,-0.086697551290536,-0.1309823677581864,71.12472974532558,32.92896568756292,0.0604334641174593,0.0733247683890894,11.33004926108375,1665254.5,847521.0,56.650246305418726,90.64039408866995,1.0,30.346566562075594,feature_v1,80.78817733990148,0.8078817733990148,0.8078817733990148,95.07389162561576,0.9507389162561576,0.9507389162561576,85.07389162561576,85.07389162561576,86.50246305418719,False,22.214983262609962,0.7783251231527094,77.83251231527095,31.155778894472363,31.313131313131315,1.0,1.0,31.313131313131315,31.313131313131315,84.23645320197043,93.10344827586206,11.33004926108375,90.64039408866995,50.0,85.07389162561576,77.83251231527095,30.346566562075594,ranking_builder_v8_return_prob_tech_regime,False,False,False,False,False,False,False,False,False,False,False,False,0,18.0,0.34984113010538,neutral_service_balanced,0.24,0.24,0.32,0.32,0.26,0.26,0.18,0.18,0.65,0.0,0.0,48.679638133429265,48.679638133429265,1.0,False,False,1.0,False,48.679638133429265,59,v2,0.0,best_weight_by_regime,neutral,0.0,1.0,48.679638133429265,48.679638133429265,0.0,48.679638133429265,0.0,0.0,,,,,,,,,,,,,,,,,False,False,,,,,False,,,,,4.0,True,44.679638133429265,56,59,final_score,48.679638133429265,59,59,7.283175974898143,27.223645320197043,20.23645320197045,5.636363636363637,0.0,0.0,0.0,0.0,-11.700000000000001,27.223645320197043,20.23645320197045,7.283175974898143,5.636363636363637,0.0,0.0,0.0,-11.700000000000001,60.37963813342927,Primary prediction score,27.223645320197043,Risk penalty,-11.700000000000001,"요약: live_score 48.7 | live_score_source=final_score | regime=neutral | dominant_driver=ret (Primary prediction score 27.2) | top_positive_factor=Primary prediction score (27.2) | top_negative_factor=Risk penalty (-11.7)
핵심 driver: Primary prediction score (ret_score) contribution 27.2, score 85.1; Top-bucket probability score (prob_score) contribution 20.2, score 77.8; Tech flow score (tech_score) contribution 7.3, score 30.3
리스크 요인: top_negative_factor=Risk penalty (-11.7); risk_penalty 18.0
운영 상태: theme_overlay: disabled (operational config); confidence: 모델 메타 점수 (calibration 미완), score=NA, label=Experimental, live_score 비반영, research/reference 용도","{""base_score"": 48.7, ""theme_weight"": 0.0, ""weight_source"": ""best_weight_by_regime"", ""regime_applied"": ""neutral"", ""theme"": {""name"": ""(none)"", ""confidence"": 0.0, ""contribution"": 0.0}}",confidence_four_axis_v1,1.0,100.0,97.0,48.581802480937945,53.57990693335357,79.28243666023751,70.1487023790459,70.1487023790459,Medium,High,High,High,core signals disagree; current regime fit is weak,"Confidence score is 70.1 (High). data_maturity_score=100.0, model_reliability_score=97.0, signal_agreement_score=48.6, regime_fitness_score=53.6. Reason: core signals disagree; current regime fit is weak.",60일 기대수익 상위권와 상위권 진입 확률 우수이 추천 점수를 견인했습니다. 방어력 약함 요인은 함께 점검이 필요합니다.,60일 기대수익 상위권 / 상위권 진입 확률 우수 / 거래 유동성 양호,방어력 약함 / 예상 손실 폭 부담 큼,신뢰도 High: core signals disagree; current regime fit is weak,현재 neutral 체계로 균형형 가중치가 적용됐습니다.,high_ret_score,high_probability_score,healthy_liquidity_profile,weak_safety_score,very_high_risk_penalty,60일 기대수익 상위권,상위권 진입 확률 우수,거래 유동성 양호,방어력 약함,예상 손실 폭 부담 큼,추가 확인 후 판단,"{""drivers"": [""high_ret_score"", ""high_probability_score"", ""healthy_liquidity_profile""], ""driver_texts"": [""60일 기대수익 상위권"", ""상위권 진입 확률 우수"", ""거래 유동성 양호""], ""drags"": [""weak_safety_score"", ""very_high_risk_penalty""], ""drag_texts"": [""방어력 약함"", ""예상 손실 폭 부담 큼""], ""confidence_label"": ""High"", ""confidence_reason"": ""core signals disagree; current regime fit is weak"", ""regime"": ""neutral"", ""weight_profile"": ""neutral_service_balanced"", ""regime_reason"": ""met_conditions=close_gt_ma20,ma20_gt_ma60,recent_20d_return_gt_0.03; true_count=3; breadth_20d=0.527; recent_20d_return=0.0468; ma60=5370.97; volatility_risk_flag=True"", ""action_note"": ""추가 확인 후 판단"", ""component_snapshot"": {""ret_score"": 85.07, ""prob_score"": 77.83, ""qual_score"": 31.31, ""tech_score"": 30.35, ""valuation_score"": 50.0, ""risk_penalty"": 18.0, ""live_score"": 48.68, ""final_score"": 48.68, ""confidence_score"": 70.15, ""live_rank"": 59.0, ""live_score_source"": ""final_score""}}",59,2026-04-09 11:17:11,
2026-04-08,358570,0.2067648030248334,0.3342989692418205,-0.2983264704018649,-0.3196665599997461,0.2913661888969421,0.3840931096528931,0.0,13290.0,4.522613065326634,5,0.0,100.0,0.0608922416358887,0.0606991336114877,692692.15,556234.0,0.0045351473922903,-0.0188261351052049,47.74560020614211,0.8030031811389807,12566.0,13545.0,14370.5,0.019953952417498,-0.0299270072992701,지아이이노베이션,KOSDAQ,정유/화학,,,바이오,21.09375,0.4208811131386861,21.09375,21.09375,21.09375,0.3,,8.87796098026916,True,False,2026-04-08,5872.34,5523.437,0.0407581147205317,-8114.961149999988,neutral,"met_conditions=close_gt_ma20,ma20_gt_ma60,recent_20d_return_gt_0.03; true_count=3; breadth_20d=0.527; recent_20d_return=0.0468; ma60=5370.97; volatility_risk_flag=True",-0.0188261351052049,15.0,26.46551724137931,0.019953952417498,-0.0299270072992701,0.0045351473922903,75.49120041228421,60.744721285337064,0.0608922416358887,0.0606991336114877,21.182266009852214,692692.15,556234.0,50.73891625615764,70.44334975369459,1.0,41.047598262675855,feature_v1,80.29556650246306,0.8029556650246306,0.8029556650246306,84.72906403940887,0.8472906403940886,0.8472906403940886,81.6256157635468,81.6256157635468,82.0689655172414,False,29.136618889694212,0.8916256157635468,89.16256157635468,4.522613065326634,4.545454545454546,1.0,1.0,4.545454545454546,4.545454545454546,84.72906403940887,72.9064039408867,21.182266009852214,70.44334975369459,50.0,81.6256157635468,89.16256157635468,41.047598262675855,ranking_builder_v8_return_prob_tech_regime,False,False,False,False,False,False,False,False,False,False,False,False,0,18.0,0.30686250624101735,neutral_service_balanced,0.24,0.24,0.32,0.32,0.26,0.26,0.18,0.18,0.65,0.0,0.0,48.27206845541122,48.27206845541122,1.0,False,False,1.0,False,48.27206845541122,60,v2,0.0,best_weight_by_regime,neutral,0.0,1.0,48.27206845541122,48.27206845541122,0.0,48.27206845541122,0.0,0.0,,,,,,,,,,,,,,,,,False,False,,,,,False,,,,,10.0,True,38.27206845541122,94,60,final_score,48.27206845541122,60,60,9.851423583042205,26.12019704433498,23.182266009852217,0.8181818181818182,0.0,0.0,0.0,0.0,-11.700000000000001,26.12019704433498,23.182266009852217,9.851423583042205,0.8181818181818182,0.0,0.0,0.0,-11.700000000000001,59.972068455411225,Primary prediction score,26.12019704433498,Risk penalty,-11.700000000000001,"요약: live_score 48.3 | live_score_source=final_score | regime=neutral | dominant_driver=ret (Primary prediction score 26.1) | top_positive_factor=Primary prediction score (26.1) | top_negative_factor=Risk penalty (-11.7)
핵심 driver: Primary prediction score (ret_score) contribution 26.1, score 81.6; Top-bucket probability score (prob_score) contribution 23.2, score 89.2; Tech flow score (tech_score) contribution 9.9, score 41.0
리스크 요인: top_negative_factor=Risk penalty (-11.7); risk_penalty 18.0
운영 상태: theme_overlay: disabled (operational config); confidence: 모델 메타 점수 (calibration 미완), score=NA, label=Experimental, live_score 비반영, research/reference 용도","{""base_score"": 48.3, ""theme_weight"": 0.0, ""weight_source"": ""best_weight_by_regime"", ""regime_applied"": ""neutral"", ""theme"": {""name"": ""바이오"", ""confidence"": 0.42, ""contribution"": 0.0}}",confidence_four_axis_v1,1.0,100.0,97.0,45.86486789072996,53.19097957192612,78.5448639084714,68.9841430706772,68.9841430706772,Medium,Medium,Medium,Medium,core signals disagree; current regime fit is weak,"Confidence score is 69.0 (Medium). data_maturity_score=100.0, model_reliability_score=97.0, signal_agreement_score=45.9, regime_fitness_score=53.2. Reason: core signals disagree; current regime fit is weak.",60일 기대수익 상위권와 상위권 진입 확률 우수이 추천 점수를 견인했습니다. 재무 품질 보완 필요 요인은 함께 점검이 필요합니다.,60일 기대수익 상위권 / 상위권 진입 확률 우수 / 거래 유동성 양호,재무 품질 보완 필요 / 방어력 약함,신뢰도 Medium: core signals disagree; current regime fit is weak,현재 neutral 체계로 균형형 가중치가 적용됐습니다.,high_ret_score,high_probability_score,healthy_liquidity_profile,weak_quality_score,weak_safety_score,60일 기대수익 상위권,상위권 진입 확률 우수,거래 유동성 양호,재무 품질 보완 필요,방어력 약함,추가 확인 후 판단,"{""drivers"": [""high_ret_score"", ""high_probability_score"", ""healthy_liquidity_profile""], ""driver_texts"": [""60일 기대수익 상위권"", ""상위권 진입 확률 우수"", ""거래 유동성 양호""], ""drags"": [""weak_quality_score"", ""weak_safety_score""], ""drag_texts"": [""재무 품질 보완 필요"", ""방어력 약함""], ""confidence_label"": ""Medium"", ""confidence_reason"": ""core signals disagree; current regime fit is weak"", ""regime"": ""neutral"", ""weight_profile"": ""neutral_service_balanced"", ""regime_reason"": ""met_conditions=close_gt_ma20,ma20_gt_ma60,recent_20d_return_gt_0.03; true_count=3; breadth_20d=0.527; recent_20d_return=0.0468; ma60=5370.97; volatility_risk_flag=True"", ""action_note"": ""추가 확인 후 판단"", ""component_snapshot"": {""ret_score"": 81.63, ""prob_score"": 89.16, ""qual_score"": 4.55, ""tech_score"": 41.05, ""valuation_score"": 50.0, ""risk_penalty"": 18.0, ""live_score"": 48.27, ""final_score"": 48.27, ""confidence_score"": 68.98, ""live_rank"": 60.0, ""live_score_source"": ""final_score""}}",60,2026-04-09 11:17:11,
2026-04-08,086900,0.078342312232986,0.1502902285587366,-0.2326046171073904,-0.2463926684521777,0.1588122711574537,0.1375018787225419,0.0,101700.0,69.34673366834171,5,0.0,100.0,0.0294918077240032,0.0295185725923059,42890.55,44701.0,-0.1532056619483763,-0.0377519159806982,39.58588818792508,1.0422109299134656,99080.0,105690.0,119440.0,-0.0230547550432276,-0.0387523629489603,메디톡스,KOSDAQ,생물공학,,,바이오,21.09375,0.4208811131386861,21.09375,21.09375,21.09375,0.3,,8.87796098026916,True,False,2026-04-08,5872.34,5523.437,0.0407581147205317,-8114.961149999988,neutral,"met_conditions=close_gt_ma20,ma20_gt_ma60,recent_20d_return_gt_0.03; true_count=3; breadth_20d=0.527; recent_20d_return=0.0468; ma60=5370.97; volatility_risk_flag=True",-0.0377519159806982,15.0,20.554187192118228,-0.0230547550432276,-0.0387523629489603,-0.1532056619483763,59.17177637585016,36.96043177869161,0.0294918077240032,0.0295185725923059,90.64039408866995,42890.55,51716.04,15.763546798029559,2.4630541871921183,0.72,28.50841304468349,feature_v1,59.60591133004927,0.5960591133004927,0.5960591133004927,62.06896551724138,0.6206896551724138,0.6206896551724138,60.3448275862069,60.3448275862069,60.591133004926114,False,15.88122711574537,0.6305418719211823,63.05418719211823,69.34673366834171,69.6969696969697,1.0,1.0,69.6969696969697,69.6969696969697,13.30049261083744,5.41871921182266,90.64039408866995,2.4630541871921183,50.0,60.3448275862069,63.05418719211823,28.50841304468349,ranking_builder_v8_return_prob_tech_regime,False,False,False,False,False,False,False,False,False,False,False,False,0,10.574380517436635,0.2381198376453053,neutral_service_balanced,0.24,0.24,0.32,0.32,0.26,0.26,0.18,0.18,0.65,0.0,0.0,48.21855983738172,48.21855983738172,1.0,False,False,1.0,False,48.21855983738172,61,v2,0.0,best_weight_by_regime,neutral,0.0,1.0,48.21855983738172,48.21855983738172,0.0,48.21855983738172,0.0,0.0,,,,,,,,,,,,,,,,,False,False,,,,,False,,,,,0.0,False,48.21855983738172,41,61,final_score,48.21855983738172,61,61,6.8420191307240374,19.310344827586206,16.39408866995074,12.545454545454547,0.0,0.0,0.0,0.0,-6.873347336333813,19.310344827586206,16.39408866995074,6.8420191307240374,12.545454545454547,0.0,0.0,0.0,-6.873347336333813,55.091907173715526,Primary prediction score,19.310344827586206,Risk penalty,-6.873347336333813,"요약: live_score 48.2 | live_score_source=final_score | regime=neutral | dominant_driver=ret (Primary prediction score 19.3) | top_positive_factor=Primary prediction score (19.3) | top_negative_factor=Risk penalty (-6.9)
핵심 driver: Primary prediction score (ret_score) contribution 19.3, score 60.3; Top-bucket probability score (prob_score) contribution 16.4, score 63.1; Financial quality score (qual_score) contribution 12.5, score 69.7
리스크 요인: top_negative_factor=Risk penalty (-6.9); risk_penalty 10.6
운영 상태: theme_overlay: disabled (operational config); confidence: 모델 메타 점수 (calibration 미완), score=NA, label=Experimental, live_score 비반영, research/reference 용도","{""base_score"": 48.2, ""theme_weight"": 0.0, ""weight_source"": ""best_weight_by_regime"", ""regime_applied"": ""neutral"", ""theme"": {""name"": ""바이오"", ""confidence"": 0.42, ""contribution"": 0.0}}",confidence_four_axis_v1,1.0,100.0,92.8,70.14343300431413,53.83316739907373,83.4508333609396,78.8240066815404,78.8240066815404,High,High,High,High,current regime fit is weak,"Confidence score is 78.8 (High). data_maturity_score=100.0, model_reliability_score=92.8, signal_agreement_score=70.1, regime_fitness_score=53.8. Reason: current regime fit is weak.",변동성 관리 양호와 재무 품질 양호이 추천 점수를 견인했습니다. 거래 유동성 부족 요인은 함께 점검이 필요합니다.,변동성 관리 양호 / 재무 품질 양호,거래 유동성 부족 / 추세 탄력 약함,신뢰도 High: current regime fit is weak,현재 neutral 체계로 균형형 가중치가 적용됐습니다.,strong_safety_profile,strong_quality_profile,,low_liquidity_score,weak_tech_score,변동성 관리 양호,재무 품질 양호,,거래 유동성 부족,추세 탄력 약함,추가 확인 후 판단,"{""drivers"": [""strong_safety_profile"", ""strong_quality_profile""], ""driver_texts"": [""변동성 관리 양호"", ""재무 품질 양호""], ""drags"": [""low_liquidity_score"", ""weak_tech_score""], ""drag_texts"": [""거래 유동성 부족"", ""추세 탄력 약함""], ""confidence_label"": ""High"", ""confidence_reason"": ""current regime fit is weak"", ""regime"": ""neutral"", ""weight_profile"": ""neutral_service_balanced"", ""regime_reason"": ""met_conditions=close_gt_ma20,ma20_gt_ma60,recent_20d_return_gt_0.03; true_count=3; breadth_20d=0.527; recent_20d_return=0.0468; ma60=5370.97; volatility_risk_flag=True"", ""action_note"": ""추가 확인 후 판단"", ""component_snapshot"": {""ret_score"": 60.34, ""prob_score"": 63.05, ""qual_score"": 69.7, ""tech_score"": 28.51, ""valuation_score"": 50.0, ""risk_penalty"": 10.57, ""live_score"": 48.22, ""final_score"": 48.22, ""confidence_score"": 78.82, ""live_rank"": 61.0, ""live_score_source"": ""final_score""}}",61,2026-04-09 11:17:11,
2026-04-08,466100,0.138437714259596,0.1689389046768308,-0.2953120226877199,-0.3205881921172642,0.3632902293437191,0.1273773511659631,0.0,44400.0,43.71859296482412,5,0.0,100.0,0.0636464551635776,0.0640230727175478,311413.75,602509.0,-0.2371134020618557,-0.1410330818340104,36.87007977336667,1.9347540049211056,45800.0,51690.0,61805.0,-0.1669793621013133,-0.159090909090909,클로봇,KOSDAQ,기계,,,,0.0,0.0,,0.0,,0.3,mapping_missing,0.0,False,False,2026-04-08,5872.34,5523.437,0.0407581147205317,-8114.961149999988,neutral,"met_conditions=close_gt_ma20,ma20_gt_ma60,recent_20d_return_gt_0.03; true_count=3; breadth_20d=0.527; recent_20d_return=0.0468; ma60=5370.97; volatility_risk_flag=True",-0.1410330818340104,15.0,11.194581280788178,-0.1669793621013133,-0.159090909090909,-0.2371134020618557,53.74015954673334,17.129621167471512,0.0636464551635776,0.0640230727175478,16.50246305418719,311413.75,602509.0,67.81609195402298,43.84236453201971,1.0,22.826648196792366,feature_v1,68.96551724137932,0.6896551724137931,0.6896551724137931,66.00985221674877,0.6600985221674877,0.6600985221674877,68.07881773399015,68.07881773399015,67.78325123152709,False,36.329022934371906,0.9507389162561576,95.07389162561576,43.71859296482412,43.93939393939394,1.0,1.0,43.93939393939394,43.93939393939394,89.16256157635468,77.83251231527095,16.50246305418719,43.84236453201971,50.0,68.07881773399015,95.07389162561576,22.826648196792366,ranking_builder_v8_return_prob_tech_regime,False,False,False,False,False,False,False,False,False,False,False,False,0,18.0,0.3054224904595376,neutral_service_balanced,0.24,0.24,0.32,0.32,0.26,0.26,0.18,0.18,0.65,0.0,0.0,48.19191997385802,48.19191997385802,1.0,False,False,1.0,False,48.19191997385802,62,v2,0.0,best_weight_by_regime,neutral,0.0,1.0,48.19191997385802,48.19191997385802,0.0,48.19191997385802,0.0,0.0,,,,,,,,,,,,,,,,,False,False,,,,,False,,,,,4.0,True,44.19191997385802,61,62,final_score,48.19191997385802,62,62,5.478395567230168,21.785221674876848,24.7192118226601,7.909090909090908,0.0,0.0,0.0,0.0,-11.700000000000001,21.785221674876848,24.7192118226601,5.478395567230168,7.909090909090908,0.0,0.0,0.0,-11.700000000000001,59.89191997385802,Top-bucket probability score,24.7192118226601,Risk penalty,-11.700000000000001,"요약: live_score 48.2 | live_score_source=final_score | regime=neutral | dominant_driver=prob (Top-bucket probability score 24.7) | top_positive_factor=Top-bucket probability score (24.7) | top_negative_factor=Risk penalty (-11.7)
핵심 driver: Top-bucket probability score (prob_score) contribution 24.7, score 95.1; Primary prediction score (ret_score) contribution 21.8, score 68.1; Financial quality score (qual_score) contribution 7.9, score 43.9
리스크 요인: top_negative_factor=Risk penalty (-11.7); risk_penalty 18.0
운영 상태: theme_overlay: disabled (operational config); confidence: 모델 메타 점수 (calibration 미완), score=NA, label=Experimental, live_score 비반영, research/reference 용도","{""base_score"": 48.2, ""theme_weight"": 0.0, ""weight_source"": ""best_weight_by_regime"", ""regime_applied"": ""neutral"", ""theme"": {""name"": ""(none)"", ""confidence"": 0.0, ""contribution"": 0.0}}",confidence_four_axis_v1,1.0,100.0,97.0,49.575826971352974,53.47543562532653,79.51527208663721,70.5254179136065,70.5254179136065,Medium,High,High,High,core signals disagree; current regime fit is weak,"Confidence score is 70.5 (High). data_maturity_score=100.0, model_reliability_score=97.0, signal_agreement_score=49.6, regime_fitness_score=53.5. Reason: core signals disagree; current regime fit is weak.",상위권 진입 확률 우수와 60일 기대수익 상위권이 추천 점수를 견인했습니다. 방어력 약함 요인은 함께 점검이 필요합니다.,상위권 진입 확률 우수 / 60일 기대수익 상위권,방어력 약함 / 예상 손실 폭 부담 큼,신뢰도 High: core signals disagree; current regime fit is weak,현재 neutral 체계로 균형형 가중치가 적용됐습니다.,high_probability_score,high_ret_score,,weak_safety_score,very_high_risk_penalty,상위권 진입 확률 우수,60일 기대수익 상위권,,방어력 약함,예상 손실 폭 부담 큼,추가 확인 후 판단,"{""drivers"": [""high_probability_score"", ""high_ret_score""], ""driver_texts"": [""상위권 진입 확률 우수"", ""60일 기대수익 상위권""], ""drags"": [""weak_safety_score"", ""very_high_risk_penalty""], ""drag_texts"": [""방어력 약함"", ""예상 손실 폭 부담 큼""], ""confidence_label"": ""High"", ""confidence_reason"": ""core signals disagree; current regime fit is weak"", ""regime"": ""neutral"", ""weight_profile"": ""neutral_service_balanced"", ""regime_reason"": ""met_conditions=close_gt_ma20,ma20_gt_ma60,recent_20d_return_gt_0.03; true_count=3; breadth_20d=0.527; recent_20d_return=0.0468; ma60=5370.97; volatility_risk_flag=True"", ""action_note"": ""추가 확인 후 판단"", ""component_snapshot"": {""ret_score"": 68.08, ""prob_score"": 95.07, ""qual_score"": 43.94, ""tech_score"": 22.83, ""valuation_score"": 50.0, ""risk_penalty"": 18.0, ""live_score"": 48.19, ""final_score"": 48.19, ""confidence_score"": 70.53, ""live_rank"": 62.0, ""live_score_source"": ""final_score""}}",62,2026-04-09 11:17:11,
2026-04-08,029780,0.0456280818211398,0.0725030125381243,-0.1654164893196809,-0.1789896091685547,0.1296372091252592,0.109596951404701,0.0,53600.0,78.39195979899498,4,0.1999999999999999,80.0,0.0194370966493032,0.0212304855166372,118294.25,122342.0,-0.0991596638655462,-0.0459238163047347,39.20465850300345,1.0342176394879716,52640.0,56180.0,57390.0,0.0075187969924812,-0.0496453900709219,삼성카드,KOSPI,카드,,,,0.0,0.0,,0.0,,0.3,mapping_missing,0.0,False,False,2026-04-08,5872.34,5523.437,0.0407581147205317,-8114.961149999988,neutral,"met_conditions=close_gt_ma20,ma20_gt_ma60,recent_20d_return_gt_0.03; true_count=3; breadth_20d=0.527; recent_20d_return=0.0468; ma60=5370.97; volatility_risk_flag=True",-0.0459238163047347,15.0,19.322660098522167,0.0075187969924812,-0.0496453900709219,-0.0991596638655462,58.4093170060069,41.449619891895814,0.019485076176623945,0.021453461997271328,99.01477832512315,118294.25,122342.0,23.64532019704433,14.285714285714285,0.9,39.28852681767131,feature_v1,52.21674876847291,0.5221674876847291,0.5221674876847291,52.21674876847291,0.5221674876847291,0.5221674876847291,52.21674876847291,52.21674876847291,52.21674876847291,False,12.96372091252592,0.5024630541871922,50.24630541871922,78.39195979899498,78.28282828282829,0.87,0.89,60.61439393939394,60.61439393939394,1.477832512315271,0.9852216748768473,98.76847290640393,14.285714285714285,50.0,52.21674876847291,50.24630541871922,39.28852681767131,ranking_builder_v8_return_prob_tech_regime,False,False,False,False,False,False,False,False,False,False,False,False,0,3.6676589807384334,0.1708457372592304,neutral_service_balanced,0.24,0.24,0.32,0.32,0.26,0.26,0.18,0.18,0.65,0.0,0.0,47.72925802263037,47.72925802263037,1.0,False,False,1.0,False,47.72925802263037,63,v2,0.0,best_weight_by_regime,neutral,0.0,1.0,47.72925802263037,47.72925802263037,0.0,47.72925802263037,0.0,0.0,,,,,,,,,,,,,,,,,False,False,,,,,False,,,,,0.0,False,47.72925802263037,42,63,final_score,47.72925802263037,63,63,9.429246436241113,16.70935960591133,13.064039408866996,10.910590909090908,0.0,0.0,0.0,0.0,-2.3839783374799817,16.70935960591133,13.064039408866996,9.429246436241113,10.910590909090908,0.0,0.0,0.0,-2.3839783374799817,50.11323636011035,Primary prediction score,16.70935960591133,Risk penalty,-2.3839783374799817,"요약: live_score 47.7 | live_score_source=final_score | regime=neutral | dominant_driver=ret (Primary prediction score 16.7) | top_positive_factor=Primary prediction score (16.7) | top_negative_factor=Risk penalty (-2.4)
핵심 driver: Primary prediction score (ret_score) contribution 16.7, score 52.2; Top-bucket probability score (prob_score) contribution 13.1, score 50.2; Financial quality score (qual_score) contribution 10.9, score 60.6
리스크 요인: top_negative_factor=Risk penalty (-2.4); risk_penalty 3.7
운영 상태: theme_overlay: disabled (operational config); confidence: 모델 메타 점수 (calibration 미완), score=NA, label=Experimental, live_score 비반영, research/reference 용도","{""base_score"": 47.7, ""theme_weight"": 0.0, ""weight_source"": ""best_weight_by_regime"", ""regime_applied"": ""neutral"", ""theme"": {""name"": ""(none)"", ""confidence"": 0.0, ""contribution"": 0.0}}",confidence_four_axis_v1,1.0,93.0,95.5,59.852239863483206,53.79070536234337,79.5816657702223,71.89903701786196,71.89903701786196,Medium,High,High,High,current regime fit is weak,"Confidence score is 71.9 (High). data_maturity_score=93.0, model_reliability_score=95.5, signal_agreement_score=59.9, regime_fitness_score=53.8. Reason: current regime fit is weak.",변동성 관리 양호이 추천 점수를 견인했습니다. 거래 유동성 부족 요인은 함께 점검이 필요합니다.,변동성 관리 양호,거래 유동성 부족 / 추세 탄력 약함,신뢰도 High: current regime fit is weak,현재 neutral 체계로 균형형 가중치가 적용됐습니다.,strong_safety_profile,,,low_liquidity_score,weak_tech_score,변동성 관리 양호,,,거래 유동성 부족,추세 탄력 약함,추가 확인 후 판단,"{""drivers"": [""strong_safety_profile""], ""driver_texts"": [""변동성 관리 양호""], ""drags"": [""low_liquidity_score"", ""weak_tech_score""], ""drag_texts"": [""거래 유동성 부족"", ""추세 탄력 약함""], ""confidence_label"": ""High"", ""confidence_reason"": ""current regime fit is weak"", ""regime"": ""neutral"", ""weight_profile"": ""neutral_service_balanced"", ""regime_reason"": ""met_conditions=close_gt_ma20,ma20_gt_ma60,recent_20d_return_gt_0.03; true_count=3; breadth_20d=0.527; recent_20d_return=0.0468; ma60=5370.97; volatility_risk_flag=True"", ""action_note"": ""추가 확인 후 판단"", ""component_snapshot"": {""ret_score"": 52.22, ""prob_score"": 50.25, ""qual_score"": 60.61, ""tech_score"": 39.29, ""valuation_score"": 50.0, ""risk_penalty"": 3.67, ""live_score"": 47.73, ""final_score"": 47.73, ""confidence_score"": 71.9, ""live_rank"": 63.0, ""live_score_source"": ""final_score""}}",63,2026-04-09 11:17:11,
2026-04-08,213420,0.1071745121288512,0.1050956818822423,-0.2329181306782846,-0.3465171626294378,0.1372523345223231,0.0993297253912061,0.0,44550.0,81.4070351758794,5,0.0,100.0,0.0508955167863331,0.0507288433706196,315228.7,312669.0,0.0619785458879618,-0.0542907180385289,48.165492995365405,0.9918798637306818,43680.0,47107.5,41813.333333333336,-0.1036217303822937,-0.1514285714285714,덕산네오룩스,KOSDAQ,디스플레이장비및부품,,,,0.0,0.0,,0.0,,0.3,mapping_missing,0.0,False,False,2026-04-08,5872.34,5523.437,0.0407581147205317,-8114.961149999988,neutral,"met_conditions=close_gt_ma20,ma20_gt_ma60,recent_20d_return_gt_0.03; true_count=3; breadth_20d=0.527; recent_20d_return=0.0468; ma60=5370.97; volatility_risk_flag=True",-0.0542907180385289,35.0,27.598522167487687,-0.1036217303822937,-0.1514285714285714,0.0619785458879618,76.33098599073081,43.09752482280585,0.0508955167863331,0.0507288433706196,42.118226600985224,315228.7,312669.0,42.20032840722496,44.827586206896555,1.0,38.11738491950914,feature_v1,64.5320197044335,0.645320197044335,0.645320197044335,54.679802955665025,0.5467980295566502,0.5467980295566502,61.57635467980295,61.57635467980295,60.59113300492611,False,13.72523345223231,0.5467980295566502,54.679802955665025,81.4070351758794,81.31313131313132,1.0,1.0,81.31313131313132,81.31313131313132,67.48768472906403,48.275862068965516,42.118226600985224,44.827586206896555,50.0,61.57635467980295,54.679802955665025,38.11738491950914,ranking_builder_v8_return_prob_tech_regime,False,False,False,False,False,False,False,False,False,False,False,False,0,15.402929215049502,0.27835774345874587,neutral_service_balanced,0.24,0.24,0.32,0.32,0.26,0.26,0.18,0.18,0.65,0.0,0.0,47.69381429327351,47.69381429327351,1.0,False,False,1.0,False,47.69381429327351,64,v2,0.0,best_weight_by_regime,neutral,0.0,1.0,47.69381429327351,47.69381429327351,0.0,47.69381429327351,0.0,0.0,,,,,,,,,,,,,,,,,False,False,,,,,False,,,,,4.0,True,43.69381429327351,63,64,final_score,47.69381429327351,64,64,9.148172380682194,19.704433497536943,14.216748768472907,14.636363636363637,0.0,0.0,0.0,0.0,-10.011903989782176,19.704433497536943,14.216748768472907,9.148172380682194,14.636363636363637,0.0,0.0,0.0,-10.011903989782176,57.70571828305569,Primary prediction score,19.704433497536943,Risk penalty,-10.011903989782176,"요약: live_score 47.7 | live_score_source=final_score | regime=neutral | dominant_driver=ret (Primary prediction score 19.7) | top_positive_factor=Primary prediction score (19.7) | top_negative_factor=Risk penalty (-10.0)
핵심 driver: Primary prediction score (ret_score) contribution 19.7, score 61.6; Financial quality score (qual_score) contribution 14.6, score 81.3; Top-bucket probability score (prob_score) contribution 14.2, score 54.7
리스크 요인: top_negative_factor=Risk penalty (-10.0); risk_penalty 15.4
운영 상태: theme_overlay: disabled (operational config); confidence: 모델 메타 점수 (calibration 미완), score=NA, label=Experimental, live_score 비반영, research/reference 용도","{""base_score"": 47.7, ""theme_weight"": 0.0, ""weight_source"": ""best_weight_by_regime"", ""regime_applied"": ""neutral"", ""theme"": {""name"": ""(none)"", ""confidence"": 0.0, ""contribution"": 0.0}}",confidence_four_axis_v1,1.0,100.0,97.0,64.54127608191335,52.7294905370076,83.14474260102946,76.36240854016685,76.36240854016685,High,High,High,High,current regime fit is weak,"Confidence score is 76.4 (High). data_maturity_score=100.0, model_reliability_score=97.0, signal_agreement_score=64.5, regime_fitness_score=52.7. Reason: current regime fit is weak.",재무 품질 양호이 추천 점수를 견인했습니다. 예상 손실 폭 부담 큼 요인은 함께 점검이 필요합니다.,재무 품질 양호,예상 손실 폭 부담 큼 / 추세 탄력 약함,신뢰도 High: current regime fit is weak,현재 neutral 체계로 균형형 가중치가 적용됐습니다.,strong_quality_profile,,,very_high_risk_penalty,weak_tech_score,재무 품질 양호,,,예상 손실 폭 부담 큼,추세 탄력 약함,보수적 접근 권장,"{""drivers"": [""strong_quality_profile""], ""driver_texts"": [""재무 품질 양호""], ""drags"": [""very_high_risk_penalty"", ""weak_tech_score""], ""drag_texts"": [""예상 손실 폭 부담 큼"", ""추세 탄력 약함""], ""confidence_label"": ""High"", ""confidence_reason"": ""current regime fit is weak"", ""regime"": ""neutral"", ""weight_profile"": ""neutral_service_balanced"", ""regime_reason"": ""met_conditions=close_gt_ma20,ma20_gt_ma60,recent_20d_return_gt_0.03; true_count=3; breadth_20d=0.527; recent_20d_return=0.0468; ma60=5370.97; volatility_risk_flag=True"", ""action_note"": ""보수적 접근 권장"", ""component_snapshot"": {""ret_score"": 61.58, ""prob_score"": 54.68, ""qual_score"": 81.31, ""tech_score"": 38.12, ""valuation_score"": 50.0, ""risk_penalty"": 15.4, ""live_score"": 47.69, ""final_score"": 47.69, ""confidence_score"": 76.36, ""live_rank"": 64.0, ""live_score_source"": ""final_score""}}",64,2026-04-09 11:17:11,
2026-04-08,005387,0.1507287417500022,0.1881335104518691,-0.2502141242327709,-0.2640040194186899,0.2503222063085734,0.0461049065468444,0.0,246500.0,,,,,0.0323057208857646,0.0468248960771249,196193.0,360181.0,-0.0645161290322581,-0.0252100840336134,46.67777337209581,1.8358504126039157,238700.0,252875.0,266041.6666666667,0.0081799591002045,-0.0408560311284046,현대차2우B,KOSPI,자동차/모빌리티,,,,0.0,0.0,,0.0,,0.3,mapping_missing,0.0,False,False,2026-04-08,5872.34,5523.437,0.0407581147205317,-8114.961149999988,neutral,"met_conditions=close_gt_ma20,ma20_gt_ma60,recent_20d_return_gt_0.03; true_count=3; breadth_20d=0.527; recent_20d_return=0.0468; ma60=5370.97; volatility_risk_flag=True",-0.0252100840336134,15.0,24.74137931034483,0.0081799591002045,-0.0408560311284046,-0.0645161290322581,73.35554674419161,49.61967486338781,0.0323057208857646,0.0468248960771249,72.16748768472907,196193.0,360181.0,57.14285714285714,29.064039408866993,1.0,47.79422610366356,feature_v1,71.92118226600985,0.7192118226600985,0.7192118226600985,68.96551724137932,0.6896551724137931,0.6896551724137931,71.03448275862068,71.03448275862068,70.73891625615764,False,25.03222063085734,0.8275862068965517,82.75862068965517,,,,,,0.0,19.21182266009852,36.45320197044335,72.16748768472907,29.064039408866993,50.0,71.03448275862068,82.75862068965517,47.79422610366356,ranking_builder_v8_return_prob_tech_regime,False,True,False,False,False,False,False,False,True,False,False,False,1,12.687609876856612,0.25573008230713845,neutral_service_balanced,0.24,0.24,0.32,0.32,0.26,0.26,0.18,0.18,0.65,0.0,0.0,47.47194370699142,47.47194370699142,1.0,False,False,1.0,False,47.47194370699142,65,v2,0.0,best_weight_by_regime,neutral,0.0,1.0,47.47194370699142,47.47194370699142,0.0,47.47194370699142,0.0,0.0,,,,,,,,,,,,,,,,,False,False,,,,,False,,,,,10.0,True,37.47194370699142,98,65,final_score,47.47194370699142,65,65,11.470614264879254,22.73103448275862,21.517241379310345,0.0,0.0,0.0,0.0,0.0,-8.246946419956798,22.73103448275862,21.517241379310345,11.470614264879254,0.0,0.0,0.0,0.0,-8.246946419956798,55.718890126948224,Primary prediction score,22.73103448275862,Risk penalty,-8.246946419956798,"요약: live_score 47.5 | live_score_source=final_score | regime=neutral | dominant_driver=ret (Primary prediction score 22.7) | top_positive_factor=Primary prediction score (22.7) | top_negative_factor=Risk penalty (-8.2)
핵심 driver: Primary prediction score (ret_score) contribution 22.7, score 71.0; Top-bucket probability score (prob_score) contribution 21.5, score 82.8; Tech flow score (tech_score) contribution 11.5, score 47.8
리스크 요인: top_negative_factor=Risk penalty (-8.2); risk_penalty 12.7
운영 상태: theme_overlay: disabled (operational config); confidence: 모델 메타 점수 (calibration 미완), score=NA, label=Experimental, live_score 비반영, research/reference 용도","{""base_score"": 47.5, ""theme_weight"": 0.0, ""weight_source"": ""best_weight_by_regime"", ""regime_applied"": ""neutral"", ""theme"": {""name"": ""(none)"", ""confidence"": 0.0, ""contribution"": 0.0}}",confidence_four_axis_v1,0.8571428571428571,67.21428571428572,97.0,46.422413793103445,52.852162774092676,68.79771357867548,56.025112357774205,56.025112357774205,Medium,Medium,Medium,Medium,fallback_count=1; core signals disagree,"Confidence score is 56.0 (Medium). data_maturity_score=67.2, model_reliability_score=97.0, signal_agreement_score=46.4, regime_fitness_score=52.9. Reason: fallback_count=1; core signals disagree.",상위권 진입 확률 우수와 60일 기대수익 상위권이 추천 점수를 견인했습니다. 신호 신뢰도 낮음 요인은 함께 점검이 필요합니다.,상위권 진입 확률 우수 / 60일 기대수익 상위권 / 변동성 관리 양호,신호 신뢰도 낮음 / 재무 품질 보완 필요,신뢰도 Medium: fallback_count=1; core signals disagree,현재 neutral 체계로 균형형 가중치가 적용됐습니다.,high_probability_score,high_ret_score,strong_safety_profile,low_confidence,weak_quality_score,상위권 진입 확률 우수,60일 기대수익 상위권,변동성 관리 양호,신호 신뢰도 낮음,재무 품질 보완 필요,보수적 접근 권장,"{""drivers"": [""high_probability_score"", ""high_ret_score"", ""strong_safety_profile""], ""driver_texts"": [""상위권 진입 확률 우수"", ""60일 기대수익 상위권"", ""변동성 관리 양호""], ""drags"": [""low_confidence"", ""weak_quality_score""], ""drag_texts"": [""신호 신뢰도 낮음"", ""재무 품질 보완 필요""], ""confidence_label"": ""Medium"", ""confidence_reason"": ""fallback_count=1; core signals disagree"", ""regime"": ""neutral"", ""weight_profile"": ""neutral_service_balanced"", ""regime_reason"": ""met_conditions=close_gt_ma20,ma20_gt_ma60,recent_20d_return_gt_0.03; true_count=3; breadth_20d=0.527; recent_20d_return=0.0468; ma60=5370.97; volatility_risk_flag=True"", ""action_note"": ""보수적 접근 권장"", ""component_snapshot"": {""ret_score"": 71.03, ""prob_score"": 82.76, ""qual_score"": 0.0, ""tech_score"": 47.79, ""valuation_score"": 50.0, ""risk_penalty"": 12.69, ""live_score"": 47.47, ""final_score"": 47.47, ""confidence_score"": 56.03, ""live_rank"": 65.0, ""live_score_source"": ""final_score""}}",65,2026-04-09 11:17:11,
2026-04-08,032640,0.0428697840537062,0.1609882685975059,-0.1735319658658324,-0.2153719244570848,0.0818190624781101,0.0603222609459372,0.0,16130.0,58.79396984924623,3,0.4,75.0,0.0218360730153405,0.0259125198539197,1166336.1,986249.0,0.0724734042553192,0.0366990166463139,56.03254519301535,0.8455958792667053,15690.0,15559.0,15751.666666666666,0.0313299232736572,0.033974358974359,LG유플러스,KOSPI,통신,,,Digital Connectivity,86.0,0.6916378649635035,86.0,86.0,86.0,0.3,,59.480856386861305,True,False,2026-04-08,5872.34,5523.437,0.0407581147205317,-8114.961149999988,neutral,"met_conditions=close_gt_ma20,ma20_gt_ma60,recent_20d_return_gt_0.03; true_count=3; breadth_20d=0.527; recent_20d_return=0.0468; ma60=5370.97; volatility_risk_flag=True",0.0366990166463139,75.0,72.72167487684729,0.0313299232736572,0.033974358974359,0.0724734042553192,92.0650903860307,80.89804599552245,0.0218360730153405,0.0259125198539197,98.0295566502463,1166336.1,986249.0,60.26272577996716,83.74384236453201,1.0,78.77613875853137,feature_v1,51.724137931034484,0.5172413793103449,0.5172413793103449,64.5320197044335,0.645320197044335,0.645320197044335,55.56650246305419,55.56650246305419,56.84729064039409,False,8.18190624781101,0.2660098522167488,26.60098522167488,58.79396984924623,59.09090909090909,0.8375,0.78,38.601136363636364,38.601136363636364,1.9704433497536946,1.9704433497536946,98.0295566502463,83.74384236453201,50.0,55.56650246305419,26.60098522167488,78.77613875853137,ranking_builder_v8_return_prob_tech_regime,False,False,False,False,False,False,False,False,False,False,False,False,0,5.22143594418667,0.19026794930233337,neutral_service_balanced,0.24,0.24,0.32,0.32,0.26,0.26,0.18,0.18,0.65,0.0,0.0,47.158081429593544,47.158081429593544,1.0,False,False,1.0,False,47.158081429593544,66,v2,0.0,best_weight_by_regime,neutral,0.0,1.0,47.158081429593544,47.158081429593544,0.0,47.158081429593544,0.0,0.0,,,,,,,,,,,,,,,,,False,False,,,,,False,,,,,0.0,False,47.158081429593544,45,66,final_score,47.158081429593544,66,66,18.90627330204753,17.78128078817734,6.916256157635469,6.948204545454545,0.0,0.0,0.0,0.0,-3.3939333637213354,17.78128078817734,6.916256157635469,18.90627330204753,6.948204545454545,0.0,0.0,0.0,-3.3939333637213354,50.55201479331488,Tech flow score,18.90627330204753,Risk penalty,-3.3939333637213354,"요약: live_score 47.2 | live_score_source=final_score | regime=neutral | dominant_driver=tech (Tech flow score 18.9) | top_positive_factor=Tech flow score (18.9) | top_negative_factor=Risk penalty (-3.4)
핵심 driver: Tech flow score (tech_score) contribution 18.9, score 78.8; Primary prediction score (ret_score) contribution 17.8, score 55.6; Financial quality score (qual_score) contribution 6.9, score 38.6
리스크 요인: top_negative_factor=Risk penalty (-3.4); risk_penalty 5.2
운영 상태: theme_overlay: disabled (operational config); confidence: 모델 메타 점수 (calibration 미완), score=NA, label=Experimental, live_score 비반영, research/reference 용도","{""base_score"": 47.2, ""theme_weight"": 0.0, ""weight_source"": ""best_weight_by_regime"", ""regime_applied"": ""neutral"", ""theme"": {""name"": ""Digital Connectivity"", ""confidence"": 0.69, ""contribution"": 0.0}}",confidence_four_axis_v1,1.0,91.25,97.0,44.34745393894305,52.393309416620795,75.42085989722887,64.71764345890138,64.71764345890138,Medium,Medium,Medium,Medium,core signals disagree; current regime fit is weak,"Confidence score is 64.7 (Medium). data_maturity_score=91.2, model_reliability_score=97.0, signal_agreement_score=44.3, regime_fitness_score=52.4. Reason: core signals disagree; current regime fit is weak.",변동성 관리 양호와 추세 구조 양호이 추천 점수를 견인했습니다. 상위권 진입 확률 약함 요인은 함께 점검이 필요합니다.,변동성 관리 양호 / 추세 구조 양호 / 거래 유동성 양호,상위권 진입 확률 약함 / 재무 품질 보완 필요,신뢰도 Medium: core signals disagree; current regime fit is weak,현재 neutral 체계로 균형형 가중치가 적용됐습니다.,strong_safety_profile,high_tech_score,healthy_liquidity_profile,low_probability_score,weak_quality_score,변동성 관리 양호,추세 구조 양호,거래 유동성 양호,상위권 진입 확률 약함,재무 품질 보완 필요,추가 확인 후 판단,"{""drivers"": [""strong_safety_profile"", ""high_tech_score"", ""healthy_liquidity_profile""], ""driver_texts"": [""변동성 관리 양호"", ""추세 구조 양호"", ""거래 유동성 양호""], ""drags"": [""low_probability_score"", ""weak_quality_score""], ""drag_texts"": [""상위권 진입 확률 약함"", ""재무 품질 보완 필요""], ""confidence_label"": ""Medium"", ""confidence_reason"": ""core signals disagree; current regime fit is weak"", ""regime"": ""neutral"", ""weight_profile"": ""neutral_service_balanced"", ""regime_reason"": ""met_conditions=close_gt_ma20,ma20_gt_ma60,recent_20d_return_gt_0.03; true_count=3; breadth_20d=0.527; recent_20d_return=0.0468; ma60=5370.97; volatility_risk_flag=True"", ""action_note"": ""추가 확인 후 판단"", ""component_snapshot"": {""ret_score"": 55.57, ""prob_score"": 26.6, ""qual_score"": 38.6, ""tech_score"": 78.78, ""valuation_score"": 50.0, ""risk_penalty"": 5.22, ""live_score"": 47.16, ""final_score"": 47.16, ""confidence_score"": 64.72, ""live_rank"": 66.0, ""live_score_source"": ""final_score""}}",66,2026-04-09 11:17:11,
2026-04-08,018880,0.4415053211100899,1.0449603490802488,-0.2572904682185868,-0.2826115022487386,0.0959005498630649,0.1711714190949776,0.0,3950.0,23.11557788944724,5,0.0,100.0,0.0381783101349222,0.0552849900564031,8332861.85,7290411.0,-0.0282902829028289,-0.0018951358180669,50.1932893982814,0.8748988200254394,3793.0,3957.5,3860.75,0.0038119440914865,-0.0258939580764487,한온시스템,KOSPI,자동차부품,,,,0.0,0.0,,0.0,,0.3,mapping_missing,0.0,False,False,2026-04-08,5872.34,5523.437,0.0407581147205317,-8114.961149999988,neutral,"met_conditions=close_gt_ma20,ma20_gt_ma60,recent_20d_return_gt_0.03; true_count=3; breadth_20d=0.527; recent_20d_return=0.0468; ma60=5370.97; volatility_risk_flag=True",-0.0018951358180669,35.0,40.899014778325125,0.0038119440914865,-0.0258939580764487,-0.0282902829028289,80.3865787965628,56.54984666958404,0.0381783101349222,0.0552849900564031,54.43349753694581,5640545.337999998,7278789.899999994,74.22003284072251,99.50738916256158,1.0,54.081855201349484,feature_v1,92.61083743842364,0.9261083743842364,0.9261083743842364,98.0295566502463,0.9802955665024631,0.9802955665024631,94.23645320197043,94.23645320197043,94.77832512315271,False,9.59005498630649,0.33497536945812806,33.497536945812804,23.11557788944724,23.232323232323232,1.0,1.0,23.232323232323232,23.232323232323232,31.03448275862069,60.09852216748769,54.43349753694581,99.50738916256158,50.0,94.23645320197043,33.497536945812804,54.081855201349484,ranking_builder_v8_return_prob_tech_regime,False,False,False,False,False,False,False,False,False,False,False,False,0,14.090265819677704,0.26741888183064755,neutral_service_balanced,0.24,0.24,0.32,0.32,0.26,0.26,0.18,0.18,0.65,0.0,0.0,46.86781527789341,46.86781527789341,1.0,False,False,1.0,False,46.86781527789341,67,v2,0.0,best_weight_by_regime,neutral,0.0,1.0,46.86781527789341,46.86781527789341,0.0,46.86781527789341,0.0,0.0,,,,,,,,,,,,,,,,,False,False,,,,,False,,,,,4.0,True,42.86781527789341,65,67,final_score,46.86781527789341,67,67,12.979645248323875,30.15566502463054,8.70935960591133,4.181818181818182,0.0,0.0,0.0,0.0,-9.158672782790507,30.15566502463054,8.70935960591133,12.979645248323875,4.181818181818182,0.0,0.0,0.0,-9.158672782790507,56.026488060683924,Primary prediction score,30.15566502463054,Risk penalty,-9.158672782790507,"요약: live_score 46.9 | live_score_source=final_score | regime=neutral | dominant_driver=ret (Primary prediction score 30.2) | top_positive_factor=Primary prediction score (30.2) | top_negative_factor=Risk penalty (-9.2)
핵심 driver: Primary prediction score (ret_score) contribution 30.2, score 94.2; Tech flow score (tech_score) contribution 13.0, score 54.1; Top-bucket probability score (prob_score) contribution 8.7, score 33.5
리스크 요인: top_negative_factor=Risk penalty (-9.2); risk_penalty 14.1
운영 상태: theme_overlay: disabled (operational config); confidence: 모델 메타 점수 (calibration 미완), score=NA, label=Experimental, live_score 비반영, research/reference 용도","{""base_score"": 46.9, ""theme_weight"": 0.0, ""weight_source"": ""best_weight_by_regime"", ""regime_applied"": ""neutral"", ""theme"": {""name"": ""(none)"", ""confidence"": 0.0, ""contribution"": 0.0}}",confidence_four_axis_v1,1.0,100.0,97.0,32.44876100910584,51.56564797453661,74.94703744845695,63.29263399854966,63.29263399854966,Medium,Medium,Medium,Medium,core signals disagree; current regime fit is weak,"Confidence score is 63.3 (Medium). data_maturity_score=100.0, model_reliability_score=97.0, signal_agreement_score=32.4, regime_fitness_score=51.6. Reason: core signals disagree; current regime fit is weak.",60일 기대수익 상위권와 거래 유동성 양호이 추천 점수를 견인했습니다. 재무 품질 보완 필요 요인은 함께 점검이 필요합니다.,60일 기대수익 상위권 / 거래 유동성 양호,재무 품질 보완 필요 / 예상 손실 폭 부담 큼,신뢰도 Medium: core signals disagree; current regime fit is weak,현재 neutral 체계로 균형형 가중치가 적용됐습니다.,high_ret_score,healthy_liquidity_profile,,weak_quality_score,very_high_risk_penalty,60일 기대수익 상위권,거래 유동성 양호,,재무 품질 보완 필요,예상 손실 폭 부담 큼,추가 확인 후 판단,"{""drivers"": [""high_ret_score"", ""healthy_liquidity_profile""], ""driver_texts"": [""60일 기대수익 상위권"", ""거래 유동성 양호""], ""drags"": [""weak_quality_score"", ""very_high_risk_penalty""], ""drag_texts"": [""재무 품질 보완 필요"", ""예상 손실 폭 부담 큼""], ""confidence_label"": ""Medium"", ""confidence_reason"": ""core signals disagree; current regime fit is weak"", ""regime"": ""neutral"", ""weight_profile"": ""neutral_service_balanced"", ""regime_reason"": ""met_conditions=close_gt_ma20,ma20_gt_ma60,recent_20d_return_gt_0.03; true_count=3; breadth_20d=0.527; recent_20d_return=0.0468; ma60=5370.97; volatility_risk_flag=True"", ""action_note"": ""추가 확인 후 판단"", ""component_snapshot"": {""ret_score"": 94.24, ""prob_score"": 33.5, ""qual_score"": 23.23, ""tech_score"": 54.08, ""valuation_score"": 50.0, ""risk_penalty"": 14.09, ""live_score"": 46.87, ""final_score"": 46.87, ""confidence_score"": 63.29, ""live_rank"": 67.0, ""live_score_source"": ""final_score""}}",67,2026-04-09 11:17:11,
2026-04-08,039490,0.0521959858714342,0.3376550358484649,-0.2622788363665007,-0.2691717881403392,0.1010635072013518,0.0610572873789984,0.0,459500.0,70.85427135678391,5,0.0,100.0,0.0554450455703451,0.0549916889131862,118302.95,173896.0,0.021111111111111,0.0690397254696679,56.25927495210683,1.4699210797363886,421100.0,429825.0,414150.0,0.0502857142857142,0.0636574074074074,키움증권,KOSPI,금융,,,Brokerage Markets,77.625,0.6877032919922292,77.625,77.625,77.625,0.3,,53.38296804089679,True,False,2026-04-08,5872.34,5523.437,0.0407581147205317,-8114.961149999988,neutral,"met_conditions=close_gt_ma20,ma20_gt_ma60,recent_20d_return_gt_0.03; true_count=3; breadth_20d=0.527; recent_20d_return=0.0468; ma60=5370.97; volatility_risk_flag=True",0.0690397254696679,55.0,70.11083743842364,0.0502857142857142,0.0636574074074074,0.021111111111111,92.51854990421366,81.87347984058543,0.0554450455703451,0.0549916889131862,31.773399014778324,118302.95,173896.0,41.54351395730706,14.77832512315271,0.9,56.04765846505534,feature_v1,54.187192118226605,0.541871921182266,0.541871921182266,85.71428571428571,0.8571428571428571,0.8571428571428571,63.64532019704433,63.64532019704433,66.79802955665025,False,10.106350720135179,0.3497536945812808,34.97536945812808,70.85427135678391,70.70707070707071,1.0,1.0,70.70707070707071,70.70707070707071,77.33990147783251,59.11330049261084,31.773399014778324,14.77832512315271,50.0,63.64532019704433,34.97536945812808,56.04765846505534,ranking_builder_v8_return_prob_tech_regime,False,False,False,False,False,False,False,False,False,False,False,False,0,13.804322049124329,0.2650360170760361,neutral_service_balanced,0.24,0.24,0.32,0.32,0.26,0.26,0.18,0.18,0.65,0.0,0.0,46.66599994912268,46.66599994912268,1.0,False,False,1.0,False,46.66599994912268,68,v2,0.0,best_weight_by_regime,neutral,0.0,1.0,46.66599994912268,46.66599994912268,0.0,46.66599994912268,0.0,0.0,,,,,,,,,,,,,,,,,False,False,,,,,False,,,,,4.0,True,42.66599994912268,67,68,final_score,46.66599994912268,68,68,13.451438031613282,20.366502463054186,9.0935960591133,12.727272727272728,0.0,0.0,0.0,0.0,-8.972809331930813,20.366502463054186,9.0935960591133,13.451438031613282,12.727272727272728,0.0,0.0,0.0,-8.972809331930813,55.6388092810535,Primary prediction score,20.366502463054186,Risk penalty,-8.972809331930813,"요약: live_score 46.7 | live_score_source=final_score | regime=neutral | dominant_driver=ret (Primary prediction score 20.4) | top_positive_factor=Primary prediction score (20.4) | top_negative_factor=Risk penalty (-9.0)
핵심 driver: Primary prediction score (ret_score) contribution 20.4, score 63.6; Tech flow score (tech_score) contribution 13.5, score 56.0; Financial quality score (qual_score) contribution 12.7, score 70.7
리스크 요인: top_negative_factor=Risk penalty (-9.0); risk_penalty 13.8
운영 상태: theme_overlay: disabled (operational config); confidence: 모델 메타 점수 (calibration 미완), score=NA, label=Experimental, live_score 비반영, research/reference 용도","{""base_score"": 46.7, ""theme_weight"": 0.0, ""weight_source"": ""best_weight_by_regime"", ""regime_applied"": ""neutral"", ""theme"": {""name"": ""Brokerage Markets"", ""confidence"": 0.69, ""contribution"": 0.0}}",confidence_four_axis_v1,1.0,100.0,95.5,60.53048962531721,51.53455996518265,81.51280640110669,74.51910784316343,74.51910784316343,High,High,High,High,current regime fit is weak,"Confidence score is 74.5 (High). data_maturity_score=100.0, model_reliability_score=95.5, signal_agreement_score=60.5, regime_fitness_score=51.5. Reason: current regime fit is weak.",재무 품질 양호이 추천 점수를 견인했습니다. 거래 유동성 부족 요인은 함께 점검이 필요합니다.,재무 품질 양호,거래 유동성 부족 / 예상 손실 폭 부담 큼,신뢰도 High: current regime fit is weak,현재 neutral 체계로 균형형 가중치가 적용됐습니다.,strong_quality_profile,,,low_liquidity_score,very_high_risk_penalty,재무 품질 양호,,,거래 유동성 부족,예상 손실 폭 부담 큼,추가 확인 후 판단,"{""drivers"": [""strong_quality_profile""], ""driver_texts"": [""재무 품질 양호""], ""drags"": [""low_liquidity_score"", ""very_high_risk_penalty""], ""drag_texts"": [""거래 유동성 부족"", ""예상 손실 폭 부담 큼""], ""confidence_label"": ""High"", ""confidence_reason"": ""current regime fit is weak"", ""regime"": ""neutral"", ""weight_profile"": ""neutral_service_balanced"", ""regime_reason"": ""met_conditions=close_gt_ma20,ma20_gt_ma60,recent_20d_return_gt_0.03; true_count=3; breadth_20d=0.527; recent_20d_return=0.0468; ma60=5370.97; volatility_risk_flag=True"", ""action_note"": ""추가 확인 후 판단"", ""component_snapshot"": {""ret_score"": 63.65, ""prob_score"": 34.98, ""qual_score"": 70.71, ""tech_score"": 56.05, ""valuation_score"": 50.0, ""risk_penalty"": 13.8, ""live_score"": 46.67, ""final_score"": 46.67, ""confidence_score"": 74.52, ""live_rank"": 68.0, ""live_score_source"": ""final_score""}}",68,2026-04-09 11:17:11,
2026-04-08,003230,0.0152716731542612,0.4280052243322394,-0.1622842117983977,-0.1609907218142961,0.0581169893512397,0.0485903204898016,0.0,1171000.0,91.4572864321608,5,0.0,100.0,0.0369013392125371,0.0349062442989197,51298.9,65039.0,0.0455357142857142,0.0046328071379546,49.496018705781424,1.26784394987027,1211200.0,1165600.0,1164266.6666666667,-0.1101823708206687,-0.0370065789473684,삼양식품,KOSPI,소비재/유통,,,,0.0,0.0,,0.0,,0.3,mapping_missing,0.0,False,False,2026-04-08,5872.34,5523.437,0.0407581147205317,-8114.961149999988,neutral,"met_conditions=close_gt_ma20,ma20_gt_ma60,recent_20d_return_gt_0.03; true_count=3; breadth_20d=0.527; recent_20d_return=0.0468; ma60=5370.97; volatility_risk_flag=True",0.0046328071379546,55.0,52.13054187192118,-0.1101823708206687,-0.0370065789473684,0.0455357142857142,78.99203741156285,51.15195023959022,0.0369013392125371,0.0349062442989197,79.3103448275862,51298.9,65039.0,26.436781609195407,3.9408866995073892,0.72,38.426350573677226,feature_v1,44.33497536945813,0.4433497536945813,0.4433497536945813,88.17733990147784,0.8817733990147784,0.8817733990147784,57.48768472906405,57.48768472906405,61.871921182266014,False,5.81169893512397,0.1625615763546798,16.25615763546798,91.4572864321608,91.41414141414141,1.0,1.0,91.41414141414141,91.41414141414141,26.108374384236456,15.270935960591133,79.3103448275862,3.9408866995073892,50.0,57.48768472906405,16.25615763546798,38.426350573677226,ranking_builder_v8_return_prob_tech_regime,False,False,False,False,False,False,False,False,False,False,False,False,0,2.941345264380564,0.16176681580475705,neutral_service_balanced,0.24,0.24,0.32,0.32,0.26,0.26,0.18,0.18,0.65,0.0,0.0,46.38765526890279,46.38765526890279,1.0,False,False,1.0,False,46.38765526890279,69,v2,0.0,best_weight_by_regime,neutral,0.0,1.0,46.38765526890279,46.38765526890279,0.0,46.38765526890279,0.0,0.0,,,,,,,,,,,,,,,,,False,False,,,,,False,,,,,0.0,False,46.38765526890279,48,69,final_score,46.38765526890279,69,69,9.222324137682534,18.396059113300495,4.226600985221674,16.454545454545453,0.0,0.0,0.0,0.0,-1.911874421847367,18.396059113300495,4.226600985221674,9.222324137682534,16.454545454545453,0.0,0.0,0.0,-1.911874421847367,48.299529690750155,Primary prediction score,18.396059113300495,Risk penalty,-1.911874421847367,"요약: live_score 46.4 | live_score_source=final_score | regime=neutral | dominant_driver=ret (Primary prediction score 18.4) | top_positive_factor=Primary prediction score (18.4) | top_negative_factor=Risk penalty (-1.9)
핵심 driver: Primary prediction score (ret_score) contribution 18.4, score 57.5; Financial quality score (qual_score) contribution 16.5, score 91.4; Tech flow score (tech_score) contribution 9.2, score 38.4
리스크 요인: top_negative_factor=Risk penalty (-1.9); risk_penalty 2.9
운영 상태: theme_overlay: disabled (operational config); confidence: 모델 메타 점수 (calibration 미완), score=NA, label=Experimental, live_score 비반영, research/reference 용도","{""base_score"": 46.4, ""theme_weight"": 0.0, ""weight_source"": ""best_weight_by_regime"", ""regime_applied"": ""neutral"", ""theme"": {""name"": ""(none)"", ""confidence"": 0.0, ""contribution"": 0.0}}",confidence_four_axis_v1,1.0,100.0,92.8,37.45260486639796,52.34866545472795,75.05545103480868,65.45077503750478,65.45077503750478,Medium,Medium,Medium,Medium,core signals disagree; current regime fit is weak,"Confidence score is 65.5 (Medium). data_maturity_score=100.0, model_reliability_score=92.8, signal_agreement_score=37.5, regime_fitness_score=52.3. Reason: core signals disagree; current regime fit is weak.",재무 품질 양호와 변동성 관리 양호이 추천 점수를 견인했습니다. 거래 유동성 부족 요인은 함께 점검이 필요합니다.,재무 품질 양호 / 변동성 관리 양호,거래 유동성 부족 / 상위권 진입 확률 약함,신뢰도 Medium: core signals disagree; current regime fit is weak,현재 neutral 체계로 균형형 가중치가 적용됐습니다.,strong_quality_profile,strong_safety_profile,,low_liquidity_score,low_probability_score,재무 품질 양호,변동성 관리 양호,,거래 유동성 부족,상위권 진입 확률 약함,추가 확인 후 판단,"{""drivers"": [""strong_quality_profile"", ""strong_safety_profile""], ""driver_texts"": [""재무 품질 양호"", ""변동성 관리 양호""], ""drags"": [""low_liquidity_score"", ""low_probability_score""], ""drag_texts"": [""거래 유동성 부족"", ""상위권 진입 확률 약함""], ""confidence_label"": ""Medium"", ""confidence_reason"": ""core signals disagree; current regime fit is weak"", ""regime"": ""neutral"", ""weight_profile"": ""neutral_service_balanced"", ""regime_reason"": ""met_conditions=close_gt_ma20,ma20_gt_ma60,recent_20d_return_gt_0.03; true_count=3; breadth_20d=0.527; recent_20d_return=0.0468; ma60=5370.97; volatility_risk_flag=True"", ""action_note"": ""추가 확인 후 판단"", ""component_snapshot"": {""ret_score"": 57.49, ""prob_score"": 16.26, ""qual_score"": 91.41, ""tech_score"": 38.43, ""valuation_score"": 50.0, ""risk_penalty"": 2.94, ""live_score"": 46.39, ""final_score"": 46.39, ""confidence_score"": 65.45, ""live_rank"": 69.0, ""live_score_source"": ""final_score""}}",69,2026-04-09 11:17:11,
2026-04-08,178320,0.2445826986743788,0.0293121495845833,-0.3228302537797888,-0.3670402320614008,0.2275311552849865,0.1684229026114349,0.0,44350.0,26.13065326633166,5,0.0,100.0,0.0495203971441018,0.0643996014011978,2343376.5,1287850.0,-0.0122494432071269,-0.0239339752407152,51.159432256244834,0.5495702461810981,44770.0,45437.5,39016.66666666666,-0.0462365591397849,-0.0948979591836735,서진시스템,KOSDAQ,전기장비,,,AI서버기판,59.53125,0.6480019160583941,59.53125,59.53125,59.53125,0.3,,38.57636406535127,True,False,2026-04-08,5872.34,5523.437,0.0407581147205317,-8114.961149999988,neutral,"met_conditions=close_gt_ma20,ma20_gt_ma60,recent_20d_return_gt_0.03; true_count=3; breadth_20d=0.527; recent_20d_return=0.0468; ma60=5370.97; volatility_risk_flag=True",-0.0239339752407152,35.0,35.48029556650246,-0.0462365591397849,-0.0948979591836735,-0.0122494432071269,82.31886451248967,43.85557819708794,0.0495203971441018,0.0643996014011978,28.81773399014778,2343376.5,1287850.0,60.91954022988506,93.59605911330048,1.0,40.895018871443824,feature_v1,82.75862068965517,0.8275862068965517,0.8275862068965517,47.29064039408867,0.4729064039408867,0.4729064039408867,72.11822660098521,72.11822660098521,68.57142857142857,False,22.75311552849865,0.7832512315270936,78.32512315270937,26.13065326633166,26.262626262626267,1.0,1.0,26.262626262626267,26.262626262626267,64.03940886699507,78.32512315270937,28.81773399014778,93.59605911330048,50.0,72.11822660098521,78.32512315270937,40.895018871443824,ranking_builder_v8_return_prob_tech_regime,False,False,False,False,False,False,False,False,False,False,False,False,0,18.0,0.34051424509243355,neutral_service_balanced,0.24,0.24,0.32,0.32,0.26,0.26,0.18,0.18,0.65,0.0,0.0,46.28444178843895,46.28444178843895,1.0,False,False,1.0,False,46.28444178843895,70,v2,0.0,best_weight_by_regime,neutral,0.0,1.0,46.28444178843895,46.28444178843895,0.0,46.28444178843895,0.0,0.0,,,,,,,,,,,,,,,,,False,False,,,,,False,,,,,4.0,True,42.28444178843895,69,70,final_score,46.28444178843895,70,70,9.814804529146517,23.07783251231527,20.364532019704438,4.7272727272727275,0.0,0.0,0.0,0.0,-11.700000000000001,23.07783251231527,20.364532019704438,9.814804529146517,4.7272727272727275,0.0,0.0,0.0,-11.700000000000001,57.98444178843895,Primary prediction score,23.07783251231527,Risk penalty,-11.700000000000001,"요약: live_score 46.3 | live_score_source=final_score | regime=neutral | dominant_driver=ret (Primary prediction score 23.1) | top_positive_factor=Primary prediction score (23.1) | top_negative_factor=Risk penalty (-11.7)
핵심 driver: Primary prediction score (ret_score) contribution 23.1, score 72.1; Top-bucket probability score (prob_score) contribution 20.4, score 78.3; Tech flow score (tech_score) contribution 9.8, score 40.9
리스크 요인: top_negative_factor=Risk penalty (-11.7); risk_penalty 18.0
운영 상태: theme_overlay: disabled (operational config); confidence: 모델 메타 점수 (calibration 미완), score=NA, label=Experimental, live_score 비반영, research/reference 용도","{""base_score"": 46.3, ""theme_weight"": 0.0, ""weight_source"": ""best_weight_by_regime"", ""regime_applied"": ""neutral"", ""theme"": {""name"": ""AI서버기판"", ""confidence"": 0.65, ""contribution"": 0.0}}",confidence_four_axis_v1,1.0,100.0,97.0,55.63125093297507,51.37215698123507,80.71363628042903,72.52693176943704,72.52693176943704,High,High,High,High,current regime fit is weak,"Confidence score is 72.5 (High). data_maturity_score=100.0, model_reliability_score=97.0, signal_agreement_score=55.6, regime_fitness_score=51.4. Reason: current regime fit is weak.",60일 기대수익 상위권와 거래 유동성 양호이 추천 점수를 견인했습니다. 예상 손실 폭 부담 큼 요인은 함께 점검이 필요합니다.,60일 기대수익 상위권 / 거래 유동성 양호 / 상위권 진입 확률 우수,예상 손실 폭 부담 큼 / 재무 품질 보완 필요,신뢰도 High: current regime fit is weak,현재 neutral 체계로 균형형 가중치가 적용됐습니다.,high_ret_score,healthy_liquidity_profile,high_probability_score,very_high_risk_penalty,weak_quality_score,60일 기대수익 상위권,거래 유동성 양호,상위권 진입 확률 우수,예상 손실 폭 부담 큼,재무 품질 보완 필요,보수적 접근 권장,"{""drivers"": [""high_ret_score"", ""healthy_liquidity_profile"", ""high_probability_score""], ""driver_texts"": [""60일 기대수익 상위권"", ""거래 유동성 양호"", ""상위권 진입 확률 우수""], ""drags"": [""very_high_risk_penalty"", ""weak_quality_score""], ""drag_texts"": [""예상 손실 폭 부담 큼"", ""재무 품질 보완 필요""], ""confidence_label"": ""High"", ""confidence_reason"": ""current regime fit is weak"", ""regime"": ""neutral"", ""weight_profile"": ""neutral_service_balanced"", ""regime_reason"": ""met_conditions=close_gt_ma20,ma20_gt_ma60,recent_20d_return_gt_0.03; true_count=3; breadth_20d=0.527; recent_20d_return=0.0468; ma60=5370.97; volatility_risk_flag=True"", ""action_note"": ""보수적 접근 권장"", ""component_snapshot"": {""ret_score"": 72.12, ""prob_score"": 78.33, ""qual_score"": 26.26, ""tech_score"": 40.9, ""valuation_score"": 50.0, ""risk_penalty"": 18.0, ""live_score"": 46.28, ""final_score"": 46.28, ""confidence_score"": 72.53, ""live_rank"": 70.0, ""live_score_source"": ""final_score""}}",70,2026-04-09 11:17:11,
2026-04-08,039200,0.0780691232898584,0.0995286620322171,-0.3386216004652193,-0.3993071731305274,0.3828055994978196,0.2533527330433054,0.0,48700.0,29.14572864321608,5,0.0,100.0,0.0560152129321884,0.0535903861020008,350804.2,336054.0,0.0167014613778706,-0.0763394973921289,44.235053168578,0.9579531830006596,48250.0,52725.0,50650.0,-0.0828625235404896,-0.0931098696461825,오스코텍,KOSDAQ,제약,,,바이오,22.265625,0.4333811131386861,22.265625,22.265625,22.265625,0.3,,9.649501347228558,True,False,2026-04-08,5872.34,5523.437,0.0407581147205317,-8114.961149999988,neutral,"met_conditions=close_gt_ma20,ma20_gt_ma60,recent_20d_return_gt_0.03; true_count=3; breadth_20d=0.527; recent_20d_return=0.0468; ma60=5370.97; volatility_risk_flag=True",-0.0763394973921289,35.0,25.135467980295566,-0.0828625235404896,-0.0931098696461825,0.0167014613778706,68.470106337156,41.871221165569786,0.0560152129321884,0.0535903861020008,32.758620689655174,350804.2,336054.0,42.692939244663386,48.76847290640394,1.0,35.15123282666863,feature_v1,58.620689655172406,0.5862068965517241,0.5862068965517241,54.187192118226605,0.541871921182266,0.541871921182266,57.29064039408867,57.29064039408867,56.84729064039409,False,38.28055994978196,0.9556650246305419,95.56650246305419,29.14572864321608,29.292929292929294,1.0,1.0,29.292929292929294,29.292929292929294,78.81773399014779,55.66502463054187,32.758620689655174,48.76847290640394,50.0,57.29064039408867,95.56650246305419,35.15123282666863,ranking_builder_v8_return_prob_tech_regime,False,False,False,False,False,False,False,False,False,False,False,False,0,18.0,0.36289582953134253,neutral_service_balanced,0.24,0.24,0.32,0.32,0.26,0.26,0.18,0.18,0.65,0.0,0.0,45.18931871763021,45.18931871763021,1.0,False,False,1.0,False,45.18931871763021,71,v2,0.0,best_weight_by_regime,neutral,0.0,1.0,45.18931871763021,45.18931871763021,0.0,45.18931871763021,0.0,0.0,,,,,,,,,,,,,,,,,False,False,,,,,False,,,,,4.0,True,41.18931871763021,73,71,final_score,45.18931871763021,71,71,8.436295878400472,18.333004926108373,24.847290640394093,5.2727272727272725,0.0,0.0,0.0,0.0,-11.700000000000001,18.333004926108373,24.847290640394093,8.436295878400472,5.2727272727272725,0.0,0.0,0.0,-11.700000000000001,56.88931871763021,Top-bucket probability score,24.847290640394093,Risk penalty,-11.700000000000001,"요약: live_score 45.2 | live_score_source=final_score | regime=neutral | dominant_driver=prob (Top-bucket probability score 24.8) | top_positive_factor=Top-bucket probability score (24.8) | top_negative_factor=Risk penalty (-11.7)
핵심 driver: Top-bucket probability score (prob_score) contribution 24.8, score 95.6; Primary prediction score (ret_score) contribution 18.3, score 57.3; Tech flow score (tech_score) contribution 8.4, score 35.2
리스크 요인: top_negative_factor=Risk penalty (-11.7); risk_penalty 18.0
운영 상태: theme_overlay: disabled (operational config); confidence: 모델 메타 점수 (calibration 미완), score=NA, label=Experimental, live_score 비반영, research/reference 용도","{""base_score"": 45.2, ""theme_weight"": 0.0, ""weight_source"": ""best_weight_by_regime"", ""regime_applied"": ""neutral"", ""theme"": {""name"": ""바이오"", ""confidence"": 0.43, ""contribution"": 0.0}}",confidence_four_axis_v1,1.0,100.0,97.0,40.117928048962526,50.694455153680245,76.73365028529267,66.18606225032106,66.18606225032106,Medium,Medium,Medium,Medium,core signals disagree; current regime fit is weak,"Confidence score is 66.2 (Medium). data_maturity_score=100.0, model_reliability_score=97.0, signal_agreement_score=40.1, regime_fitness_score=50.7. Reason: core signals disagree; current regime fit is weak.",상위권 진입 확률 우수이 추천 점수를 견인했습니다. 예상 손실 폭 부담 큼 요인은 함께 점검이 필요합니다.,상위권 진입 확률 우수,예상 손실 폭 부담 큼 / 재무 품질 보완 필요,신뢰도 Medium: core signals disagree; current regime fit is weak,현재 neutral 체계로 균형형 가중치가 적용됐습니다.,high_probability_score,,,very_high_risk_penalty,weak_quality_score,상위권 진입 확률 우수,,,예상 손실 폭 부담 큼,재무 품질 보완 필요,보수적 접근 권장,"{""drivers"": [""high_probability_score""], ""driver_texts"": [""상위권 진입 확률 우수""], ""drags"": [""very_high_risk_penalty"", ""weak_quality_score""], ""drag_texts"": [""예상 손실 폭 부담 큼"", ""재무 품질 보완 필요""], ""confidence_label"": ""Medium"", ""confidence_reason"": ""core signals disagree; current regime fit is weak"", ""regime"": ""neutral"", ""weight_profile"": ""neutral_service_balanced"", ""regime_reason"": ""met_conditions=close_gt_ma20,ma20_gt_ma60,recent_20d_return_gt_0.03; true_count=3; breadth_20d=0.527; recent_20d_return=0.0468; ma60=5370.97; volatility_risk_flag=True"", ""action_note"": ""보수적 접근 권장"", ""component_snapshot"": {""ret_score"": 57.29, ""prob_score"": 95.57, ""qual_score"": 29.29, ""tech_score"": 35.15, ""valuation_score"": 50.0, ""risk_penalty"": 18.0, ""live_score"": 45.19, ""final_score"": 45.19, ""confidence_score"": 66.19, ""live_rank"": 71.0, ""live_score_source"": ""final_score""}}",71,2026-04-09 11:17:11,
2026-04-08,112040,0.0538936218820038,0.2540300035933354,-0.2178446707516848,-0.2542110013945785,0.1652292751262312,0.2538390798007752,0.0,20550.0,53.768844221105525,3,0.4,75.0,0.0345512247266306,0.0443083158188773,122857.85,141299.0,-0.0866666666666666,-0.0382590382590383,41.27768048059742,1.1501015197645084,19950.0,21367.5,25426.666666666668,-0.0397196261682243,-0.0701357466063348,위메이드,KOSDAQ,인터넷/플랫폼·콘텐츠,,,,0.0,0.0,,0.0,,0.3,mapping_missing,0.0,False,False,2026-04-08,5872.34,5523.437,0.0407581147205317,-8114.961149999988,neutral,"met_conditions=close_gt_ma20,ma20_gt_ma60,recent_20d_return_gt_0.03; true_count=3; breadth_20d=0.527; recent_20d_return=0.0468; ma60=5370.97; volatility_risk_flag=True",-0.0382590382590383,15.0,20.307881773399018,-0.0397196261682243,-0.0701357466063348,-0.0866666666666666,62.555360961194836,34.60435748167802,0.0345512247266306,0.0443083158188773,73.39901477832512,122857.85,141299.0,30.870279146141215,15.763546798029557,0.9,33.762811030373896,feature_v1,55.66502463054187,0.5566502463054187,0.5566502463054187,76.84729064039408,0.7684729064039408,0.7684729064039408,62.01970443349754,62.01970443349754,64.13793103448276,False,16.52292751262312,0.6600985221674877,66.00985221674877,53.768844221105525,54.04040404040404,0.8375,0.78,35.30189393939394,35.30189393939394,22.660098522167488,30.541871921182267,73.39901477832512,15.763546798029557,50.0,62.01970443349754,66.00985221674877,33.762811030373896,ranking_builder_v8_return_prob_tech_regime,False,False,False,False,False,False,False,False,False,False,False,False,0,9.886944361061072,0.23239120300884228,neutral_service_balanced,0.24,0.24,0.32,0.32,0.26,0.26,0.18,0.18,0.65,0.0,0.0,45.039768716764826,45.039768716764826,1.0,False,False,1.0,False,45.039768716764826,72,v2,0.0,best_weight_by_regime,neutral,0.0,1.0,45.039768716764826,45.039768716764826,0.0,45.039768716764826,0.0,0.0,,,,,,,,,,,,,,,,,False,False,,,,,False,,,,,0.0,False,45.039768716764826,54,72,final_score,45.039768716764826,72,72,8.103074647289734,19.84630541871921,17.16256157635468,6.354340909090909,0.0,0.0,0.0,0.0,-6.426513834689697,19.84630541871921,17.16256157635468,8.103074647289734,6.354340909090909,0.0,0.0,0.0,-6.426513834689697,51.46628255145453,Primary prediction score,19.84630541871921,Risk penalty,-6.426513834689697,"요약: live_score 45.0 | live_score_source=final_score | regime=neutral | dominant_driver=ret (Primary prediction score 19.8) | top_positive_factor=Primary prediction score (19.8) | top_negative_factor=Risk penalty (-6.4)
핵심 driver: Primary prediction score (ret_score) contribution 19.8, score 62.0; Top-bucket probability score (prob_score) contribution 17.2, score 66.0; Tech flow score (tech_score) contribution 8.1, score 33.8
리스크 요인: top_negative_factor=Risk penalty (-6.4); risk_penalty 9.9
운영 상태: theme_overlay: disabled (operational config); confidence: 모델 메타 점수 (calibration 미완), score=NA, label=Experimental, live_score 비반영, research/reference 용도","{""base_score"": 45.0, ""theme_weight"": 0.0, ""weight_source"": ""best_weight_by_regime"", ""regime_applied"": ""neutral"", ""theme"": {""name"": ""(none)"", ""confidence"": 0.0, ""contribution"": 0.0}}",confidence_four_axis_v1,1.0,91.25,95.5,61.57588764408754,51.01745076906945,79.0715895263823,71.3338452114489,71.3338452114489,Medium,High,High,High,current regime fit is weak,"Confidence score is 71.3 (High). data_maturity_score=91.2, model_reliability_score=95.5, signal_agreement_score=61.6, regime_fitness_score=51.0. Reason: current regime fit is weak.",상위권 진입 확률 우수와 변동성 관리 양호이 추천 점수를 견인했습니다. 거래 유동성 부족 요인은 함께 점검이 필요합니다.,상위권 진입 확률 우수 / 변동성 관리 양호,거래 유동성 부족 / 최근 변동성 확대 주의,신뢰도 High: current regime fit is weak,현재 neutral 체계로 균형형 가중치가 적용됐습니다.,high_probability_score,strong_safety_profile,,low_liquidity_score,elevated_risk_penalty,상위권 진입 확률 우수,변동성 관리 양호,,거래 유동성 부족,최근 변동성 확대 주의,추가 확인 후 판단,"{""drivers"": [""high_probability_score"", ""strong_safety_profile""], ""driver_texts"": [""상위권 진입 확률 우수"", ""변동성 관리 양호""], ""drags"": [""low_liquidity_score"", ""elevated_risk_penalty""], ""drag_texts"": [""거래 유동성 부족"", ""최근 변동성 확대 주의""], ""confidence_label"": ""High"", ""confidence_reason"": ""current regime fit is weak"", ""regime"": ""neutral"", ""weight_profile"": ""neutral_service_balanced"", ""regime_reason"": ""met_conditions=close_gt_ma20,ma20_gt_ma60,recent_20d_return_gt_0.03; true_count=3; breadth_20d=0.527; recent_20d_return=0.0468; ma60=5370.97; volatility_risk_flag=True"", ""action_note"": ""추가 확인 후 판단"", ""component_snapshot"": {""ret_score"": 62.02, ""prob_score"": 66.01, ""qual_score"": 35.3, ""tech_score"": 33.76, ""valuation_score"": 50.0, ""risk_penalty"": 9.89, ""live_score"": 45.04, ""final_score"": 45.04, ""confidence_score"": 71.33, ""live_rank"": 72.0, ""live_score_source"": ""final_score""}}",72,2026-04-09 11:17:11,
2026-04-08,456160,0.3165894248697924,0.2553558806951235,-0.2503417648078375,-0.2799417925158646,0.2008201359365514,0.1151442585351174,0.0,68000.0,20.100502512562816,5,0.0,100.0,0.0780249301834253,0.0706749737634143,821478.3,227169.0,-0.3584905660377359,-0.1642598168745774,40.6025294540605,0.276536823918538,66840.0,81365.0,85425.0,-0.1052631578947368,-0.1403286978508217,지투지바이오,KOSDAQ,바이오/제약,,,바이오,20.625,0.4158811131386861,20.625,20.625,20.625,0.3,,8.5775479584854,True,False,2026-04-08,5872.34,5523.437,0.0407581147205317,-8114.961149999988,neutral,"met_conditions=close_gt_ma20,ma20_gt_ma60,recent_20d_return_gt_0.03; true_count=3; breadth_20d=0.527; recent_20d_return=0.0468; ma60=5370.97; volatility_risk_flag=True",-0.1642598168745774,15.0,9.224137931034482,-0.1052631578947368,-0.1403286978508217,-0.3584905660377359,61.205058908121,19.734762263976066,0.0780249301834253,0.0706749737634143,7.881773399014776,821478.3,227169.0,37.602627257799675,77.33990147783251,1.0,16.891156940174874,feature_v1,87.68472906403942,0.8768472906403941,0.8768472906403941,77.33990147783251,0.7733990147783252,0.7733990147783252,84.58128078817734,84.58128078817734,83.54679802955665,False,20.08201359365514,0.7241379310344828,72.41379310344827,20.100502512562816,20.2020202020202,1.0,1.0,20.2020202020202,20.2020202020202,96.05911330049261,88.17733990147784,7.881773399014776,77.33990147783251,50.0,84.58128078817734,72.41379310344827,16.891156940174874,ranking_builder_v8_return_prob_tech_regime,False,False,False,False,False,False,False,False,False,False,False,False,0,13.461813106925794,0.2621817758910483,neutral_service_balanced,0.24,0.24,0.32,0.32,0.26,0.26,0.18,0.18,0.65,0.0,0.0,44.83365884161714,44.83365884161714,1.0,False,False,1.0,False,44.83365884161714,73,v2,0.0,best_weight_by_regime,neutral,0.0,1.0,44.83365884161714,44.83365884161714,0.0,44.83365884161714,0.0,0.0,,,,,,,,,,,,,,,,,False,False,,,,,False,,,,,4.0,True,40.83365884161714,77,73,final_score,44.83365884161714,73,73,4.05387766564197,27.066009852216748,18.82758620689655,3.636363636363636,0.0,0.0,0.0,0.0,-8.750178519501766,27.066009852216748,18.82758620689655,4.05387766564197,3.636363636363636,0.0,0.0,0.0,-8.750178519501766,53.5838373611189,Primary prediction score,27.066009852216748,Risk penalty,-8.750178519501766,"요약: live_score 44.8 | live_score_source=final_score | regime=neutral | dominant_driver=ret (Primary prediction score 27.1) | top_positive_factor=Primary prediction score (27.1) | top_negative_factor=Risk penalty (-8.8)
핵심 driver: Primary prediction score (ret_score) contribution 27.1, score 84.6; Top-bucket probability score (prob_score) contribution 18.8, score 72.4; Tech flow score (tech_score) contribution 4.1, score 16.9
리스크 요인: top_negative_factor=Risk penalty (-8.8); risk_penalty 13.5
운영 상태: theme_overlay: disabled (operational config); confidence: 모델 메타 점수 (calibration 미완), score=NA, label=Experimental, live_score 비반영, research/reference 용도","{""base_score"": 44.8, ""theme_weight"": 0.0, ""weight_source"": ""best_weight_by_regime"", ""regime_applied"": ""neutral"", ""theme"": {""name"": ""바이오"", ""confidence"": 0.42, ""contribution"": 0.0}}",confidence_four_axis_v1,1.0,100.0,97.0,44.69296284559926,50.698081514591586,77.87795293858855,68.01680144115802,68.01680144115802,Medium,Medium,Medium,Medium,core signals disagree; current regime fit is weak,"Confidence score is 68.0 (Medium). data_maturity_score=100.0, model_reliability_score=97.0, signal_agreement_score=44.7, regime_fitness_score=50.7. Reason: core signals disagree; current regime fit is weak.",60일 기대수익 상위권와 상위권 진입 확률 우수이 추천 점수를 견인했습니다. 방어력 약함 요인은 함께 점검이 필요합니다.,60일 기대수익 상위권 / 상위권 진입 확률 우수 / 거래 유동성 양호,방어력 약함 / 추세 탄력 약함,신뢰도 Medium: core signals disagree; current regime fit is weak,현재 neutral 체계로 균형형 가중치가 적용됐습니다.,high_ret_score,high_probability_score,healthy_liquidity_profile,weak_safety_score,weak_tech_score,60일 기대수익 상위권,상위권 진입 확률 우수,거래 유동성 양호,방어력 약함,추세 탄력 약함,추가 확인 후 판단,"{""drivers"": [""high_ret_score"", ""high_probability_score"", ""healthy_liquidity_profile""], ""driver_texts"": [""60일 기대수익 상위권"", ""상위권 진입 확률 우수"", ""거래 유동성 양호""], ""drags"": [""weak_safety_score"", ""weak_tech_score""], ""drag_texts"": [""방어력 약함"", ""추세 탄력 약함""], ""confidence_label"": ""Medium"", ""confidence_reason"": ""core signals disagree; current regime fit is weak"", ""regime"": ""neutral"", ""weight_profile"": ""neutral_service_balanced"", ""regime_reason"": ""met_conditions=close_gt_ma20,ma20_gt_ma60,recent_20d_return_gt_0.03; true_count=3; breadth_20d=0.527; recent_20d_return=0.0468; ma60=5370.97; volatility_risk_flag=True"", ""action_note"": ""추가 확인 후 판단"", ""component_snapshot"": {""ret_score"": 84.58, ""prob_score"": 72.41, ""qual_score"": 20.2, ""tech_score"": 16.89, ""valuation_score"": 50.0, ""risk_penalty"": 13.46, ""live_score"": 44.83, ""final_score"": 44.83, ""confidence_score"": 68.02, ""live_rank"": 73.0, ""live_score_source"": ""final_score""}}",73,2026-04-09 11:17:11,
2026-04-08,214370,0.3252238152667708,0.0071995684673977,-0.1853202833951068,-0.2136020867686786,0.0542978804267617,0.0546591306940825,0.0,86600.0,95.97989949748744,5,0.0,100.0,0.0622920572882451,0.0727255081355629,175284.35,138913.0,-0.297077922077922,-0.1557397026565927,38.90455650669336,0.7925008707280484,94240.0,102575.0,107771.66666666669,-0.0997920997920998,-0.1163265306122448,케어젠,KOSDAQ,건강관리업체및서비스,,,,0.0,0.0,,0.0,,0.3,mapping_missing,0.0,False,False,2026-04-08,5872.34,5523.437,0.0407581147205317,-8114.961149999988,neutral,"met_conditions=close_gt_ma20,ma20_gt_ma60,recent_20d_return_gt_0.03; true_count=3; breadth_20d=0.527; recent_20d_return=0.0468; ma60=5370.97; volatility_risk_flag=True",-0.1557397026565927,15.0,10.701970443349754,-0.0997920997920998,-0.1163265306122448,-0.297077922077922,57.80911301338672,20.73306643068658,0.0622920572882451,0.0727255081355629,10.591133004926107,175284.35,138913.0,19.86863711001642,24.63054187192118,1.0,15.565686551232911,feature_v1,88.17733990147784,0.8817733990147784,0.8817733990147784,43.84236453201971,0.43842364532019706,0.43842364532019706,74.8768472906404,74.8768472906404,70.44334975369458,False,5.42978804267617,0.13793103448275862,13.793103448275861,95.97989949748744,95.95959595959596,1.0,1.0,95.95959595959596,95.95959595959596,86.69950738916256,92.11822660098522,10.591133004926107,24.63054187192118,50.0,74.8768472906404,13.793103448275861,15.565686551232911,ranking_builder_v8_return_prob_tech_regime,False,False,False,False,False,False,False,False,False,False,False,False,0,5.730640379562842,0.19663300474453552,neutral_service_balanced,0.24,0.24,0.32,0.32,0.26,0.26,0.18,0.18,0.65,0.0,0.0,44.83037382786398,44.83037382786398,1.0,False,False,1.0,False,44.83037382786398,74,v2,0.0,best_weight_by_regime,neutral,0.0,1.0,44.83037382786398,44.83037382786398,0.0,44.83037382786398,0.0,0.0,,,,,,,,,,,,,,,,,False,False,,,,,False,,,,,0.0,False,44.83037382786398,55,74,final_score,44.83037382786398,74,74,3.7357647722958984,23.96059113300493,3.586206896551724,17.272727272727273,0.0,0.0,0.0,0.0,-3.724916246715847,23.96059113300493,3.586206896551724,3.7357647722958984,17.272727272727273,0.0,0.0,0.0,-3.724916246715847,48.55529007457982,Primary prediction score,23.96059113300493,Risk penalty,-3.724916246715847,"요약: live_score 44.8 | live_score_source=final_score | regime=neutral | dominant_driver=ret (Primary prediction score 24.0) | top_positive_factor=Primary prediction score (24.0) | top_negative_factor=Risk penalty (-3.7)
핵심 driver: Primary prediction score (ret_score) contribution 24.0, score 74.9; Financial quality score (qual_score) contribution 17.3, score 96.0; Tech flow score (tech_score) contribution 3.7, score 15.6
리스크 요인: top_negative_factor=Risk penalty (-3.7); risk_penalty 5.7
운영 상태: theme_overlay: disabled (operational config); confidence: 모델 메타 점수 (calibration 미완), score=NA, label=Experimental, live_score 비반영, research/reference 용도","{""base_score"": 44.8, ""theme_weight"": 0.0, ""weight_source"": ""best_weight_by_regime"", ""regime_applied"": ""neutral"", ""theme"": {""name"": ""(none)"", ""confidence"": 0.0, ""contribution"": 0.0}}",confidence_four_axis_v1,1.0,100.0,97.0,40.350052246603966,50.9221078130389,76.82582923360683,66.32444246124936,66.32444246124936,Medium,Medium,Medium,Medium,core signals disagree; current regime fit is weak,"Confidence score is 66.3 (Medium). data_maturity_score=100.0, model_reliability_score=97.0, signal_agreement_score=40.4, regime_fitness_score=50.9. Reason: core signals disagree; current regime fit is weak.",재무 품질 양호와 60일 기대수익 상위권이 추천 점수를 견인했습니다. 방어력 약함 요인은 함께 점검이 필요합니다.,재무 품질 양호 / 60일 기대수익 상위권,방어력 약함 / 상위권 진입 확률 약함,신뢰도 Medium: core signals disagree; current regime fit is weak,현재 neutral 체계로 균형형 가중치가 적용됐습니다.,strong_quality_profile,high_ret_score,,weak_safety_score,low_probability_score,재무 품질 양호,60일 기대수익 상위권,,방어력 약함,상위권 진입 확률 약함,추가 확인 후 판단,"{""drivers"": [""strong_quality_profile"", ""high_ret_score""], ""driver_texts"": [""재무 품질 양호"", ""60일 기대수익 상위권""], ""drags"": [""weak_safety_score"", ""low_probability_score""], ""drag_texts"": [""방어력 약함"", ""상위권 진입 확률 약함""], ""confidence_label"": ""Medium"", ""confidence_reason"": ""core signals disagree; current regime fit is weak"", ""regime"": ""neutral"", ""weight_profile"": ""neutral_service_balanced"", ""regime_reason"": ""met_conditions=close_gt_ma20,ma20_gt_ma60,recent_20d_return_gt_0.03; true_count=3; breadth_20d=0.527; recent_20d_return=0.0468; ma60=5370.97; volatility_risk_flag=True"", ""action_note"": ""추가 확인 후 판단"", ""component_snapshot"": {""ret_score"": 74.88, ""prob_score"": 13.79, ""qual_score"": 95.96, ""tech_score"": 15.57, ""valuation_score"": 50.0, ""risk_penalty"": 5.73, ""live_score"": 44.83, ""final_score"": 44.83, ""confidence_score"": 66.32, ""live_rank"": 74.0, ""live_score_source"": ""final_score""}}",74,2026-04-09 11:17:11,
2026-04-08,003550,0.0343831206710976,-0.0606483158046071,-0.2347695065694891,-0.29067655194517,0.1365316771904313,0.0898699894544158,0.0,91800.0,75.87939698492463,3,0.4,75.0,0.0363557543677238,0.0344614212830175,271144.9,292549.0,-0.0160771704180063,0.0343079263140104,53.05296276029112,1.07893971083358,87820.0,88755.0,91205.0,0.0527522935779816,0.0337837837837837,LG,KOSPI,복합기업,,,,0.0,0.0,,0.0,,0.3,mapping_missing,0.0,False,False,2026-04-08,5872.34,5523.437,0.0407581147205317,-8114.961149999988,neutral,"met_conditions=close_gt_ma20,ma20_gt_ma60,recent_20d_return_gt_0.03; true_count=3; breadth_20d=0.527; recent_20d_return=0.0468; ma60=5370.97; volatility_risk_flag=True",0.0343079263140104,55.0,62.22906403940887,0.0527522935779816,0.0337837837837837,-0.0160771704180063,86.10592552058225,74.85160453285492,0.0363557543677238,0.0344614212830175,80.04926108374384,271144.9,292549.0,44.499178981937604,39.90147783251231,1.0,67.55150986236129,feature_v1,49.26108374384236,0.49261083743842365,0.49261083743842365,30.049261083743843,0.30049261083743845,0.30049261083743845,43.497536945812804,43.497536945812804,41.576354679802954,False,13.65316771904313,0.541871921182266,54.187192118226605,75.87939698492463,75.75757575757575,0.8375,0.78,49.48863636363637,49.48863636363637,25.12315270935961,14.77832512315271,80.04926108374384,39.90147783251231,50.0,43.497536945812804,54.187192118226605,67.55150986236129,ranking_builder_v8_return_prob_tech_regime,False,False,False,False,False,False,False,False,False,False,False,False,0,12.855878966371371,0.25713232471976144,neutral_service_balanced,0.24,0.24,0.32,0.32,0.26,0.26,0.18,0.18,0.65,0.0,0.0,44.771877357678875,44.771877357678875,1.0,False,False,1.0,False,44.771877357678875,75,v2,0.0,best_weight_by_regime,neutral,0.0,1.0,44.771877357678875,44.771877357678875,0.0,44.771877357678875,0.0,0.0,,,,,,,,,,,,,,,,,False,False,,,,,False,,,,,4.0,True,40.771877357678875,79,75,final_score,44.771877357678875,75,75,16.21236236696671,13.919211822660097,14.088669950738918,8.907954545454546,0.0,0.0,0.0,0.0,-8.35632132814139,13.919211822660097,14.088669950738918,16.21236236696671,8.907954545454546,0.0,0.0,0.0,-8.35632132814139,53.128198685820266,Tech flow score,16.21236236696671,Risk penalty,-8.35632132814139,"요약: live_score 44.8 | live_score_source=final_score | regime=neutral | dominant_driver=tech (Tech flow score 16.2) | top_positive_factor=Tech flow score (16.2) | top_negative_factor=Risk penalty (-8.4)
핵심 driver: Tech flow score (tech_score) contribution 16.2, score 67.6; Top-bucket probability score (prob_score) contribution 14.1, score 54.2; Primary prediction score (ret_score) contribution 13.9, score 43.5
리스크 요인: top_negative_factor=Risk penalty (-8.4); risk_penalty 12.9
운영 상태: theme_overlay: disabled (operational config); confidence: 모델 메타 점수 (calibration 미완), score=NA, label=Experimental, live_score 비반영, research/reference 용도","{""base_score"": 44.8, ""theme_weight"": 0.0, ""weight_source"": ""best_weight_by_regime"", ""regime_applied"": ""neutral"", ""theme"": {""name"": ""(none)"", ""confidence"": 0.0, ""contribution"": 0.0}}",confidence_four_axis_v1,1.0,91.25,97.0,59.033808125035456,50.042134266275134,78.73977217120013,70.12195010326921,70.12195010326921,Medium,High,High,High,current regime fit is weak,"Confidence score is 70.1 (High). data_maturity_score=91.2, model_reliability_score=97.0, signal_agreement_score=59.0, regime_fitness_score=50.0. Reason: current regime fit is weak.",변동성 관리 양호와 추세 구조 양호이 추천 점수를 견인했습니다. 예상 손실 폭 부담 큼 요인은 함께 점검이 필요합니다.,변동성 관리 양호 / 추세 구조 양호,예상 손실 폭 부담 큼 / 거래 유동성 부족,신뢰도 High: current regime fit is weak,현재 neutral 체계로 균형형 가중치가 적용됐습니다.,strong_safety_profile,high_tech_score,,very_high_risk_penalty,low_liquidity_score,변동성 관리 양호,추세 구조 양호,,예상 손실 폭 부담 큼,거래 유동성 부족,보수적 접근 권장,"{""drivers"": [""strong_safety_profile"", ""high_tech_score""], ""driver_texts"": [""변동성 관리 양호"", ""추세 구조 양호""], ""drags"": [""very_high_risk_penalty"", ""low_liquidity_score""], ""drag_texts"": [""예상 손실 폭 부담 큼"", ""거래 유동성 부족""], ""confidence_label"": ""High"", ""confidence_reason"": ""current regime fit is weak"", ""regime"": ""neutral"", ""weight_profile"": ""neutral_service_balanced"", ""regime_reason"": ""met_conditions=close_gt_ma20,ma20_gt_ma60,recent_20d_return_gt_0.03; true_count=3; breadth_20d=0.527; recent_20d_return=0.0468; ma60=5370.97; volatility_risk_flag=True"", ""action_note"": ""보수적 접근 권장"", ""component_snapshot"": {""ret_score"": 43.5, ""prob_score"": 54.19, ""qual_score"": 49.49, ""tech_score"": 67.55, ""valuation_score"": 50.0, ""risk_penalty"": 12.86, ""live_score"": 44.77, ""final_score"": 44.77, ""confidence_score"": 70.12, ""live_rank"": 75.0, ""live_score_source"": ""final_score""}}",75,2026-04-09 11:17:11,
2026-04-08,009830,0.0792693631172951,0.1744756191985561,-0.3663568098967385,-0.4123359511978091,0.3207642428933871,0.0343324408723935,0.0,40300.0,33.165829145728644,3,0.4,75.0,0.0663311311933817,0.082344998292979,5366446.1,3960120.0,-0.2159533073929961,-0.0627362055933484,47.26307400803599,0.7379408879183563,38050.0,42997.5,40389.16666666666,0.0732356857523301,-0.1044444444444444,한화솔루션,KOSPI,에너지장비및서비스,,,,0.0,0.0,,0.0,,0.3,mapping_missing,0.0,False,False,2026-04-08,5872.34,5523.437,0.0407581147205317,-8114.961149999988,neutral,"met_conditions=close_gt_ma20,ma20_gt_ma60,recent_20d_return_gt_0.03; true_count=3; breadth_20d=0.527; recent_20d_return=0.0468; ma60=5370.97; volatility_risk_flag=True",-0.0627362055933484,35.0,26.61330049261084,0.0732356857523301,-0.1044444444444444,-0.2159533073929961,74.52614801607199,45.8482857724909,0.0663311311933817,0.082344998292979,5.911330049261089,5366446.1,3960120.0,69.29392446633825,98.52216748768473,1.0,35.60724484795802,feature_v1,60.591133004926114,0.6059113300492611,0.6059113300492611,67.48768472906403,0.6748768472906403,0.6748768472906403,62.66009852216749,62.66009852216749,63.34975369458128,False,32.07642428933871,0.9211822660098522,92.11822660098522,33.165829145728644,33.33333333333333,0.8375,0.78,21.775,21.775,91.62561576354679,96.55172413793103,5.911330049261089,98.52216748768473,50.0,62.66009852216749,92.11822660098522,35.60724484795802,ranking_builder_v8_return_prob_tech_regime,False,False,False,False,False,False,False,False,False,False,False,False,0,18.0,0.38474846641716676,neutral_service_balanced,0.24,0.24,0.32,0.32,0.26,0.26,0.18,0.18,0.65,0.0,0.0,44.767209206859675,44.767209206859675,1.0,False,False,1.0,False,44.767209206859675,76,v2,0.0,best_weight_by_regime,neutral,0.0,1.0,44.767209206859675,44.767209206859675,0.0,44.767209206859675,0.0,0.0,,,,,,,,,,,,,,,,,False,False,,,,,False,,,,,4.0,True,40.767209206859675,80,76,final_score,44.767209206859675,76,76,8.545738763509926,20.051231527093595,23.95073891625616,3.9194999999999998,0.0,0.0,0.0,0.0,-11.700000000000001,20.051231527093595,23.95073891625616,8.545738763509926,3.9194999999999998,0.0,0.0,0.0,-11.700000000000001,56.46720920685968,Top-bucket probability score,23.95073891625616,Risk penalty,-11.700000000000001,"요약: live_score 44.8 | live_score_source=final_score | regime=neutral | dominant_driver=prob (Top-bucket probability score 24.0) | top_positive_factor=Top-bucket probability score (24.0) | top_negative_factor=Risk penalty (-11.7)
핵심 driver: Top-bucket probability score (prob_score) contribution 24.0, score 92.1; Primary prediction score (ret_score) contribution 20.1, score 62.7; Tech flow score (tech_score) contribution 8.5, score 35.6
리스크 요인: top_negative_factor=Risk penalty (-11.7); risk_penalty 18.0
운영 상태: theme_overlay: disabled (operational config); confidence: 모델 메타 점수 (calibration 미완), score=NA, label=Experimental, live_score 비반영, research/reference 용도","{""base_score"": 44.8, ""theme_weight"": 0.0, ""weight_source"": ""best_weight_by_regime"", ""regime_applied"": ""neutral"", ""theme"": {""name"": ""(none)"", ""confidence"": 0.0, ""contribution"": 0.0}}",confidence_four_axis_v1,1.0,91.25,97.0,50.147032019704426,50.258650940034954,76.55055564593134,66.61054299588876,66.61054299588876,Medium,Medium,Medium,Medium,core signals disagree; current regime fit is weak,"Confidence score is 66.6 (Medium). data_maturity_score=91.2, model_reliability_score=97.0, signal_agreement_score=50.1, regime_fitness_score=50.3. Reason: core signals disagree; current regime fit is weak.",상위권 진입 확률 우수와 거래 유동성 양호이 추천 점수를 견인했습니다. 방어력 약함 요인은 함께 점검이 필요합니다.,상위권 진입 확률 우수 / 거래 유동성 양호,방어력 약함 / 재무 품질 보완 필요,신뢰도 Medium: core signals disagree; current regime fit is weak,현재 neutral 체계로 균형형 가중치가 적용됐습니다.,high_probability_score,healthy_liquidity_profile,,weak_safety_score,weak_quality_score,상위권 진입 확률 우수,거래 유동성 양호,,방어력 약함,재무 품질 보완 필요,추가 확인 후 판단,"{""drivers"": [""high_probability_score"", ""healthy_liquidity_profile""], ""driver_texts"": [""상위권 진입 확률 우수"", ""거래 유동성 양호""], ""drags"": [""weak_safety_score"", ""weak_quality_score""], ""drag_texts"": [""방어력 약함"", ""재무 품질 보완 필요""], ""confidence_label"": ""Medium"", ""confidence_reason"": ""core signals disagree; current regime fit is weak"", ""regime"": ""neutral"", ""weight_profile"": ""neutral_service_balanced"", ""regime_reason"": ""met_conditions=close_gt_ma20,ma20_gt_ma60,recent_20d_return_gt_0.03; true_count=3; breadth_20d=0.527; recent_20d_return=0.0468; ma60=5370.97; volatility_risk_flag=True"", ""action_note"": ""추가 확인 후 판단"", ""component_snapshot"": {""ret_score"": 62.66, ""prob_score"": 92.12, ""qual_score"": 21.77, ""tech_score"": 35.61, ""valuation_score"": 50.0, ""risk_penalty"": 18.0, ""live_score"": 44.77, ""final_score"": 44.77, ""confidence_score"": 66.61, ""live_rank"": 76.0, ""live_score_source"": ""final_score""}}",76,2026-04-09 11:17:11,
2026-04-08,006260,0.1223996172286905,0.2188386237036887,-0.2986617955232918,-0.3603975827910951,0.1407622583305437,0.2028012792044533,0.0,287000.0,40.7035175879397,3,0.4,75.0,0.0486918322324396,0.0514868877165188,172705.1,176021.0,0.1366336633663365,0.0568955993371387,57.72807748414071,1.0191997804349726,269800.0,271550.0,247903.3333333333,0.030520646319569,0.0123456790123457,LS,KOSPI,전기장비,,,전력설비,34.9375,0.4316200856700044,34.9375,34.9375,34.9375,0.3,,15.07972674309578,True,False,2026-04-08,5872.34,5523.437,0.0407581147205317,-8114.961149999988,neutral,"met_conditions=close_gt_ma20,ma20_gt_ma60,recent_20d_return_gt_0.03; true_count=3; breadth_20d=0.527; recent_20d_return=0.0468; ma60=5370.97; volatility_risk_flag=True",0.0568955993371387,55.0,67.15517241379311,0.030520646319569,0.0123456790123457,0.1366336633663365,95.45615496828142,81.49950672236594,0.0486918322324396,0.0514868877165188,44.08866995073892,172705.1,176021.0,29.88505747126437,24.137931034482758,1.0,61.97187168780345,feature_v1,66.99507389162561,0.6699507389162561,0.6699507389162561,71.92118226600985,0.7192118226600985,0.7192118226600985,68.47290640394088,68.47290640394088,68.9655172413793,False,14.076225833054371,0.5665024630541872,56.65024630541872,40.7035175879397,40.909090909090914,0.8375,0.78,26.72386363636364,26.72386363636364,62.06896551724138,49.75369458128079,44.08866995073892,24.137931034482758,50.0,68.47290640394088,56.65024630541872,61.97187168780345,ranking_builder_v8_return_prob_tech_regime,False,False,False,False,False,False,False,False,False,False,False,False,0,18.0,0.3233561104304131,neutral_service_balanced,0.24,0.24,0.32,0.32,0.26,0.26,0.18,0.18,0.65,0.0,0.0,44.623938748288225,44.623938748288225,1.0,False,False,1.0,False,44.623938748288225,77,v2,0.0,best_weight_by_regime,neutral,0.0,1.0,44.623938748288225,44.623938748288225,0.0,44.623938748288225,0.0,0.0,,,,,,,,,,,,,,,,,False,False,,,,,False,,,,,4.0,True,40.623938748288225,81,77,final_score,44.623938748288225,77,77,14.873249205072828,21.911330049261082,14.729064039408867,4.810295454545455,0.0,0.0,0.0,0.0,-11.700000000000001,21.911330049261082,14.729064039408867,14.873249205072828,4.810295454545455,0.0,0.0,0.0,-11.700000000000001,56.32393874828823,Primary prediction score,21.911330049261082,Risk penalty,-11.700000000000001,"요약: live_score 44.6 | live_score_source=final_score | regime=neutral | dominant_driver=ret (Primary prediction score 21.9) | top_positive_factor=Primary prediction score (21.9) | top_negative_factor=Risk penalty (-11.7)
핵심 driver: Primary prediction score (ret_score) contribution 21.9, score 68.5; Tech flow score (tech_score) contribution 14.9, score 62.0; Top-bucket probability score (prob_score) contribution 14.7, score 56.7
리스크 요인: top_negative_factor=Risk penalty (-11.7); risk_penalty 18.0
운영 상태: theme_overlay: disabled (operational config); confidence: 모델 메타 점수 (calibration 미완), score=NA, label=Experimental, live_score 비반영, research/reference 용도","{""base_score"": 44.6, ""theme_weight"": 0.0, ""weight_source"": ""best_weight_by_regime"", ""regime_applied"": ""neutral"", ""theme"": {""name"": ""전력설비"", ""confidence"": 0.43, ""contribution"": 0.0}}",confidence_four_axis_v1,1.0,91.25,97.0,58.725287169726826,49.438665425782816,78.57212160629912,69.8778479530473,69.8778479530473,Medium,Medium,Medium,Medium,current regime fit is weak,"Confidence score is 69.9 (Medium). data_maturity_score=91.2, model_reliability_score=97.0, signal_agreement_score=58.7, regime_fitness_score=49.4. Reason: current regime fit is weak.",60일 기대수익 상위권이 추천 점수를 견인했습니다. 예상 손실 폭 부담 큼 요인은 함께 점검이 필요합니다.,60일 기대수익 상위권,예상 손실 폭 부담 큼 / 거래 유동성 부족,신뢰도 Medium: current regime fit is weak,현재 neutral 체계로 균형형 가중치가 적용됐습니다.,high_ret_score,,,very_high_risk_penalty,low_liquidity_score,60일 기대수익 상위권,,,예상 손실 폭 부담 큼,거래 유동성 부족,보수적 접근 권장,"{""drivers"": [""high_ret_score""], ""driver_texts"": [""60일 기대수익 상위권""], ""drags"": [""very_high_risk_penalty"", ""low_liquidity_score""], ""drag_texts"": [""예상 손실 폭 부담 큼"", ""거래 유동성 부족""], ""confidence_label"": ""Medium"", ""confidence_reason"": ""current regime fit is weak"", ""regime"": ""neutral"", ""weight_profile"": ""neutral_service_balanced"", ""regime_reason"": ""met_conditions=close_gt_ma20,ma20_gt_ma60,recent_20d_return_gt_0.03; true_count=3; breadth_20d=0.527; recent_20d_return=0.0468; ma60=5370.97; volatility_risk_flag=True"", ""action_note"": ""보수적 접근 권장"", ""component_snapshot"": {""ret_score"": 68.47, ""prob_score"": 56.65, ""qual_score"": 26.72, ""tech_score"": 61.97, ""valuation_score"": 50.0, ""risk_penalty"": 18.0, ""live_score"": 44.62, ""final_score"": 44.62, ""confidence_score"": 69.88, ""live_rank"": 77.0, ""live_score_source"": ""final_score""}}",77,2026-04-09 11:17:11,
2026-04-08,348370,0.6289614028957604,0.3203609859985485,-0.2984330813314899,-0.3850103848935859,0.2028432157895771,0.104520803129992,0.0,37150.0,14.57286432160804,5,0.0,100.0,0.1157952638731934,0.0854707675221426,702515.85,345987.0,-0.364957264957265,-0.1600723490843318,37.14355694274078,0.4924970731977079,36080.0,44230.0,62921.66666666666,-0.0559085133418043,-0.0449871465295629,엔켐,KOSDAQ,2차전지,,,2차전지,88.46875,0.7008480839416058,88.46875,88.46875,88.46875,0.3,,62.00315392620894,True,False,2026-04-08,5872.34,5523.437,0.0407581147205317,-8114.961149999988,neutral,"met_conditions=close_gt_ma20,ma20_gt_ma60,recent_20d_return_gt_0.03; true_count=3; breadth_20d=0.527; recent_20d_return=0.0468; ma60=5370.97; volatility_risk_flag=True",-0.1600723490843318,15.0,10.455665024630541,-0.0559085133418043,-0.0449871465295629,-0.3648279309788744,54.28711388548156,27.73434004772507,0.11094544222653377,0.0854707675221426,1.477832512315267,702515.85,345987.0,41.871921182266014,70.93596059113301,1.0,19.42007320389589,feature_v1,98.0295566502463,0.9802955665024631,0.9802955665024631,82.75862068965517,0.8275862068965517,0.8275862068965517,93.44827586206897,93.44827586206897,91.92118226600985,False,20.28432157895771,0.7339901477832512,73.39901477832512,14.57286432160804,14.646464646464647,1.0,1.0,14.646464646464647,14.646464646464647,100.0,97.53694581280789,1.231527093596057,70.93596059113301,50.0,93.44827586206897,73.39901477832512,19.42007320389589,ranking_builder_v8_return_prob_tech_regime,False,False,False,False,False,False,False,False,False,False,False,False,0,18.0,0.3330640027563283,neutral_service_balanced,0.24,0.24,0.32,0.32,0.26,0.26,0.18,0.18,0.65,0.0,0.0,44.58437332352525,44.58437332352525,1.0,False,False,1.0,False,44.58437332352525,78,v2,0.0,best_weight_by_regime,neutral,0.0,1.0,44.58437332352525,44.58437332352525,0.0,44.58437332352525,0.0,0.0,,,,,,,,,,,,,,,,,False,False,,,,,False,,,,,10.0,True,34.58437332352525,108,78,final_score,44.58437332352525,78,78,4.6608175689350135,29.903448275862072,19.083743842364534,2.6363636363636362,0.0,0.0,0.0,0.0,-11.700000000000001,29.903448275862072,19.083743842364534,4.6608175689350135,2.6363636363636362,0.0,0.0,0.0,-11.700000000000001,56.28437332352525,Primary prediction score,29.903448275862072,Risk penalty,-11.700000000000001,"요약: live_score 44.6 | live_score_source=final_score | regime=neutral | dominant_driver=ret (Primary prediction score 29.9) | top_positive_factor=Primary prediction score (29.9) | top_negative_factor=Risk penalty (-11.7)
핵심 driver: Primary prediction score (ret_score) contribution 29.9, score 93.4; Top-bucket probability score (prob_score) contribution 19.1, score 73.4; Tech flow score (tech_score) contribution 4.7, score 19.4
리스크 요인: top_negative_factor=Risk penalty (-11.7); risk_penalty 18.0
운영 상태: theme_overlay: disabled (operational config); confidence: 모델 메타 점수 (calibration 미완), score=NA, label=Experimental, live_score 비반영, research/reference 용도","{""base_score"": 44.6, ""theme_weight"": 0.0, ""weight_source"": ""best_weight_by_regime"", ""regime_applied"": ""neutral"", ""theme"": {""name"": ""2차전지"", ""confidence"": 0.7, ""contribution"": 0.0}}",confidence_four_axis_v1,1.0,100.0,97.0,41.3594566353187,50.008729772390865,76.94117362468829,66.54552860860565,66.54552860860565,Medium,Medium,Medium,Medium,core signals disagree; current regime fit is weak,"Confidence score is 66.5 (Medium). data_maturity_score=100.0, model_reliability_score=97.0, signal_agreement_score=41.4, regime_fitness_score=50.0. Reason: core signals disagree; current regime fit is weak.",60일 기대수익 상위권와 상위권 진입 확률 우수이 추천 점수를 견인했습니다. 방어력 약함 요인은 함께 점검이 필요합니다.,60일 기대수익 상위권 / 상위권 진입 확률 우수 / 거래 유동성 양호,방어력 약함 / 재무 품질 보완 필요,신뢰도 Medium: core signals disagree; current regime fit is weak,현재 neutral 체계로 균형형 가중치가 적용됐습니다.,high_ret_score,high_probability_score,healthy_liquidity_profile,weak_safety_score,weak_quality_score,60일 기대수익 상위권,상위권 진입 확률 우수,거래 유동성 양호,방어력 약함,재무 품질 보완 필요,추가 확인 후 판단,"{""drivers"": [""high_ret_score"", ""high_probability_score"", ""healthy_liquidity_profile""], ""driver_texts"": [""60일 기대수익 상위권"", ""상위권 진입 확률 우수"", ""거래 유동성 양호""], ""drags"": [""weak_safety_score"", ""weak_quality_score""], ""drag_texts"": [""방어력 약함"", ""재무 품질 보완 필요""], ""confidence_label"": ""Medium"", ""confidence_reason"": ""core signals disagree; current regime fit is weak"", ""regime"": ""neutral"", ""weight_profile"": ""neutral_service_balanced"", ""regime_reason"": ""met_conditions=close_gt_ma20,ma20_gt_ma60,recent_20d_return_gt_0.03; true_count=3; breadth_20d=0.527; recent_20d_return=0.0468; ma60=5370.97; volatility_risk_flag=True"", ""action_note"": ""추가 확인 후 판단"", ""component_snapshot"": {""ret_score"": 93.45, ""prob_score"": 73.4, ""qual_score"": 14.65, ""tech_score"": 19.42, ""valuation_score"": 50.0, ""risk_penalty"": 18.0, ""live_score"": 44.58, ""final_score"": 44.58, ""confidence_score"": 66.55, ""live_rank"": 78.0, ""live_score_source"": ""final_score""}}",78,2026-04-09 11:17:11,
2026-04-08,138040,-0.0177240832435482,-0.0103827182818311,-0.2040905346113405,-0.2607863311494477,0.1098393533117382,0.0649674243339215,0.0,117500.0,73.36683417085426,4,0.1999999999999999,80.0,0.0301169339950978,0.0315549556342211,271041.75,324279.0,0.0226283724978242,0.0487325955016064,54.25478025479261,1.196417157135386,112720.0,112040.0,115845.0,0.0155574762316335,0.0547576301615799,메리츠금융지주,KOSPI,금융,,,,0.0,0.0,,0.0,,0.3,mapping_missing,0.0,False,False,2026-04-08,5872.34,5523.437,0.0407581147205317,-8114.961149999988,neutral,"met_conditions=close_gt_ma20,ma20_gt_ma60,recent_20d_return_gt_0.03; true_count=3; breadth_20d=0.527; recent_20d_return=0.0468; ma60=5370.97; volatility_risk_flag=True",0.0487325955016064,75.0,75.92364532019704,0.0155574762316335,0.0547576301615799,0.0226283724978242,88.50956050958521,74.34413889586921,0.0301169339950978,0.0315549556342211,88.17733990147784,271041.75,324279.0,49.58949096880131,39.40886699507389,1.0,73.8714338352291,feature_v1,35.960591133004925,0.35960591133004927,0.35960591133004927,41.37931034482759,0.41379310344827586,0.41379310344827586,37.58620689655172,37.58620689655172,38.12807881773399,False,10.98393533117382,0.4039408866995074,40.39408866995074,73.36683417085426,73.23232323232324,0.87,0.89,56.703787878787885,56.703787878787885,14.77832512315271,8.866995073891626,88.17733990147784,39.40886699507389,50.0,37.58620689655172,40.39408866995074,73.8714338352291,ranking_builder_v8_return_prob_tech_regime,False,False,False,False,False,False,False,False,False,False,False,False,0,9.212262387190005,0.22676885322658338,neutral_service_balanced,0.24,0.24,0.32,0.32,0.26,0.26,0.18,0.18,0.65,0.0,0.0,44.47790464804704,44.47790464804704,1.0,False,False,1.0,False,44.47790464804704,79,v2,0.0,best_weight_by_regime,neutral,0.0,1.0,44.47790464804704,44.47790464804704,0.0,44.47790464804704,0.0,0.0,,,,,,,,,,,,,,,,,False,False,,,,,False,,,,,0.0,False,44.47790464804704,57,79,final_score,44.47790464804704,79,79,17.729144120454983,12.027586206896551,10.502463054187192,10.206681818181819,0.0,0.0,0.0,0.0,-5.987970551673504,12.027586206896551,10.502463054187192,17.729144120454983,10.206681818181819,0.0,0.0,0.0,-5.987970551673504,50.46587519972054,Tech flow score,17.729144120454983,Risk penalty,-5.987970551673504,"요약: live_score 44.5 | live_score_source=final_score | regime=neutral | dominant_driver=tech (Tech flow score 17.7) | top_positive_factor=Tech flow score (17.7) | top_negative_factor=Risk penalty (-6.0)
핵심 driver: Tech flow score (tech_score) contribution 17.7, score 73.9; Primary prediction score (ret_score) contribution 12.0, score 37.6; Top-bucket probability score (prob_score) contribution 10.5, score 40.4
리스크 요인: top_negative_factor=Risk penalty (-6.0); risk_penalty 9.2
운영 상태: theme_overlay: disabled (operational config); confidence: 모델 메타 점수 (calibration 미완), score=NA, label=Experimental, live_score 비반영, research/reference 용도","{""base_score"": 44.5, ""theme_weight"": 0.0, ""weight_source"": ""best_weight_by_regime"", ""regime_applied"": ""neutral"", ""theme"": {""name"": ""(none)"", ""confidence"": 0.0, ""contribution"": 0.0}}",confidence_four_axis_v1,1.0,93.0,97.0,55.36443191839678,49.924103781347874,78.32972354680138,69.3305935236283,69.3305935236283,Medium,Medium,Medium,Medium,current regime fit is weak,"Confidence score is 69.3 (Medium). data_maturity_score=93.0, model_reliability_score=97.0, signal_agreement_score=55.4, regime_fitness_score=49.9. Reason: current regime fit is weak.",변동성 관리 양호와 추세 구조 양호이 추천 점수를 견인했습니다. 최근 변동성 확대 주의 요인은 함께 점검이 필요합니다.,변동성 관리 양호 / 추세 구조 양호,최근 변동성 확대 주의 / 기대수익 매력 낮음,신뢰도 Medium: current regime fit is weak,현재 neutral 체계로 균형형 가중치가 적용됐습니다.,strong_safety_profile,high_tech_score,,elevated_risk_penalty,weak_ret_score,변동성 관리 양호,추세 구조 양호,,최근 변동성 확대 주의,기대수익 매력 낮음,추가 확인 후 판단,"{""drivers"": [""strong_safety_profile"", ""high_tech_score""], ""driver_texts"": [""변동성 관리 양호"", ""추세 구조 양호""], ""drags"": [""elevated_risk_penalty"", ""weak_ret_score""], ""drag_texts"": [""최근 변동성 확대 주의"", ""기대수익 매력 낮음""], ""confidence_label"": ""Medium"", ""confidence_reason"": ""current regime fit is weak"", ""regime"": ""neutral"", ""weight_profile"": ""neutral_service_balanced"", ""regime_reason"": ""met_conditions=close_gt_ma20,ma20_gt_ma60,recent_20d_return_gt_0.03; true_count=3; breadth_20d=0.527; recent_20d_return=0.0468; ma60=5370.97; volatility_risk_flag=True"", ""action_note"": ""추가 확인 후 판단"", ""component_snapshot"": {""ret_score"": 37.59, ""prob_score"": 40.39, ""qual_score"": 56.7, ""tech_score"": 73.87, ""valuation_score"": 50.0, ""risk_penalty"": 9.21, ""live_score"": 44.48, ""final_score"": 44.48, ""confidence_score"": 69.33, ""live_rank"": 79.0, ""live_score_source"": ""final_score""}}",79,2026-04-09 11:17:11,
2026-04-08,214450,0.1014035369485344,-0.0624612174910896,-0.2451422722697206,-0.2152431509962567,0.1102549509306114,0.1816680796029022,0.0,294500.0,96.4824120603015,5,0.0,100.0,0.0314749579926665,0.0527084137703024,63723.9,61685.0,-0.0724409448818897,-0.0426655830963023,41.62121367624732,0.9680041554267708,289100.0,307625.0,365041.6666666667,-0.0591054313099042,-0.0868217054263565,파마리서치,KOSDAQ,건강관리장비와용품,,,바이오,16.40625,0.3708811131386861,16.40625,16.40625,16.40625,0.3,,6.084768262431568,True,False,2026-04-08,5872.34,5523.437,0.0407581147205317,-8114.961149999988,neutral,"met_conditions=close_gt_ma20,ma20_gt_ma60,recent_20d_return_gt_0.03; true_count=3; breadth_20d=0.527; recent_20d_return=0.0468; ma60=5370.97; volatility_risk_flag=True",-0.0426655830963023,15.0,20.061576354679804,-0.0591054313099042,-0.0868217054263565,-0.0724409448818897,63.242427352494644,32.928833439108885,0.0314749579926665,0.0527084137703024,64.77832512315271,63723.9,61685.0,14.614121510673234,5.911330049261084,0.72,23.53777046015297,feature_v1,63.05418719211823,0.6305418719211823,0.6305418719211823,29.55665024630542,0.2955665024630542,0.2955665024630542,53.004926108374384,53.004926108374384,49.6551724137931,False,11.02549509306114,0.41379310344827586,41.37931034482759,96.4824120603015,96.46464646464646,1.0,1.0,96.46464646464646,96.46464646464646,17.24137931034483,53.20197044334976,64.77832512315271,5.911330049261084,50.0,53.004926108374384,41.37931034482759,23.53777046015297,ranking_builder_v8_return_prob_tech_regime,False,False,False,False,False,False,False,False,False,False,False,False,0,9.981914851240205,0.23318262376033505,neutral_service_balanced,0.24,0.24,0.32,0.32,0.26,0.26,0.18,0.18,0.65,0.0,0.0,44.244653665101914,44.244653665101914,1.0,False,False,1.0,False,44.244653665101914,80,v2,0.0,best_weight_by_regime,neutral,0.0,1.0,44.244653665101914,44.244653665101914,0.0,44.244653665101914,0.0,0.0,,,,,,,,,,,,,,,,,False,False,,,,,False,,,,,0.0,False,44.244653665101914,60,80,final_score,44.244653665101914,80,80,5.649064910436713,16.961576354679803,10.758620689655173,17.363636363636363,0.0,0.0,0.0,0.0,-6.4882446533061335,16.961576354679803,10.758620689655173,5.649064910436713,17.363636363636363,0.0,0.0,0.0,-6.4882446533061335,50.73289831840805,Financial quality score,17.363636363636363,Risk penalty,-6.4882446533061335,"요약: live_score 44.2 | live_score_source=final_score | regime=neutral | dominant_driver=ret (Primary prediction score 17.0) | top_positive_factor=Financial quality score (17.4) | top_negative_factor=Risk penalty (-6.5)
핵심 driver: Financial quality score (qual_score) contribution 17.4, score 96.5; Primary prediction score (ret_score) contribution 17.0, score 53.0; Top-bucket probability score (prob_score) contribution 10.8, score 41.4
리스크 요인: top_negative_factor=Risk penalty (-6.5); risk_penalty 10.0
운영 상태: theme_overlay: disabled (operational config); confidence: 모델 메타 점수 (calibration 미완), score=NA, label=Experimental, live_score 비반영, research/reference 용도","{""base_score"": 44.2, ""theme_weight"": 0.0, ""weight_source"": ""best_weight_by_regime"", ""regime_applied"": ""neutral"", ""theme"": {""name"": ""바이오"", ""confidence"": 0.37, ""contribution"": 0.0}}",confidence_four_axis_v1,1.0,100.0,92.8,38.12193719865195,50.25970141865067,74.9094395124606,65.30071516319092,65.30071516319092,Medium,Medium,Medium,Medium,core signals disagree; current regime fit is weak,"Confidence score is 65.3 (Medium). data_maturity_score=100.0, model_reliability_score=92.8, signal_agreement_score=38.1, regime_fitness_score=50.3. Reason: core signals disagree; current regime fit is weak.",재무 품질 양호이 추천 점수를 견인했습니다. 거래 유동성 부족 요인은 함께 점검이 필요합니다.,재무 품질 양호,거래 유동성 부족 / 추세 탄력 약함,신뢰도 Medium: core signals disagree; current regime fit is weak,현재 neutral 체계로 균형형 가중치가 적용됐습니다.,strong_quality_profile,,,low_liquidity_score,weak_tech_score,재무 품질 양호,,,거래 유동성 부족,추세 탄력 약함,추가 확인 후 판단,"{""drivers"": [""strong_quality_profile""], ""driver_texts"": [""재무 품질 양호""], ""drags"": [""low_liquidity_score"", ""weak_tech_score""], ""drag_texts"": [""거래 유동성 부족"", ""추세 탄력 약함""], ""confidence_label"": ""Medium"", ""confidence_reason"": ""core signals disagree; current regime fit is weak"", ""regime"": ""neutral"", ""weight_profile"": ""neutral_service_balanced"", ""regime_reason"": ""met_conditions=close_gt_ma20,ma20_gt_ma60,recent_20d_return_gt_0.03; true_count=3; breadth_20d=0.527; recent_20d_return=0.0468; ma60=5370.97; volatility_risk_flag=True"", ""action_note"": ""추가 확인 후 판단"", ""component_snapshot"": {""ret_score"": 53.0, ""prob_score"": 41.38, ""qual_score"": 96.46, ""tech_score"": 23.54, ""valuation_score"": 50.0, ""risk_penalty"": 9.98, ""live_score"": 44.24, ""final_score"": 44.24, ""confidence_score"": 65.3, ""live_rank"": 80.0, ""live_score_source"": ""final_score""}}",80,2026-04-09 11:17:11,
2026-04-08,096770,0.1256859737588518,0.1426568006882116,-0.2369304591194213,-0.2711959666037452,0.0907875692758491,0.0584469905955809,0.0,120400.0,39.19597989949749,3,0.4,75.0,0.0375712980703457,0.0453512019104218,568960.4,807415.0,0.007531380753138,0.0555847799403823,54.59273348696054,1.419105793654532,119820.0,114060.0,114498.33333333331,0.051528384279476,0.0552147239263802,SK이노베이션,KOSPI,정유/화학,,,2차전지,65.1875,0.6383480839416058,65.1875,65.1875,65.1875,0.3,,41.61231572194343,True,False,2026-04-08,5872.34,5523.437,0.0407581147205317,-8114.961149999988,neutral,"met_conditions=close_gt_ma20,ma20_gt_ma60,recent_20d_return_gt_0.03; true_count=3; breadth_20d=0.527; recent_20d_return=0.0468; ma60=5370.97; volatility_risk_flag=True",0.0555847799403823,75.0,76.41625615763547,0.051528384279476,0.0552147239263802,0.007531380753138,89.18546697392108,79.43922388633742,0.0375712980703457,0.0453512019104218,70.19704433497537,568960.4,807415.0,72.9064039408867,64.03940886699507,1.0,75.70397466563682,feature_v1,67.48768472906403,0.6748768472906403,0.6748768472906403,60.591133004926114,0.6059113300492611,0.6059113300492611,65.41871921182265,65.41871921182265,64.72906403940885,False,9.07875692758491,0.3103448275862069,31.03448275862069,39.19597989949749,39.39393939393939,0.8375,0.78,25.73409090909091,25.73409090909091,28.078817733990146,31.527093596059114,70.19704433497537,64.03940886699507,50.0,65.41871921182265,31.03448275862069,75.70397466563682,ranking_builder_v8_return_prob_tech_regime,False,False,False,False,False,False,False,False,False,False,False,False,0,12.076399453578098,0.25063666211315083,neutral_service_balanced,0.24,0.24,0.32,0.32,0.26,0.26,0.18,0.18,0.65,0.0,0.0,43.954386303588066,43.954386303588066,1.0,False,False,1.0,False,43.954386303588066,81,v2,0.0,best_weight_by_regime,neutral,0.0,1.0,43.954386303588066,43.954386303588066,0.0,43.954386303588066,0.0,0.0,,,,,,,,,,,,,,,,,False,False,,,,,False,,,,,4.0,True,39.954386303588066,85,81,final_score,43.954386303588066,81,81,18.168953919752838,20.93399014778325,8.068965517241379,4.632136363636364,0.0,0.0,0.0,0.0,-7.849659644825764,20.93399014778325,8.068965517241379,18.168953919752838,4.632136363636364,0.0,0.0,0.0,-7.849659644825764,51.80404594841383,Primary prediction score,20.93399014778325,Risk penalty,-7.849659644825764,"요약: live_score 44.0 | live_score_source=final_score | regime=neutral | dominant_driver=ret (Primary prediction score 20.9) | top_positive_factor=Primary prediction score (20.9) | top_negative_factor=Risk penalty (-7.8)
핵심 driver: Primary prediction score (ret_score) contribution 20.9, score 65.4; Tech flow score (tech_score) contribution 18.2, score 75.7; Top-bucket probability score (prob_score) contribution 8.1, score 31.0
리스크 요인: top_negative_factor=Risk penalty (-7.8); risk_penalty 12.1
운영 상태: theme_overlay: disabled (operational config); confidence: 모델 메타 점수 (calibration 미완), score=NA, label=Experimental, live_score 비반영, research/reference 용도","{""base_score"": 44.0, ""theme_weight"": 0.0, ""weight_source"": ""best_weight_by_regime"", ""regime_applied"": ""neutral"", ""theme"": {""name"": ""2차전지"", ""confidence"": 0.64, ""contribution"": 0.0}}",confidence_four_axis_v1,1.0,91.25,97.0,50.00903487303623,48.97283375090915,76.32318378089542,66.29818069939633,66.29818069939633,Medium,Medium,Medium,Medium,core signals disagree; current regime fit is weak,"Confidence score is 66.3 (Medium). data_maturity_score=91.2, model_reliability_score=97.0, signal_agreement_score=50.0, regime_fitness_score=49.0. Reason: core signals disagree; current regime fit is weak.",60일 기대수익 상위권와 추세 구조 양호이 추천 점수를 견인했습니다. 재무 품질 보완 필요 요인은 함께 점검이 필요합니다.,60일 기대수익 상위권 / 추세 구조 양호 / 변동성 관리 양호,재무 품질 보완 필요 / 예상 손실 폭 부담 큼,신뢰도 Medium: core signals disagree; current regime fit is weak,현재 neutral 체계로 균형형 가중치가 적용됐습니다.,high_ret_score,high_tech_score,strong_safety_profile,weak_quality_score,very_high_risk_penalty,60일 기대수익 상위권,추세 구조 양호,변동성 관리 양호,재무 품질 보완 필요,예상 손실 폭 부담 큼,추가 확인 후 판단,"{""drivers"": [""high_ret_score"", ""high_tech_score"", ""strong_safety_profile""], ""driver_texts"": [""60일 기대수익 상위권"", ""추세 구조 양호"", ""변동성 관리 양호""], ""drags"": [""weak_quality_score"", ""very_high_risk_penalty""], ""drag_texts"": [""재무 품질 보완 필요"", ""예상 손실 폭 부담 큼""], ""confidence_label"": ""Medium"", ""confidence_reason"": ""core signals disagree; current regime fit is weak"", ""regime"": ""neutral"", ""weight_profile"": ""neutral_service_balanced"", ""regime_reason"": ""met_conditions=close_gt_ma20,ma20_gt_ma60,recent_20d_return_gt_0.03; true_count=3; breadth_20d=0.527; recent_20d_return=0.0468; ma60=5370.97; volatility_risk_flag=True"", ""action_note"": ""추가 확인 후 판단"", ""component_snapshot"": {""ret_score"": 65.42, ""prob_score"": 31.03, ""qual_score"": 25.73, ""tech_score"": 75.7, ""valuation_score"": 50.0, ""risk_penalty"": 12.08, ""live_score"": 43.95, ""final_score"": 43.95, ""confidence_score"": 66.3, ""live_rank"": 81.0, ""live_score_source"": ""final_score""}}",81,2026-04-09 11:17:11,
2026-04-08,001040,0.1390657428791291,0.216752404485341,-0.196958962228416,-0.244001583820995,0.1046787549525481,0.0828423660462341,0.0,195600.0,49.74874371859296,3,0.4,75.0,0.0425201646781333,0.0351343707622367,141174.4,100616.0,0.0717808219178082,0.0051904003288967,49.98616541935175,0.7127071197044224,188840.0,194590.0,199108.3333333333,-0.0268656716417911,-0.0685714285714286,CJ,KOSPI,소비재/유통,,,,0.0,0.0,,0.0,,0.3,mapping_missing,0.0,False,False,2026-04-08,5872.34,5523.437,0.0407581147205317,-8114.961149999988,neutral,"met_conditions=close_gt_ma20,ma20_gt_ma60,recent_20d_return_gt_0.03; true_count=3; breadth_20d=0.527; recent_20d_return=0.0468; ma60=5370.97; volatility_risk_flag=True",0.0051904003288967,55.0,52.62315270935961,-0.0268656716417911,-0.0685714285714286,0.0717808219178082,79.9723308387035,55.83052113332119,0.0425201646781333,0.0351343707622367,69.45812807881774,141174.4,100616.0,14.12151067323481,19.704433497536947,0.9,46.20373238359717,feature_v1,69.45812807881774,0.6945812807881774,0.6945812807881774,70.93596059113301,0.7093596059113301,0.7093596059113301,69.90147783251231,69.90147783251231,70.04926108374384,False,10.467875495254809,0.3694581280788177,36.94581280788177,49.74874371859296,50.0,0.8375,0.78,32.6625,32.6625,45.320197044334975,15.763546798029557,69.45812807881774,19.704433497536947,50.0,69.90147783251231,36.94581280788177,46.20373238359717,ranking_builder_v8_return_prob_tech_regime,False,False,False,False,False,False,False,False,False,False,False,False,0,7.89312130385371,0.2157760108654476,neutral_service_balanced,0.24,0.24,0.32,0.32,0.26,0.26,0.18,0.18,0.65,0.0,0.0,43.812001161011615,43.812001161011615,1.0,False,False,1.0,False,43.812001161011615,82,v2,0.0,best_weight_by_regime,neutral,0.0,1.0,43.812001161011615,43.812001161011615,0.0,43.812001161011615,0.0,0.0,,,,,,,,,,,,,,,,,False,False,,,,,False,,,,,0.0,False,43.812001161011615,62,82,final_score,43.812001161011615,82,82,11.08889577206332,22.36847290640394,9.605911330049262,5.87925,0.0,0.0,0.0,0.0,-5.130528847504912,22.36847290640394,9.605911330049262,11.08889577206332,5.87925,0.0,0.0,0.0,-5.130528847504912,48.94253000851652,Primary prediction score,22.36847290640394,Risk penalty,-5.130528847504912,"요약: live_score 43.8 | live_score_source=final_score | regime=neutral | dominant_driver=ret (Primary prediction score 22.4) | top_positive_factor=Primary prediction score (22.4) | top_negative_factor=Risk penalty (-5.1)
핵심 driver: Primary prediction score (ret_score) contribution 22.4, score 69.9; Tech flow score (tech_score) contribution 11.1, score 46.2; Top-bucket probability score (prob_score) contribution 9.6, score 36.9
리스크 요인: top_negative_factor=Risk penalty (-5.1); risk_penalty 7.9
운영 상태: theme_overlay: disabled (operational config); confidence: 모델 메타 점수 (calibration 미완), score=NA, label=Experimental, live_score 비반영, research/reference 용도","{""base_score"": 43.8, ""theme_weight"": 0.0, ""weight_source"": ""best_weight_by_regime"", ""regime_applied"": ""neutral"", ""theme"": {""name"": ""(none)"", ""confidence"": 0.0, ""contribution"": 0.0}}",confidence_four_axis_v1,1.0,91.25,95.5,48.828306650246304,49.6440744744787,75.67868783373339,65.96013755499426,65.96013755499426,Medium,Medium,Medium,Medium,core signals disagree; current regime fit is weak,"Confidence score is 66.0 (Medium). data_maturity_score=91.2, model_reliability_score=95.5, signal_agreement_score=48.8, regime_fitness_score=49.6. Reason: core signals disagree; current regime fit is weak.",60일 기대수익 상위권와 변동성 관리 양호이 추천 점수를 견인했습니다. 거래 유동성 부족 요인은 함께 점검이 필요합니다.,60일 기대수익 상위권 / 변동성 관리 양호,거래 유동성 부족 / 재무 품질 보완 필요,신뢰도 Medium: core signals disagree; current regime fit is weak,현재 neutral 체계로 균형형 가중치가 적용됐습니다.,high_ret_score,strong_safety_profile,,low_liquidity_score,weak_quality_score,60일 기대수익 상위권,변동성 관리 양호,,거래 유동성 부족,재무 품질 보완 필요,추가 확인 후 판단,"{""drivers"": [""high_ret_score"", ""strong_safety_profile""], ""driver_texts"": [""60일 기대수익 상위권"", ""변동성 관리 양호""], ""drags"": [""low_liquidity_score"", ""weak_quality_score""], ""drag_texts"": [""거래 유동성 부족"", ""재무 품질 보완 필요""], ""confidence_label"": ""Medium"", ""confidence_reason"": ""core signals disagree; current regime fit is weak"", ""regime"": ""neutral"", ""weight_profile"": ""neutral_service_balanced"", ""regime_reason"": ""met_conditions=close_gt_ma20,ma20_gt_ma60,recent_20d_return_gt_0.03; true_count=3; breadth_20d=0.527; recent_20d_return=0.0468; ma60=5370.97; volatility_risk_flag=True"", ""action_note"": ""추가 확인 후 판단"", ""component_snapshot"": {""ret_score"": 69.9, ""prob_score"": 36.95, ""qual_score"": 32.66, ""tech_score"": 46.2, ""valuation_score"": 50.0, ""risk_penalty"": 7.89, ""live_score"": 43.81, ""final_score"": 43.81, ""confidence_score"": 65.96, ""live_rank"": 82.0, ""live_score_source"": ""final_score""}}",82,2026-04-09 11:17:11,
2026-04-08,000880,-0.012681960431514,-0.0828204813472595,-0.2518380222698345,-0.2831405576445068,0.1195114205956392,0.0405366550090934,0.0,123800.0,84.92462311557789,5,0.0,100.0,0.0408742198397917,0.0599085863884329,242298.15,287938.0,-0.044753086419753,0.0597954029876299,56.01848683331417,1.1883623543968451,115800.0,116815.0,119503.33333333331,0.0878734622144112,0.0608397600685517,한화,KOSPI,복합기업,,,방산,34.171875,0.5715559936863457,34.171875,34.171875,34.171875,0.3,,19.531139971750594,True,False,2026-04-08,5872.34,5523.437,0.0407581147205317,-8114.961149999988,neutral,"met_conditions=close_gt_ma20,ma20_gt_ma60,recent_20d_return_gt_0.03; true_count=3; breadth_20d=0.527; recent_20d_return=0.0468; ma60=5370.97; volatility_risk_flag=True",0.0597954029876299,55.0,67.89408866995075,0.0878734622144112,0.0608397600685517,-0.044753086419753,92.03697366662834,78.05850450040093,0.0408742198397917,0.0599085863884329,43.8423645320197,242298.15,287938.0,46.30541871921182,34.97536945812808,1.0,63.40298889041126,feature_v1,36.45320197044335,0.3645320197044335,0.3645320197044335,24.63054187192118,0.24630541871921183,0.24630541871921183,32.9064039408867,32.9064039408867,31.724137931034484,False,11.951142059563919,0.4482758620689655,44.827586206896555,84.92462311557789,84.84848484848484,1.0,1.0,84.84848484848484,84.84848484848484,41.37931034482759,70.93596059113301,43.8423645320197,34.97536945812808,50.0,32.9064039408867,44.827586206896555,63.40298889041126,ranking_builder_v8_return_prob_tech_regime,False,False,False,False,False,False,False,False,False,False,False,False,0,13.723084370364404,0.2643590364197034,neutral_service_balanced,0.24,0.24,0.32,0.32,0.26,0.26,0.18,0.18,0.65,0.0,0.0,43.75466144056596,43.75466144056596,1.0,False,False,1.0,False,43.75466144056596,83,v2,0.0,best_weight_by_regime,neutral,0.0,1.0,43.75466144056596,43.75466144056596,0.0,43.75466144056596,0.0,0.0,,,,,,,,,,,,,,,,,False,False,,,,,False,,,,,4.0,True,39.75466144056596,86,83,final_score,43.75466144056596,83,83,15.216717333698702,10.530049261083743,11.655172413793105,15.272727272727272,0.0,0.0,0.0,0.0,-8.920004840736864,10.530049261083743,11.655172413793105,15.216717333698702,15.272727272727272,0.0,0.0,0.0,-8.920004840736864,52.67466628130282,Financial quality score,15.272727272727272,Risk penalty,-8.920004840736864,"요약: live_score 43.8 | live_score_source=final_score | regime=neutral | dominant_driver=tech (Tech flow score 15.2) | top_positive_factor=Financial quality score (15.3) | top_negative_factor=Risk penalty (-8.9)
핵심 driver: Financial quality score (qual_score) contribution 15.3, score 84.8; Tech flow score (tech_score) contribution 15.2, score 63.4; Top-bucket probability score (prob_score) contribution 11.7, score 44.8
리스크 요인: top_negative_factor=Risk penalty (-8.9); risk_penalty 13.7
운영 상태: theme_overlay: disabled (operational config); confidence: 모델 메타 점수 (calibration 미완), score=NA, label=Experimental, live_score 비반영, research/reference 용도","{""base_score"": 43.8, ""theme_weight"": 0.0, ""weight_source"": ""best_weight_by_regime"", ""regime_applied"": ""neutral"", ""theme"": {""name"": ""방산"", ""confidence"": 0.57, ""contribution"": 0.0}}",confidence_four_axis_v1,1.0,100.0,97.0,55.66737572772056,49.08004623336701,80.3788508669352,72.08295953776162,72.08295953776162,High,High,High,High,current regime fit is weak,"Confidence score is 72.1 (High). data_maturity_score=100.0, model_reliability_score=97.0, signal_agreement_score=55.7, regime_fitness_score=49.1. Reason: current regime fit is weak.",재무 품질 양호이 추천 점수를 견인했습니다. 예상 손실 폭 부담 큼 요인은 함께 점검이 필요합니다.,재무 품질 양호,예상 손실 폭 부담 큼 / 기대수익 매력 낮음,신뢰도 High: current regime fit is weak,현재 neutral 체계로 균형형 가중치가 적용됐습니다.,strong_quality_profile,,,very_high_risk_penalty,weak_ret_score,재무 품질 양호,,,예상 손실 폭 부담 큼,기대수익 매력 낮음,보수적 접근 권장,"{""drivers"": [""strong_quality_profile""], ""driver_texts"": [""재무 품질 양호""], ""drags"": [""very_high_risk_penalty"", ""weak_ret_score""], ""drag_texts"": [""예상 손실 폭 부담 큼"", ""기대수익 매력 낮음""], ""confidence_label"": ""High"", ""confidence_reason"": ""current regime fit is weak"", ""regime"": ""neutral"", ""weight_profile"": ""neutral_service_balanced"", ""regime_reason"": ""met_conditions=close_gt_ma20,ma20_gt_ma60,recent_20d_return_gt_0.03; true_count=3; breadth_20d=0.527; recent_20d_return=0.0468; ma60=5370.97; volatility_risk_flag=True"", ""action_note"": ""보수적 접근 권장"", ""component_snapshot"": {""ret_score"": 32.91, ""prob_score"": 44.83, ""qual_score"": 84.85, ""tech_score"": 63.4, ""valuation_score"": 50.0, ""risk_penalty"": 13.72, ""live_score"": 43.75, ""final_score"": 43.75, ""confidence_score"": 72.08, ""live_rank"": 83.0, ""live_score_source"": ""final_score""}}",83,2026-04-09 11:17:11,
2026-04-08,204270,0.2548267894726128,0.2180579049326441,-0.2504005831353431,-0.3097215702555262,0.1880688381757213,0.1007974731656304,0.0,16000.0,6.532663316582915,5,0.0,100.0,0.0431261831263563,0.0568778665263814,171630.65,180067.0,-0.1462113127001066,-0.046512320848604,43.04750988514004,1.0491540992241188,15174.0,16780.5,19660.0,-0.0202082057562767,-0.0830945558739254,제이앤티씨,KOSDAQ,핸드셋,,,,0.0,0.0,,0.0,,0.3,mapping_missing,0.0,False,False,2026-04-08,5872.34,5523.437,0.0407581147205317,-8114.961149999988,neutral,"met_conditions=close_gt_ma20,ma20_gt_ma60,recent_20d_return_gt_0.03; true_count=3; breadth_20d=0.527; recent_20d_return=0.0468; ma60=5370.97; volatility_risk_flag=True",-0.046512320848604,15.0,19.076354679802954,-0.0202082057562767,-0.0830945558739254,-0.1462113127001066,66.09501977028008,34.134592380993666,0.0431261831263563,0.0568778665263814,45.566502463054185,171630.65,180067.0,31.527093596059117,23.645320197044335,1.0,31.51237826930838,feature_v1,84.72906403940887,0.8472906403940886,0.8472906403940886,71.42857142857143,0.7142857142857143,0.7142857142857143,80.73891625615764,80.73891625615764,79.4088669950739,False,18.80688381757213,0.7142857142857143,71.42857142857143,6.532663316582915,6.565656565656567,1.0,1.0,6.565656565656567,6.565656565656567,47.29064039408867,61.57635467980296,45.566502463054185,23.645320197044335,50.0,80.73891625615764,71.42857142857143,31.51237826930838,ranking_builder_v8_return_prob_tech_regime,False,False,False,False,False,False,False,False,False,False,False,False,0,14.895477358009959,0.27412897798341634,neutral_service_balanced,0.24,0.24,0.32,0.32,0.26,0.26,0.18,0.18,0.65,0.0,0.0,43.47061045714473,43.47061045714473,1.0,False,False,1.0,False,43.47061045714473,84,v2,0.0,best_weight_by_regime,neutral,0.0,1.0,43.47061045714473,43.47061045714473,0.0,43.47061045714473,0.0,0.0,,,,,,,,,,,,,,,,,False,False,,,,,False,,,,,10.0,True,33.47061045714473,112,84,final_score,43.47061045714473,84,84,7.56297078463401,25.836453201970443,18.571428571428573,1.1818181818181819,0.0,0.0,0.0,0.0,-9.682060282706473,25.836453201970443,18.571428571428573,7.56297078463401,1.1818181818181819,0.0,0.0,0.0,-9.682060282706473,53.15267073985121,Primary prediction score,25.836453201970443,Risk penalty,-9.682060282706473,"요약: live_score 43.5 | live_score_source=final_score | regime=neutral | dominant_driver=ret (Primary prediction score 25.8) | top_positive_factor=Primary prediction score (25.8) | top_negative_factor=Risk penalty (-9.7)
핵심 driver: Primary prediction score (ret_score) contribution 25.8, score 80.7; Top-bucket probability score (prob_score) contribution 18.6, score 71.4; Tech flow score (tech_score) contribution 7.6, score 31.5
리스크 요인: top_negative_factor=Risk penalty (-9.7); risk_penalty 14.9
운영 상태: theme_overlay: disabled (operational config); confidence: 모델 메타 점수 (calibration 미완), score=NA, label=Experimental, live_score 비반영, research/reference 용도","{""base_score"": 43.5, ""theme_weight"": 0.0, ""weight_source"": ""best_weight_by_regime"", ""regime_applied"": ""neutral"", ""theme"": {""name"": ""(none)"", ""confidence"": 0.0, ""contribution"": 0.0}}",confidence_four_axis_v1,1.0,100.0,97.0,42.74802209284967,49.17241616027471,77.16286794725362,66.93369206919482,66.93369206919482,Medium,Medium,Medium,Medium,core signals disagree; current regime fit is weak,"Confidence score is 66.9 (Medium). data_maturity_score=100.0, model_reliability_score=97.0, signal_agreement_score=42.7, regime_fitness_score=49.2. Reason: core signals disagree; current regime fit is weak.",60일 기대수익 상위권와 상위권 진입 확률 우수이 추천 점수를 견인했습니다. 재무 품질 보완 필요 요인은 함께 점검이 필요합니다.,60일 기대수익 상위권 / 상위권 진입 확률 우수,재무 품질 보완 필요 / 거래 유동성 부족,신뢰도 Medium: core signals disagree; current regime fit is weak,현재 neutral 체계로 균형형 가중치가 적용됐습니다.,high_ret_score,high_probability_score,,weak_quality_score,low_liquidity_score,60일 기대수익 상위권,상위권 진입 확률 우수,,재무 품질 보완 필요,거래 유동성 부족,추가 확인 후 판단,"{""drivers"": [""high_ret_score"", ""high_probability_score""], ""driver_texts"": [""60일 기대수익 상위권"", ""상위권 진입 확률 우수""], ""drags"": [""weak_quality_score"", ""low_liquidity_score""], ""drag_texts"": [""재무 품질 보완 필요"", ""거래 유동성 부족""], ""confidence_label"": ""Medium"", ""confidence_reason"": ""core signals disagree; current regime fit is weak"", ""regime"": ""neutral"", ""weight_profile"": ""neutral_service_balanced"", ""regime_reason"": ""met_conditions=close_gt_ma20,ma20_gt_ma60,recent_20d_return_gt_0.03; true_count=3; breadth_20d=0.527; recent_20d_return=0.0468; ma60=5370.97; volatility_risk_flag=True"", ""action_note"": ""추가 확인 후 판단"", ""component_snapshot"": {""ret_score"": 80.74, ""prob_score"": 71.43, ""qual_score"": 6.57, ""tech_score"": 31.51, ""valuation_score"": 50.0, ""risk_penalty"": 14.9, ""live_score"": 43.47, ""final_score"": 43.47, ""confidence_score"": 66.93, ""live_rank"": 84.0, ""live_score_source"": ""final_score""}}",84,2026-04-09 11:17:11,
2026-04-08,011200,-0.0481079879914957,0.2393188426244739,-0.2394744307023805,-0.2209090510687284,0.1226102896547104,0.1256202378166574,0.0,20650.0,68.84422110552764,3,0.4,75.0,0.0223713940533395,0.03696221824589,1516240.95,1531581.0,-0.0166666666666667,0.0137208217765887,51.61977056882667,1.0101171584898825,20220.0,20370.5,20780.5,0.0147420147420147,0.0361264425489211,HMM,KOSPI,조선/해양·해운,,,,0.0,0.0,,0.0,,0.3,mapping_missing,0.0,False,False,2026-04-08,5872.34,5523.437,0.0407581147205317,-8114.961149999988,neutral,"met_conditions=close_gt_ma20,ma20_gt_ma60,recent_20d_return_gt_0.03; true_count=3; breadth_20d=0.527; recent_20d_return=0.0468; ma60=5370.97; volatility_risk_flag=True",0.0137208217765887,55.0,54.83990147783251,0.0147420147420147,0.0361264425489211,-0.0166666666666667,83.23954113765333,67.73106755042318,0.0223713940533395,0.03696221824589,88.42364532019704,1516240.95,1531581.0,71.92118226600985,89.65517241379311,1.0,68.63075048993875,feature_v1,28.078817733990146,0.28078817733990147,0.28078817733990147,74.8768472906404,0.7487684729064039,0.7487684729064039,42.11822660098522,42.11822660098522,46.79802955665025,False,12.26102896547104,0.45320197044334976,45.320197044334975,68.84422110552764,69.1919191919192,0.8375,0.78,45.19962121212122,45.19962121212122,3.4482758620689653,19.704433497536947,88.42364532019704,89.65517241379311,50.0,42.11822660098522,45.320197044334975,68.63075048993875,ranking_builder_v8_return_prob_tech_regime,False,False,False,False,False,False,False,False,False,False,False,False,0,9.845793461870358,0.23204827884891965,neutral_service_balanced,0.24,0.24,0.32,0.32,0.26,0.26,0.18,0.18,0.65,0.0,0.0,43.46862992939374,43.46862992939374,1.0,False,False,1.0,False,43.46862992939374,85,v2,0.0,best_weight_by_regime,neutral,0.0,1.0,43.46862992939374,43.46862992939374,0.0,43.46862992939374,0.0,0.0,,,,,,,,,,,,,,,,,False,False,,,,,False,,,,,0.0,False,43.46862992939374,64,85,final_score,43.46862992939374,85,85,16.471380117585298,13.47783251231527,11.783251231527094,8.13593181818182,0.0,0.0,0.0,0.0,-6.399765750215733,13.47783251231527,11.783251231527094,16.471380117585298,8.13593181818182,0.0,0.0,0.0,-6.399765750215733,49.86839567960948,Tech flow score,16.471380117585298,Risk penalty,-6.399765750215733,"요약: live_score 43.5 | live_score_source=final_score | regime=neutral | dominant_driver=tech (Tech flow score 16.5) | top_positive_factor=Tech flow score (16.5) | top_negative_factor=Risk penalty (-6.4)
핵심 driver: Tech flow score (tech_score) contribution 16.5, score 68.6; Primary prediction score (ret_score) contribution 13.5, score 42.1; Top-bucket probability score (prob_score) contribution 11.8, score 45.3
리스크 요인: top_negative_factor=Risk penalty (-6.4); risk_penalty 9.8
운영 상태: theme_overlay: disabled (operational config); confidence: 모델 메타 점수 (calibration 미완), score=NA, label=Experimental, live_score 비반영, research/reference 용도","{""base_score"": 43.5, ""theme_weight"": 0.0, ""weight_source"": ""best_weight_by_regime"", ""regime_applied"": ""neutral"", ""theme"": {""name"": ""(none)"", ""confidence"": 0.0, ""contribution"": 0.0}}",confidence_four_axis_v1,1.0,91.25,97.0,58.29624283331394,49.06417792292982,78.40868739676796,69.63133271791155,69.63133271791155,Medium,Medium,Medium,Medium,current regime fit is weak,"Confidence score is 69.6 (Medium). data_maturity_score=91.2, model_reliability_score=97.0, signal_agreement_score=58.3, regime_fitness_score=49.1. Reason: current regime fit is weak.",변동성 관리 양호와 거래 유동성 양호이 추천 점수를 견인했습니다. 최근 변동성 확대 주의 요인은 함께 점검이 필요합니다.,변동성 관리 양호 / 거래 유동성 양호 / 추세 구조 양호,최근 변동성 확대 주의 / 기대수익 매력 낮음,신뢰도 Medium: current regime fit is weak,현재 neutral 체계로 균형형 가중치가 적용됐습니다.,strong_safety_profile,healthy_liquidity_profile,high_tech_score,elevated_risk_penalty,weak_ret_score,변동성 관리 양호,거래 유동성 양호,추세 구조 양호,최근 변동성 확대 주의,기대수익 매력 낮음,추가 확인 후 판단,"{""drivers"": [""strong_safety_profile"", ""healthy_liquidity_profile"", ""high_tech_score""], ""driver_texts"": [""변동성 관리 양호"", ""거래 유동성 양호"", ""추세 구조 양호""], ""drags"": [""elevated_risk_penalty"", ""weak_ret_score""], ""drag_texts"": [""최근 변동성 확대 주의"", ""기대수익 매력 낮음""], ""confidence_label"": ""Medium"", ""confidence_reason"": ""current regime fit is weak"", ""regime"": ""neutral"", ""weight_profile"": ""neutral_service_balanced"", ""regime_reason"": ""met_conditions=close_gt_ma20,ma20_gt_ma60,recent_20d_return_gt_0.03; true_count=3; breadth_20d=0.527; recent_20d_return=0.0468; ma60=5370.97; volatility_risk_flag=True"", ""action_note"": ""추가 확인 후 판단"", ""component_snapshot"": {""ret_score"": 42.12, ""prob_score"": 45.32, ""qual_score"": 45.2, ""tech_score"": 68.63, ""valuation_score"": 50.0, ""risk_penalty"": 9.85, ""live_score"": 43.47, ""final_score"": 43.47, ""confidence_score"": 69.63, ""live_rank"": 85.0, ""live_score_source"": ""final_score""}}",85,2026-04-09 11:17:11,
2026-04-08,437730,0.1902098361714319,0.2598341804941073,-0.3512177019315858,-0.3461744237275931,0.2047341224518219,0.2075788315617513,0.0,48850.0,18.09045226130653,5,0.0,100.0,0.0594055740756706,0.0626875153649273,222572.1,154399.0,-0.0551257253384912,-0.0343464294539165,46.79621999843135,0.6937032988411396,49250.0,50587.5,56702.5,0.0177083333333334,-0.0659655831739961,삼현,KOSDAQ,자동차부품,,,,0.0,0.0,,0.0,,0.3,mapping_missing,0.0,False,False,2026-04-08,5872.34,5523.437,0.0407581147205317,-8114.961149999988,neutral,"met_conditions=close_gt_ma20,ma20_gt_ma60,recent_20d_return_gt_0.03; true_count=3; breadth_20d=0.527; recent_20d_return=0.0468; ma60=5370.97; volatility_risk_flag=True",-0.0343464294539165,15.0,21.539408866995075,0.0177083333333334,-0.0659655831739961,-0.0551257253384912,73.5924399968627,50.048356304634396,0.0594055740756706,0.0626875153649273,20.197044334975374,222572.1,154399.0,21.510673234811165,33.004926108374384,1.0,31.244757218937313,feature_v1,78.32512315270937,0.7832512315270936,0.7832512315270936,77.83251231527095,0.7783251231527094,0.7783251231527094,78.17733990147784,78.17733990147784,78.12807881773399,False,20.47341224518219,0.7438423645320197,74.38423645320196,18.09045226130653,18.181818181818183,1.0,1.0,18.181818181818183,18.181818181818183,83.2512315270936,76.35467980295566,20.197044334975374,33.004926108374384,50.0,78.17733990147784,74.38423645320196,31.244757218937313,ranking_builder_v8_return_prob_tech_regime,False,False,False,False,False,False,False,False,False,False,False,False,0,18.0,0.34920039064998876,neutral_service_balanced,0.24,0.24,0.32,0.32,0.26,0.26,0.18,0.18,0.65,0.0,0.0,43.42811925157765,43.42811925157765,1.0,False,False,1.0,False,43.42811925157765,86,v2,0.0,best_weight_by_regime,neutral,0.0,1.0,43.42811925157765,43.42811925157765,0.0,43.42811925157765,0.0,0.0,,,,,,,,,,,,,,,,,False,False,,,,,False,,,,,10.0,True,33.42811925157765,113,86,final_score,43.42811925157765,86,86,7.498741732544954,25.016748768472908,19.339901477832512,3.272727272727273,0.0,0.0,0.0,0.0,-11.700000000000001,25.016748768472908,19.339901477832512,7.498741732544954,3.272727272727273,0.0,0.0,0.0,-11.700000000000001,55.12811925157765,Primary prediction score,25.016748768472908,Risk penalty,-11.700000000000001,"요약: live_score 43.4 | live_score_source=final_score | regime=neutral | dominant_driver=ret (Primary prediction score 25.0) | top_positive_factor=Primary prediction score (25.0) | top_negative_factor=Risk penalty (-11.7)
핵심 driver: Primary prediction score (ret_score) contribution 25.0, score 78.2; Top-bucket probability score (prob_score) contribution 19.3, score 74.4; Tech flow score (tech_score) contribution 7.5, score 31.2
리스크 요인: top_negative_factor=Risk penalty (-11.7); risk_penalty 18.0
운영 상태: theme_overlay: disabled (operational config); confidence: 모델 메타 점수 (calibration 미완), score=NA, label=Experimental, live_score 비반영, research/reference 용도","{""base_score"": 43.4, ""theme_weight"": 0.0, ""weight_source"": ""best_weight_by_regime"", ""regime_applied"": ""neutral"", ""theme"": {""name"": ""(none)"", ""confidence"": 0.0, ""contribution"": 0.0}}",confidence_four_axis_v1,1.0,100.0,97.0,47.0013434841021,48.899914274060635,78.18532301213462,68.58052024845297,68.58052024845297,Medium,Medium,Medium,Medium,core signals disagree; current regime fit is weak,"Confidence score is 68.6 (Medium). data_maturity_score=100.0, model_reliability_score=97.0, signal_agreement_score=47.0, regime_fitness_score=48.9. Reason: core signals disagree; current regime fit is weak.",60일 기대수익 상위권와 상위권 진입 확률 우수이 추천 점수를 견인했습니다. 재무 품질 보완 필요 요인은 함께 점검이 필요합니다.,60일 기대수익 상위권 / 상위권 진입 확률 우수,재무 품질 보완 필요 / 방어력 약함,신뢰도 Medium: core signals disagree; current regime fit is weak,현재 neutral 체계로 균형형 가중치가 적용됐습니다.,high_ret_score,high_probability_score,,weak_quality_score,weak_safety_score,60일 기대수익 상위권,상위권 진입 확률 우수,,재무 품질 보완 필요,방어력 약함,추가 확인 후 판단,"{""drivers"": [""high_ret_score"", ""high_probability_score""], ""driver_texts"": [""60일 기대수익 상위권"", ""상위권 진입 확률 우수""], ""drags"": [""weak_quality_score"", ""weak_safety_score""], ""drag_texts"": [""재무 품질 보완 필요"", ""방어력 약함""], ""confidence_label"": ""Medium"", ""confidence_reason"": ""core signals disagree; current regime fit is weak"", ""regime"": ""neutral"", ""weight_profile"": ""neutral_service_balanced"", ""regime_reason"": ""met_conditions=close_gt_ma20,ma20_gt_ma60,recent_20d_return_gt_0.03; true_count=3; breadth_20d=0.527; recent_20d_return=0.0468; ma60=5370.97; volatility_risk_flag=True"", ""action_note"": ""추가 확인 후 판단"", ""component_snapshot"": {""ret_score"": 78.18, ""prob_score"": 74.38, ""qual_score"": 18.18, ""tech_score"": 31.24, ""valuation_score"": 50.0, ""risk_penalty"": 18.0, ""live_score"": 43.43, ""final_score"": 43.43, ""confidence_score"": 68.58, ""live_rank"": 86.0, ""live_score_source"": ""final_score""}}",86,2026-04-09 11:17:11,
2026-04-08,016360,0.0181864435191199,-0.0433949904991233,-0.2531648138162373,-0.3019309719673925,0.1023146017491458,0.0587617734995124,0.0,104400.0,89.44723618090453,4,0.1999999999999999,80.0,0.0420127605670837,0.0432298508871578,435087.35,544348.0,0.0674846625766871,0.0797952112530382,58.4295122665468,1.251123481296342,96360.0,96685.0,93891.66666666669,0.0609756097560976,0.0674846625766871,삼성증권,KOSPI,금융,,,Brokerage Markets,75.9,0.6827032919922293,75.9,75.9,75.9,0.3,,51.81717986221021,True,False,2026-04-08,5872.34,5523.437,0.0407581147205317,-8114.961149999988,neutral,"met_conditions=close_gt_ma20,ma20_gt_ma60,recent_20d_return_gt_0.03; true_count=3; breadth_20d=0.527; recent_20d_return=0.0468; ma60=5370.97; volatility_risk_flag=True",0.0797952112530382,55.0,72.08128078817734,0.0609756097560976,0.0674846625766871,0.0674846625766871,96.8590245330936,87.76155416283005,0.0420127605670837,0.0432298508871578,63.793103448275865,435087.35,544348.0,62.068965517241374,54.679802955665025,1.0,74.4098937106851,feature_v1,44.827586206896555,0.4482758620689655,0.4482758620689655,33.004926108374384,0.33004926108374383,0.33004926108374383,41.2807881773399,41.2807881773399,40.09852216748769,False,10.23146017491458,0.35960591133004927,35.960591133004925,89.44723618090453,89.39393939393939,0.87,0.89,69.21772727272727,69.21772727272727,43.34975369458128,29.064039408866993,63.793103448275865,54.679802955665025,50.0,41.2807881773399,35.960591133004925,74.4098937106851,ranking_builder_v8_return_prob_tech_regime,False,False,False,False,False,False,False,False,False,False,False,False,0,14.720553249203922,0.27267127707669936,neutral_service_balanced,0.24,0.24,0.32,0.32,0.26,0.26,0.18,0.18,0.65,0.0,0.0,43.308811699002824,43.308811699002824,1.0,False,False,1.0,False,43.308811699002824,87,v2,0.0,best_weight_by_regime,neutral,0.0,1.0,43.308811699002824,43.308811699002824,0.0,43.308811699002824,0.0,0.0,,,,,,,,,,,,,,,,,False,False,,,,,False,,,,,4.0,True,39.308811699002824,89,87,final_score,43.308811699002824,87,87,17.858374490564422,13.209852216748768,9.349753694581281,12.459190909090909,0.0,0.0,0.0,0.0,-9.56835961198255,13.209852216748768,9.349753694581281,17.858374490564422,12.459190909090909,0.0,0.0,0.0,-9.56835961198255,52.877171310985375,Tech flow score,17.858374490564422,Risk penalty,-9.56835961198255,"요약: live_score 43.3 | live_score_source=final_score | regime=neutral | dominant_driver=tech (Tech flow score 17.9) | top_positive_factor=Tech flow score (17.9) | top_negative_factor=Risk penalty (-9.6)
핵심 driver: Tech flow score (tech_score) contribution 17.9, score 74.4; Primary prediction score (ret_score) contribution 13.2, score 41.3; Financial quality score (qual_score) contribution 12.5, score 69.2
리스크 요인: top_negative_factor=Risk penalty (-9.6); risk_penalty 14.7
운영 상태: theme_overlay: disabled (operational config); confidence: 모델 메타 점수 (calibration 미완), score=NA, label=Experimental, live_score 비반영, research/reference 용도","{""base_score"": 43.3, ""theme_weight"": 0.0, ""weight_source"": ""best_weight_by_regime"", ""regime_applied"": ""neutral"", ""theme"": {""name"": ""Brokerage Markets"", ""confidence"": 0.68, ""contribution"": 0.0}}",confidence_four_axis_v1,1.0,93.0,97.0,65.96520922669595,48.33227550121379,80.74114363185606,73.25253879092114,73.25253879092114,High,High,High,High,current regime fit is weak,"Confidence score is 73.3 (High). data_maturity_score=93.0, model_reliability_score=97.0, signal_agreement_score=66.0, regime_fitness_score=48.3. Reason: current regime fit is weak.",추세 구조 양호와 재무 품질 양호이 추천 점수를 견인했습니다. 예상 손실 폭 부담 큼 요인은 함께 점검이 필요합니다.,추세 구조 양호 / 재무 품질 양호,예상 손실 폭 부담 큼 / 상위권 진입 확률 약함,신뢰도 High: current regime fit is weak,현재 neutral 체계로 균형형 가중치가 적용됐습니다.,high_tech_score,strong_quality_profile,,very_high_risk_penalty,low_probability_score,추세 구조 양호,재무 품질 양호,,예상 손실 폭 부담 큼,상위권 진입 확률 약함,보수적 접근 권장,"{""drivers"": [""high_tech_score"", ""strong_quality_profile""], ""driver_texts"": [""추세 구조 양호"", ""재무 품질 양호""], ""drags"": [""very_high_risk_penalty"", ""low_probability_score""], ""drag_texts"": [""예상 손실 폭 부담 큼"", ""상위권 진입 확률 약함""], ""confidence_label"": ""High"", ""confidence_reason"": ""current regime fit is weak"", ""regime"": ""neutral"", ""weight_profile"": ""neutral_service_balanced"", ""regime_reason"": ""met_conditions=close_gt_ma20,ma20_gt_ma60,recent_20d_return_gt_0.03; true_count=3; breadth_20d=0.527; recent_20d_return=0.0468; ma60=5370.97; volatility_risk_flag=True"", ""action_note"": ""보수적 접근 권장"", ""component_snapshot"": {""ret_score"": 41.28, ""prob_score"": 35.96, ""qual_score"": 69.22, ""tech_score"": 74.41, ""valuation_score"": 50.0, ""risk_penalty"": 14.72, ""live_score"": 43.31, ""final_score"": 43.31, ""confidence_score"": 73.25, ""live_rank"": 87.0, ""live_score_source"": ""final_score""}}",87,2026-04-09 11:17:11,
2026-04-08,458870,0.0531725135559999,-0.0110158750216716,-0.2779718101296768,-0.3551439199228511,0.1513049697397287,0.0888283505535098,0.0,44400.0,95.47738693467338,5,0.0,100.0,0.0584820650018083,0.0582795206637368,308889.75,298469.0,-0.0992635871219037,-0.1685011765521077,39.99399547714469,0.9662638530414168,45840.0,53397.55,50155.96666666667,-0.1207920792079207,-0.1510516252390057,씨어스테크놀로지,KOSDAQ,건강관리기술,,,,0.0,0.0,,0.0,,0.3,mapping_missing,0.0,False,False,2026-04-08,5872.34,5523.437,0.0407581147205317,-8114.961149999988,neutral,"met_conditions=close_gt_ma20,ma20_gt_ma60,recent_20d_return_gt_0.03; true_count=3; breadth_20d=0.527; recent_20d_return=0.0468; ma60=5370.97; volatility_risk_flag=True",-0.1685011765521077,35.0,18.97783251231527,-0.1207920792079207,-0.1510516252390057,-0.0992635871219037,59.98799095428939,23.494534684385155,0.0584820650018083,0.0582795206637368,26.600985221674875,308889.75,298469.0,40.229885057471265,42.857142857142854,1.0,25.27111669618505,feature_v1,55.172413793103445,0.5517241379310345,0.5517241379310345,40.88669950738916,0.4088669950738916,0.4088669950738916,50.88669950738917,50.88669950738917,49.45812807881773,False,15.130496973972871,0.5862068965517241,58.620689655172406,95.47738693467338,95.45454545454545,1.0,1.0,95.45454545454545,95.45454545454545,81.2807881773399,65.51724137931035,26.600985221674875,42.857142857142854,50.0,50.88669950738917,58.620689655172406,25.27111669618505,ranking_builder_v8_return_prob_tech_regime,False,False,False,False,False,False,False,False,False,False,False,False,0,18.0,0.30884065404694655,neutral_service_balanced,0.24,0.24,0.32,0.32,0.26,0.26,0.18,0.18,0.65,0.0,0.0,43.072009341611945,43.072009341611945,1.0,False,False,1.0,False,43.072009341611945,88,v2,0.0,best_weight_by_regime,neutral,0.0,1.0,43.072009341611945,43.072009341611945,0.0,43.072009341611945,0.0,0.0,,,,,,,,,,,,,,,,,False,False,,,,,False,,,,,4.0,True,39.072009341611945,90,88,final_score,43.072009341611945,88,88,6.065068007084411,16.283743842364533,15.241379310344826,17.18181818181818,0.0,0.0,0.0,0.0,-11.700000000000001,16.283743842364533,15.241379310344826,6.065068007084411,17.18181818181818,0.0,0.0,0.0,-11.700000000000001,54.77200934161195,Financial quality score,17.18181818181818,Risk penalty,-11.700000000000001,"요약: live_score 43.1 | live_score_source=final_score | regime=neutral | dominant_driver=ret (Primary prediction score 16.3) | top_positive_factor=Financial quality score (17.2) | top_negative_factor=Risk penalty (-11.7)
핵심 driver: Financial quality score (qual_score) contribution 17.2, score 95.5; Primary prediction score (ret_score) contribution 16.3, score 50.9; Top-bucket probability score (prob_score) contribution 15.2, score 58.6
리스크 요인: top_negative_factor=Risk penalty (-11.7); risk_penalty 18.0
운영 상태: theme_overlay: disabled (operational config); confidence: 모델 메타 점수 (calibration 미완), score=NA, label=Experimental, live_score 비반영, research/reference 용도","{""base_score"": 43.1, ""theme_weight"": 0.0, ""weight_source"": ""best_weight_by_regime"", ""regime_applied"": ""neutral"", ""theme"": {""name"": ""(none)"", ""confidence"": 0.0, ""contribution"": 0.0}}",confidence_four_axis_v1,1.0,100.0,97.0,38.94497137249188,48.64419199127463,76.13287164181415,65.30682694725168,65.30682694725168,Medium,Medium,Medium,Medium,core signals disagree; current regime fit is weak,"Confidence score is 65.3 (Medium). data_maturity_score=100.0, model_reliability_score=97.0, signal_agreement_score=38.9, regime_fitness_score=48.6. Reason: core signals disagree; current regime fit is weak.",재무 품질 양호이 추천 점수를 견인했습니다. 예상 손실 폭 부담 큼 요인은 함께 점검이 필요합니다.,재무 품질 양호,예상 손실 폭 부담 큼 / 추세 탄력 약함,신뢰도 Medium: core signals disagree; current regime fit is weak,현재 neutral 체계로 균형형 가중치가 적용됐습니다.,strong_quality_profile,,,very_high_risk_penalty,weak_tech_score,재무 품질 양호,,,예상 손실 폭 부담 큼,추세 탄력 약함,보수적 접근 권장,"{""drivers"": [""strong_quality_profile""], ""driver_texts"": [""재무 품질 양호""], ""drags"": [""very_high_risk_penalty"", ""weak_tech_score""], ""drag_texts"": [""예상 손실 폭 부담 큼"", ""추세 탄력 약함""], ""confidence_label"": ""Medium"", ""confidence_reason"": ""core signals disagree; current regime fit is weak"", ""regime"": ""neutral"", ""weight_profile"": ""neutral_service_balanced"", ""regime_reason"": ""met_conditions=close_gt_ma20,ma20_gt_ma60,recent_20d_return_gt_0.03; true_count=3; breadth_20d=0.527; recent_20d_return=0.0468; ma60=5370.97; volatility_risk_flag=True"", ""action_note"": ""보수적 접근 권장"", ""component_snapshot"": {""ret_score"": 50.89, ""prob_score"": 58.62, ""qual_score"": 95.45, ""tech_score"": 25.27, ""valuation_score"": 50.0, ""risk_penalty"": 18.0, ""live_score"": 43.07, ""final_score"": 43.07, ""confidence_score"": 65.31, ""live_rank"": 88.0, ""live_score_source"": ""final_score""}}",88,2026-04-09 11:17:11,
2026-04-08,068270,0.0379319792319894,0.1483212228306847,-0.1976989879906052,-0.2285972273110542,0.07910462095346,0.0534128375742054,0.0,202000.0,72.8643216080402,3,0.4,75.0,0.0317443303011922,0.0322714247452058,493629.5,579000.0,-0.0334928229665071,0.0050751318539157,48.10330892829889,1.1729444856922044,196700.0,200980.0,213566.66666666663,-0.0194174757281553,-0.0073710073710073,셀트리온,KOSPI,바이오/제약,,,바이오,22.265625,0.4333811131386861,22.265625,22.265625,22.265625,0.3,,9.649501347228558,True,False,2026-04-08,5872.34,5523.437,0.0407581147205317,-8114.961149999988,neutral,"met_conditions=close_gt_ma20,ma20_gt_ma60,recent_20d_return_gt_0.03; true_count=3; breadth_20d=0.527; recent_20d_return=0.0468; ma60=5370.97; volatility_risk_flag=True",0.0050751318539157,55.0,52.3768472906404,-0.0194174757281553,-0.0073710073710073,-0.0334928229665071,76.20661785659777,55.13539830651398,0.0317443303011922,0.0322714247452058,85.71428571428571,493629.5,579000.0,61.083743842364534,59.11330049261084,1.0,61.31586231368382,feature_v1,50.73891625615764,0.5073891625615764,0.5073891625615764,61.57635467980296,0.6157635467980296,0.6157635467980296,53.99014778325123,53.99014778325123,55.073891625615765,False,7.910462095346,0.26108374384236455,26.108374384236456,72.8643216080402,72.72727272727273,0.8375,0.78,47.509090909090915,47.509090909090915,17.733990147783253,10.83743842364532,85.71428571428571,59.11330049261084,50.0,53.99014778325123,26.108374384236456,61.31586231368382,ranking_builder_v8_return_prob_tech_regime,False,False,False,False,False,False,False,False,False,False,False,False,0,7.206994046254177,0.21005828371878482,neutral_service_balanced,0.24,0.24,0.32,0.32,0.26,0.26,0.18,0.18,0.65,0.0,0.0,42.64792181939713,42.64792181939713,1.0,False,False,1.0,False,42.64792181939713,89,v2,0.0,best_weight_by_regime,neutral,0.0,1.0,42.64792181939713,42.64792181939713,0.0,42.64792181939713,0.0,0.0,,,,,,,,,,,,,,,,,False,False,,,,,False,,,,,0.0,False,42.64792181939713,68,89,final_score,42.64792181939713,89,89,14.715806955284117,17.276847290640394,6.788177339901479,8.551636363636364,0.0,0.0,0.0,0.0,-4.684546130065216,17.276847290640394,6.788177339901479,14.715806955284117,8.551636363636364,0.0,0.0,0.0,-4.684546130065216,47.332467949462355,Primary prediction score,17.276847290640394,Risk penalty,-4.684546130065216,"요약: live_score 42.6 | live_score_source=final_score | regime=neutral | dominant_driver=ret (Primary prediction score 17.3) | top_positive_factor=Primary prediction score (17.3) | top_negative_factor=Risk penalty (-4.7)
핵심 driver: Primary prediction score (ret_score) contribution 17.3, score 54.0; Tech flow score (tech_score) contribution 14.7, score 61.3; Financial quality score (qual_score) contribution 8.6, score 47.5
리스크 요인: top_negative_factor=Risk penalty (-4.7); risk_penalty 7.2
운영 상태: theme_overlay: disabled (operational config); confidence: 모델 메타 점수 (calibration 미완), score=NA, label=Experimental, live_score 비반영, research/reference 용도","{""base_score"": 42.6, ""theme_weight"": 0.0, ""weight_source"": ""best_weight_by_regime"", ""regime_applied"": ""neutral"", ""theme"": {""name"": ""바이오"", ""confidence"": 0.43, ""contribution"": 0.0}}",confidence_four_axis_v1,1.0,91.25,97.0,49.43775362116579,48.44321554221562,76.10092073662378,65.96374455690943,65.96374455690943,Medium,Medium,Medium,Medium,core signals disagree; current regime fit is weak,"Confidence score is 66.0 (Medium). data_maturity_score=91.2, model_reliability_score=97.0, signal_agreement_score=49.4, regime_fitness_score=48.4. Reason: core signals disagree; current regime fit is weak.",변동성 관리 양호이 추천 점수를 견인했습니다. 상위권 진입 확률 약함 요인은 함께 점검이 필요합니다.,변동성 관리 양호,상위권 진입 확률 약함,신뢰도 Medium: core signals disagree; current regime fit is weak,현재 neutral 체계로 균형형 가중치가 적용됐습니다.,strong_safety_profile,,,low_probability_score,,변동성 관리 양호,,,상위권 진입 확률 약함,,추가 확인 후 판단,"{""drivers"": [""strong_safety_profile""], ""driver_texts"": [""변동성 관리 양호""], ""drags"": [""low_probability_score""], ""drag_texts"": [""상위권 진입 확률 약함""], ""confidence_label"": ""Medium"", ""confidence_reason"": ""core signals disagree; current regime fit is weak"", ""regime"": ""neutral"", ""weight_profile"": ""neutral_service_balanced"", ""regime_reason"": ""met_conditions=close_gt_ma20,ma20_gt_ma60,recent_20d_return_gt_0.03; true_count=3; breadth_20d=0.527; recent_20d_return=0.0468; ma60=5370.97; volatility_risk_flag=True"", ""action_note"": ""추가 확인 후 판단"", ""component_snapshot"": {""ret_score"": 53.99, ""prob_score"": 26.11, ""qual_score"": 47.51, ""tech_score"": 61.32, ""valuation_score"": 50.0, ""risk_penalty"": 7.21, ""live_score"": 42.65, ""final_score"": 42.65, ""confidence_score"": 65.96, ""live_rank"": 89.0, ""live_score_source"": ""final_score""}}",89,2026-04-09 11:17:11,
2026-04-08,005935,0.071712090112562,-0.1045149968536812,-0.2892446815338212,-0.3351434887453373,0.2617487984399039,0.070995952418386,0.0,139600.0,,,,,0.050156604052271,0.047666217540265,4061354.15,4913886.0,0.0050395968322534,0.0591805766312594,57.135219315493416,1.2099132009947964,128520.0,131800.0,124043.33333333331,0.0949019607843137,0.0449101796407185,삼성전자우,KOSPI,전자/부품,,,HBM,44.0625,0.4752033759124087,44.0625,44.0625,44.0625,0.3,,20.93864875114051,True,False,2026-04-08,5872.34,5523.437,0.0407581147205317,-8114.961149999988,neutral,"met_conditions=close_gt_ma20,ma20_gt_ma60,recent_20d_return_gt_0.03; true_count=3; breadth_20d=0.527; recent_20d_return=0.0468; ma60=5370.97; volatility_risk_flag=True",0.0591805766312594,55.0,67.64778325123153,0.0949019607843137,0.0449101796407185,0.0050395968322534,94.27043863098683,82.68091015035755,0.050156604052271,0.047666217540265,47.536945812807886,4061354.15,4913886.0,85.87848932676519,96.55172413793103,1.0,71.62181608957096,feature_v1,57.635467980295566,0.5763546798029556,0.5763546798029556,20.689655172413794,0.20689655172413793,0.20689655172413793,46.55172413793103,46.55172413793103,42.857142857142854,False,26.17487984399039,0.8522167487684729,85.22167487684729,,,,,,0.0,65.02463054187191,39.90147783251231,47.536945812807886,96.55172413793103,50.0,46.55172413793103,85.22167487684729,71.62181608957096,ranking_builder_v8_return_prob_tech_regime,False,True,False,False,False,False,False,False,True,False,False,False,1,18.0,0.3076042044184276,neutral_service_balanced,0.24,0.24,0.32,0.32,0.26,0.26,0.18,0.18,0.65,0.0,0.0,42.54342305361526,42.54342305361526,1.0,False,False,1.0,False,42.54342305361526,90,v2,0.0,best_weight_by_regime,neutral,0.0,1.0,42.54342305361526,42.54342305361526,0.0,42.54342305361526,0.0,0.0,,,,,,,,,,,,,,,,,False,False,,,,,False,,,,,10.0,True,32.54342305361526,117,90,final_score,42.54342305361526,90,90,17.18923586149703,14.89655172413793,22.157635467980295,0.0,0.0,0.0,0.0,0.0,-11.700000000000001,14.89655172413793,22.157635467980295,17.18923586149703,0.0,0.0,0.0,0.0,-11.700000000000001,54.24342305361526,Top-bucket probability score,22.157635467980295,Risk penalty,-11.700000000000001,"요약: live_score 42.5 | live_score_source=final_score | regime=neutral | dominant_driver=prob (Top-bucket probability score 22.2) | top_positive_factor=Top-bucket probability score (22.2) | top_negative_factor=Risk penalty (-11.7)
핵심 driver: Top-bucket probability score (prob_score) contribution 22.2, score 85.2; Tech flow score (tech_score) contribution 17.2, score 71.6; Primary prediction score (ret_score) contribution 14.9, score 46.6
리스크 요인: top_negative_factor=Risk penalty (-11.7); risk_penalty 18.0
운영 상태: theme_overlay: disabled (operational config); confidence: 모델 메타 점수 (calibration 미완), score=NA, label=Experimental, live_score 비반영, research/reference 용도","{""base_score"": 42.5, ""theme_weight"": 0.0, ""weight_source"": ""best_weight_by_regime"", ""regime_applied"": ""neutral"", ""theme"": {""name"": ""HBM"", ""confidence"": 0.48, ""contribution"": 0.0}}",confidence_four_axis_v1,0.8571428571428571,67.21428571428572,97.0,45.68349753694581,47.81204794697823,67.85696729056889,54.72152288988826,54.72152288988826,Medium,Medium,Medium,Medium,fallback_count=1; core signals disagree,"Confidence score is 54.7 (Medium). data_maturity_score=67.2, model_reliability_score=97.0, signal_agreement_score=45.7, regime_fitness_score=47.8. Reason: fallback_count=1; core signals disagree.",상위권 진입 확률 우수와 거래 유동성 양호이 추천 점수를 견인했습니다. 신호 신뢰도 낮음 요인은 함께 점검이 필요합니다.,상위권 진입 확률 우수 / 거래 유동성 양호 / 추세 구조 양호,신호 신뢰도 낮음 / 재무 품질 보완 필요,신뢰도 Medium: fallback_count=1; core signals disagree,현재 neutral 체계로 균형형 가중치가 적용됐습니다.,high_probability_score,healthy_liquidity_profile,high_tech_score,low_confidence,weak_quality_score,상위권 진입 확률 우수,거래 유동성 양호,추세 구조 양호,신호 신뢰도 낮음,재무 품질 보완 필요,보수적 접근 권장,"{""drivers"": [""high_probability_score"", ""healthy_liquidity_profile"", ""high_tech_score""], ""driver_texts"": [""상위권 진입 확률 우수"", ""거래 유동성 양호"", ""추세 구조 양호""], ""drags"": [""low_confidence"", ""weak_quality_score""], ""drag_texts"": [""신호 신뢰도 낮음"", ""재무 품질 보완 필요""], ""confidence_label"": ""Medium"", ""confidence_reason"": ""fallback_count=1; core signals disagree"", ""regime"": ""neutral"", ""weight_profile"": ""neutral_service_balanced"", ""regime_reason"": ""met_conditions=close_gt_ma20,ma20_gt_ma60,recent_20d_return_gt_0.03; true_count=3; breadth_20d=0.527; recent_20d_return=0.0468; ma60=5370.97; volatility_risk_flag=True"", ""action_note"": ""보수적 접근 권장"", ""component_snapshot"": {""ret_score"": 46.55, ""prob_score"": 85.22, ""qual_score"": 0.0, ""tech_score"": 71.62, ""valuation_score"": 50.0, ""risk_penalty"": 18.0, ""live_score"": 42.54, ""final_score"": 42.54, ""confidence_score"": 54.72, ""live_rank"": 90.0, ""live_score_source"": ""final_score""}}",90,2026-04-09 11:17:11,
2026-04-08,241560,0.1111821780430257,0.121254878367067,-0.2567153392587415,-0.3127640692815197,0.0789476371874833,0.0805279331276362,0.0,66200.0,56.78391959798995,3,0.4,75.0,0.0374057411819927,0.0438160535649403,303376.95,424317.0,0.0870279146141215,0.0921389095108471,60.544339633068525,1.39864613972815,61900.0,60615.0,61268.333333333336,0.0575079872204473,0.072933549432739,두산밥캣,KOSPI,기계/중공업·방산,,,,0.0,0.0,,0.0,,0.3,mapping_missing,0.0,False,False,2026-04-08,5872.34,5523.437,0.0407581147205317,-8114.961149999988,neutral,"met_conditions=close_gt_ma20,ma20_gt_ma60,recent_20d_return_gt_0.03; true_count=3; breadth_20d=0.527; recent_20d_return=0.0468; ma60=5370.97; volatility_risk_flag=True",0.0921389095108471,75.0,83.3128078817734,0.0575079872204473,0.072933549432739,0.0870279146141215,98.91132073386295,89.25984988789924,0.0374057411819927,0.0438160535649403,71.42857142857143,303376.95,424317.0,60.09852216748769,42.364532019704434,1.0,79.5352824361342,feature_v1,65.02463054187191,0.6502463054187192,0.6502463054187192,58.128078817733986,0.5812807881773399,0.5812807881773399,62.955665024630534,62.955665024630534,62.26600985221674,False,7.8947637187483295,0.2561576354679803,25.615763546798032,56.78391959798995,57.07070707070707,0.8375,0.78,37.2814393939394,37.2814393939394,27.586206896551722,29.55665024630542,71.42857142857143,42.364532019704434,50.0,62.955665024630534,25.615763546798032,79.5352824361342,ranking_builder_v8_return_prob_tech_regime,False,False,False,False,False,False,False,False,False,False,False,False,0,15.49617975214233,0.27913483126785277,neutral_service_balanced,0.24,0.24,0.32,0.32,0.26,0.26,0.18,0.18,0.65,0.0,0.0,42.53252136673804,42.53252136673804,1.0,False,False,1.0,False,42.53252136673804,91,v2,0.0,best_weight_by_regime,neutral,0.0,1.0,42.53252136673804,42.53252136673804,0.0,42.53252136673804,0.0,0.0,,,,,,,,,,,,,,,,,False,False,,,,,False,,,,,4.0,True,38.53252136673804,92,91,final_score,42.53252136673804,91,91,19.088467784672208,20.14581280788177,6.660098522167488,6.7106590909090915,0.0,0.0,0.0,0.0,-10.072516838892515,20.14581280788177,6.660098522167488,19.088467784672208,6.7106590909090915,0.0,0.0,0.0,-10.072516838892515,52.60503820563056,Primary prediction score,20.14581280788177,Risk penalty,-10.072516838892515,"요약: live_score 42.5 | live_score_source=final_score | regime=neutral | dominant_driver=ret (Primary prediction score 20.1) | top_positive_factor=Primary prediction score (20.1) | top_negative_factor=Risk penalty (-10.1)
핵심 driver: Primary prediction score (ret_score) contribution 20.1, score 63.0; Tech flow score (tech_score) contribution 19.1, score 79.5; Financial quality score (qual_score) contribution 6.7, score 37.3
리스크 요인: top_negative_factor=Risk penalty (-10.1); risk_penalty 15.5
운영 상태: theme_overlay: disabled (operational config); confidence: 모델 메타 점수 (calibration 미완), score=NA, label=Experimental, live_score 비반영, research/reference 용도","{""base_score"": 42.5, ""theme_weight"": 0.0, ""weight_source"": ""best_weight_by_regime"", ""regime_applied"": ""neutral"", ""theme"": {""name"": ""(none)"", ""confidence"": 0.0, ""contribution"": 0.0}}",confidence_four_axis_v1,1.0,91.25,97.0,55.07414433319915,47.316669746957004,77.34103654534334,67.99299168267106,67.99299168267106,Medium,Medium,Medium,Medium,current regime fit is weak,"Confidence score is 68.0 (Medium). data_maturity_score=91.2, model_reliability_score=97.0, signal_agreement_score=55.1, regime_fitness_score=47.3. Reason: current regime fit is weak.",추세 구조 양호와 변동성 관리 양호이 추천 점수를 견인했습니다. 예상 손실 폭 부담 큼 요인은 함께 점검이 필요합니다.,추세 구조 양호 / 변동성 관리 양호,예상 손실 폭 부담 큼 / 상위권 진입 확률 약함,신뢰도 Medium: current regime fit is weak,현재 neutral 체계로 균형형 가중치가 적용됐습니다.,high_tech_score,strong_safety_profile,,very_high_risk_penalty,low_probability_score,추세 구조 양호,변동성 관리 양호,,예상 손실 폭 부담 큼,상위권 진입 확률 약함,보수적 접근 권장,"{""drivers"": [""high_tech_score"", ""strong_safety_profile""], ""driver_texts"": [""추세 구조 양호"", ""변동성 관리 양호""], ""drags"": [""very_high_risk_penalty"", ""low_probability_score""], ""drag_texts"": [""예상 손실 폭 부담 큼"", ""상위권 진입 확률 약함""], ""confidence_label"": ""Medium"", ""confidence_reason"": ""current regime fit is weak"", ""regime"": ""neutral"", ""weight_profile"": ""neutral_service_balanced"", ""regime_reason"": ""met_conditions=close_gt_ma20,ma20_gt_ma60,recent_20d_return_gt_0.03; true_count=3; breadth_20d=0.527; recent_20d_return=0.0468; ma60=5370.97; volatility_risk_flag=True"", ""action_note"": ""보수적 접근 권장"", ""component_snapshot"": {""ret_score"": 62.96, ""prob_score"": 25.62, ""qual_score"": 37.28, ""tech_score"": 79.54, ""valuation_score"": 50.0, ""risk_penalty"": 15.5, ""live_score"": 42.53, ""final_score"": 42.53, ""confidence_score"": 67.99, ""live_rank"": 91.0, ""live_score_source"": ""final_score""}}",91,2026-04-09 11:17:11,
2026-04-08,097230,0.0558263998452046,-0.0462626661327136,-0.276302233710561,-0.2915687550556438,0.2063310488006791,0.1348425080638509,0.0,25900.0,24.623115577889447,3,0.4,75.0,0.0569536501605124,0.0549011950536463,2339688.65,1907543.0,0.0658436213991768,0.0208908159243199,53.98203103925702,0.815297796140525,23900.0,25370.0,24942.33333333333,0.081419624217119,-0.0389610389610389,HJ중공업,KOSPI,조선,,,조선,25.765625,0.4215492552530461,25.765625,25.765625,25.765625,0.3,,10.861480029879266,True,False,2026-04-08,5872.34,5523.437,0.0407581147205317,-8114.961149999988,neutral,"met_conditions=close_gt_ma20,ma20_gt_ma60,recent_20d_return_gt_0.03; true_count=3; breadth_20d=0.527; recent_20d_return=0.0468; ma60=5370.97; volatility_risk_flag=True",0.0208908159243199,55.0,59.02709359605912,0.081419624217119,-0.0389610389610389,0.0658436213991768,87.96406207851405,75.06983325361867,0.0569536501605124,0.0549011950536463,31.034482758620694,2339688.65,1907543.0,67.98029556650246,93.10344827586206,1.0,60.38651060428378,feature_v1,56.15763546798029,0.5615763546798029,0.5615763546798029,31.527093596059114,0.31527093596059114,0.31527093596059114,48.768472906403936,48.768472906403936,46.305418719211815,False,20.63310488006791,0.7586206896551724,75.86206896551724,24.623115577889447,24.747474747474747,0.8375,0.78,16.16628787878788,16.16628787878788,79.3103448275862,58.620689655172406,31.034482758620694,93.10344827586206,50.0,48.768472906403936,75.86206896551724,60.38651060428378,ranking_builder_v8_return_prob_tech_regime,False,False,False,False,False,False,False,False,False,False,False,False,0,15.889061069831289,0.2824088422485941,neutral_service_balanced,0.24,0.24,0.32,0.32,0.26,0.26,0.18,0.18,0.65,0.0,0.0,42.40485392890333,42.40485392890333,1.0,False,False,1.0,False,42.40485392890333,92,v2,0.0,best_weight_by_regime,neutral,0.0,1.0,42.40485392890333,42.40485392890333,0.0,42.40485392890333,0.0,0.0,,,,,,,,,,,,,,,,,False,False,,,,,False,,,,,10.0,True,32.40485392890333,118,92,final_score,42.40485392890333,92,92,14.492762545028107,15.60591133004926,19.724137931034484,2.9099318181818186,0.0,0.0,0.0,0.0,-10.327889695390338,15.60591133004926,19.724137931034484,14.492762545028107,2.9099318181818186,0.0,0.0,0.0,-10.327889695390338,52.73274362429367,Top-bucket probability score,19.724137931034484,Risk penalty,-10.327889695390338,"요약: live_score 42.4 | live_score_source=final_score | regime=neutral | dominant_driver=prob (Top-bucket probability score 19.7) | top_positive_factor=Top-bucket probability score (19.7) | top_negative_factor=Risk penalty (-10.3)
핵심 driver: Top-bucket probability score (prob_score) contribution 19.7, score 75.9; Primary prediction score (ret_score) contribution 15.6, score 48.8; Tech flow score (tech_score) contribution 14.5, score 60.4
리스크 요인: top_negative_factor=Risk penalty (-10.3); risk_penalty 15.9
운영 상태: theme_overlay: disabled (operational config); confidence: 모델 메타 점수 (calibration 미완), score=NA, label=Experimental, live_score 비반영, research/reference 용도","{""base_score"": 42.4, ""theme_weight"": 0.0, ""weight_source"": ""best_weight_by_regime"", ""regime_applied"": ""neutral"", ""theme"": {""name"": ""조선"", ""confidence"": 0.42, ""contribution"": 0.0}}",confidence_four_axis_v1,1.0,91.25,97.0,53.341265673981184,47.933269767092526,77.00030688355918,67.42316022301098,67.42316022301098,Medium,Medium,Medium,Medium,core signals disagree; current regime fit is weak,"Confidence score is 67.4 (Medium). data_maturity_score=91.2, model_reliability_score=97.0, signal_agreement_score=53.3, regime_fitness_score=47.9. Reason: core signals disagree; current regime fit is weak.",거래 유동성 양호와 상위권 진입 확률 우수이 추천 점수를 견인했습니다. 재무 품질 보완 필요 요인은 함께 점검이 필요합니다.,거래 유동성 양호 / 상위권 진입 확률 우수,재무 품질 보완 필요 / 예상 손실 폭 부담 큼,신뢰도 Medium: core signals disagree; current regime fit is weak,현재 neutral 체계로 균형형 가중치가 적용됐습니다.,healthy_liquidity_profile,high_probability_score,,weak_quality_score,very_high_risk_penalty,거래 유동성 양호,상위권 진입 확률 우수,,재무 품질 보완 필요,예상 손실 폭 부담 큼,추가 확인 후 판단,"{""drivers"": [""healthy_liquidity_profile"", ""high_probability_score""], ""driver_texts"": [""거래 유동성 양호"", ""상위권 진입 확률 우수""], ""drags"": [""weak_quality_score"", ""very_high_risk_penalty""], ""drag_texts"": [""재무 품질 보완 필요"", ""예상 손실 폭 부담 큼""], ""confidence_label"": ""Medium"", ""confidence_reason"": ""core signals disagree; current regime fit is weak"", ""regime"": ""neutral"", ""weight_profile"": ""neutral_service_balanced"", ""regime_reason"": ""met_conditions=close_gt_ma20,ma20_gt_ma60,recent_20d_return_gt_0.03; true_count=3; breadth_20d=0.527; recent_20d_return=0.0468; ma60=5370.97; volatility_risk_flag=True"", ""action_note"": ""추가 확인 후 판단"", ""component_snapshot"": {""ret_score"": 48.77, ""prob_score"": 75.86, ""qual_score"": 16.17, ""tech_score"": 60.39, ""valuation_score"": 50.0, ""risk_penalty"": 15.89, ""live_score"": 42.4, ""final_score"": 42.4, ""confidence_score"": 67.42, ""live_rank"": 92.0, ""live_score_source"": ""final_score""}}",92,2026-04-09 11:17:11,
2026-04-08,032830,0.0458953007481237,-0.0179773648216096,-0.2409353504276573,-0.3105292634378112,0.088824227474745,0.0698174296612174,0.0,238500.0,66.83417085427136,4,0.1999999999999999,80.0,0.0406033043696812,0.0415818744774774,353899.55,402137.0,0.0529801324503311,0.0709474629546476,59.2117660971728,1.1363026598931816,224900.0,222700.0,204458.3333333333,0.0506607929515419,0.0483516483516484,삼성생명,KOSPI,생명보험,,,,0.0,0.0,,0.0,,0.3,mapping_missing,0.0,False,False,2026-04-08,5872.34,5523.437,0.0407581147205317,-8114.961149999988,neutral,"met_conditions=close_gt_ma20,ma20_gt_ma60,recent_20d_return_gt_0.03; true_count=3; breadth_20d=0.527; recent_20d_return=0.0468; ma60=5370.97; volatility_risk_flag=True",0.0709474629546476,100.0,93.10344827586206,0.0506607929515419,0.0483516483516484,0.0529801324503311,98.4235321943456,85.1970160535125,0.0406033043696812,0.0415818744774774,66.25615763546799,353899.55,402137.0,53.20197044334975,49.26108374384236,1.0,78.98151719508405,feature_v1,52.70935960591133,0.5270935960591133,0.5270935960591133,37.4384236453202,0.37438423645320196,0.37438423645320196,48.128078817733986,48.128078817733986,46.600985221674875,False,8.8824227474745,0.2955665024630542,29.55665024630542,66.83417085427136,67.17171717171718,0.87,0.89,52.01106060606061,52.01106060606061,40.88669950738916,26.60098522167488,66.25615763546799,49.26108374384236,50.0,48.128078817733986,29.55665024630542,78.98151719508405,ranking_builder_v8_return_prob_tech_regime,False,False,False,False,False,False,False,False,False,False,False,False,0,14.25274987580626,0.26877291563171885,neutral_service_balanced,0.24,0.24,0.32,0.32,0.26,0.26,0.18,0.18,0.65,0.0,0.0,42.13898190235129,42.13898190235129,1.0,False,False,1.0,False,42.13898190235129,93,v2,0.0,best_weight_by_regime,neutral,0.0,1.0,42.13898190235129,42.13898190235129,0.0,42.13898190235129,0.0,0.0,,,,,,,,,,,,,,,,,False,False,,,,,False,,,,,4.0,True,38.13898190235129,95,93,final_score,42.13898190235129,93,93,18.95556412682017,15.400985221674876,7.684729064039409,9.36199090909091,0.0,0.0,0.0,0.0,-9.26428741927407,15.400985221674876,7.684729064039409,18.95556412682017,9.36199090909091,0.0,0.0,0.0,-9.26428741927407,51.40326932162537,Tech flow score,18.95556412682017,Risk penalty,-9.26428741927407,"요약: live_score 42.1 | live_score_source=final_score | regime=neutral | dominant_driver=tech (Tech flow score 19.0) | top_positive_factor=Tech flow score (19.0) | top_negative_factor=Risk penalty (-9.3)
핵심 driver: Tech flow score (tech_score) contribution 19.0, score 79.0; Primary prediction score (ret_score) contribution 15.4, score 48.1; Financial quality score (qual_score) contribution 9.4, score 52.0
리스크 요인: top_negative_factor=Risk penalty (-9.3); risk_penalty 14.3
운영 상태: theme_overlay: disabled (operational config); confidence: 모델 메타 점수 (calibration 미완), score=NA, label=Experimental, live_score 비반영, research/reference 용도","{""base_score"": 42.1, ""theme_weight"": 0.0, ""weight_source"": ""best_weight_by_regime"", ""regime_applied"": ""neutral"", ""theme"": {""name"": ""(none)"", ""confidence"": 0.0, ""contribution"": 0.0}}",confidence_four_axis_v1,1.0,93.0,97.0,45.17253991536641,47.18569801352782,75.37098968087078,64.70615556885213,64.70615556885213,Medium,Medium,Medium,Medium,core signals disagree; current regime fit is weak,"Confidence score is 64.7 (Medium). data_maturity_score=93.0, model_reliability_score=97.0, signal_agreement_score=45.2, regime_fitness_score=47.2. Reason: core signals disagree; current regime fit is weak.",추세 구조 양호와 변동성 관리 양호이 추천 점수를 견인했습니다. 예상 손실 폭 부담 큼 요인은 함께 점검이 필요합니다.,추세 구조 양호 / 변동성 관리 양호,예상 손실 폭 부담 큼 / 상위권 진입 확률 약함,신뢰도 Medium: core signals disagree; current regime fit is weak,현재 neutral 체계로 균형형 가중치가 적용됐습니다.,high_tech_score,strong_safety_profile,,very_high_risk_penalty,low_probability_score,추세 구조 양호,변동성 관리 양호,,예상 손실 폭 부담 큼,상위권 진입 확률 약함,보수적 접근 권장,"{""drivers"": [""high_tech_score"", ""strong_safety_profile""], ""driver_texts"": [""추세 구조 양호"", ""변동성 관리 양호""], ""drags"": [""very_high_risk_penalty"", ""low_probability_score""], ""drag_texts"": [""예상 손실 폭 부담 큼"", ""상위권 진입 확률 약함""], ""confidence_label"": ""Medium"", ""confidence_reason"": ""core signals disagree; current regime fit is weak"", ""regime"": ""neutral"", ""weight_profile"": ""neutral_service_balanced"", ""regime_reason"": ""met_conditions=close_gt_ma20,ma20_gt_ma60,recent_20d_return_gt_0.03; true_count=3; breadth_20d=0.527; recent_20d_return=0.0468; ma60=5370.97; volatility_risk_flag=True"", ""action_note"": ""보수적 접근 권장"", ""component_snapshot"": {""ret_score"": 48.13, ""prob_score"": 29.56, ""qual_score"": 52.01, ""tech_score"": 78.98, ""valuation_score"": 50.0, ""risk_penalty"": 14.25, ""live_score"": 42.14, ""final_score"": 42.14, ""confidence_score"": 64.71, ""live_rank"": 93.0, ""live_score_source"": ""final_score""}}",93,2026-04-09 11:17:11,
2026-04-08,267250,0.2490646872711692,0.1475281461609534,-0.2258185408676357,-0.2552621334987966,0.0955671157538363,0.0771200612345548,0.0,251000.0,50.25125628140703,3,0.4,75.0,0.0401633675485351,0.0394510147328628,137006.05,150429.0,-0.0971223021582733,-0.0169391951434446,48.327567580527926,1.097973410663252,243500.0,255325.0,255075.0,0.0161943319838056,-0.0528301886792452,HD현대,KOSPI,조선,,,조선,18.1875,0.3590492552530461,18.1875,18.1875,18.1875,0.3,,6.5302083299147755,True,False,2026-04-08,5872.34,5523.437,0.0407581147205317,-8114.961149999988,neutral,"met_conditions=close_gt_ma20,ma20_gt_ma60,recent_20d_return_gt_0.03; true_count=3; breadth_20d=0.527; recent_20d_return=0.0468; ma60=5370.97; volatility_risk_flag=True",-0.0169391951434446,35.0,36.95812807881774,0.0161943319838056,-0.0528301886792452,-0.0971223021582733,76.65513516105585,47.73521236169253,0.0401633675485351,0.0394510147328628,67.98029556650246,137006.05,150429.0,30.213464696223316,19.21182266009852,0.9,41.330557411174524,feature_v1,83.2512315270936,0.8325123152709359,0.8325123152709359,61.083743842364534,0.6108374384236454,0.6108374384236454,76.60098522167486,76.60098522167486,74.38423645320196,False,9.556711575383629,0.33004926108374383,33.004926108374384,50.25125628140703,50.505050505050505,0.8375,0.78,32.99242424242424,32.99242424242424,40.39408866995074,23.645320197044335,67.98029556650246,19.21182266009852,50.0,76.60098522167486,33.004926108374384,41.330557411174524,ranking_builder_v8_return_prob_tech_regime,False,False,False,False,False,False,False,False,False,False,False,False,0,10.511517350412007,0.23759597792010007,neutral_service_balanced,0.24,0.24,0.32,0.32,0.26,0.26,0.18,0.18,0.65,0.0,0.0,42.11907992366374,42.11907992366374,1.0,False,False,1.0,False,42.11907992366374,94,v2,0.0,best_weight_by_regime,neutral,0.0,1.0,42.11907992366374,42.11907992366374,0.0,42.11907992366374,0.0,0.0,,,,,,,,,,,,,,,,,False,False,,,,,False,,,,,0.0,False,42.11907992366374,70,94,final_score,42.11907992366374,94,94,9.919333778681885,24.512315270935957,8.58128078817734,5.9386363636363635,0.0,0.0,0.0,0.0,-6.832486277767805,24.512315270935957,8.58128078817734,9.919333778681885,5.9386363636363635,0.0,0.0,0.0,-6.832486277767805,48.95156620143155,Primary prediction score,24.512315270935957,Risk penalty,-6.832486277767805,"요약: live_score 42.1 | live_score_source=final_score | regime=neutral | dominant_driver=ret (Primary prediction score 24.5) | top_positive_factor=Primary prediction score (24.5) | top_negative_factor=Risk penalty (-6.8)
핵심 driver: Primary prediction score (ret_score) contribution 24.5, score 76.6; Tech flow score (tech_score) contribution 9.9, score 41.3; Top-bucket probability score (prob_score) contribution 8.6, score 33.0
리스크 요인: top_negative_factor=Risk penalty (-6.8); risk_penalty 10.5
운영 상태: theme_overlay: disabled (operational config); confidence: 모델 메타 점수 (calibration 미완), score=NA, label=Experimental, live_score 비반영, research/reference 용도","{""base_score"": 42.1, ""theme_weight"": 0.0, ""weight_source"": ""best_weight_by_regime"", ""regime_applied"": ""neutral"", ""theme"": {""name"": ""조선"", ""confidence"": 0.36, ""contribution"": 0.0}}",confidence_four_axis_v1,1.0,91.25,95.5,40.66743170622481,47.9066792554936,73.37785981488024,62.34830853358864,62.34830853358864,Medium,Medium,Medium,Medium,core signals disagree; current regime fit is weak,"Confidence score is 62.3 (Medium). data_maturity_score=91.2, model_reliability_score=95.5, signal_agreement_score=40.7, regime_fitness_score=47.9. Reason: core signals disagree; current regime fit is weak.",60일 기대수익 상위권와 변동성 관리 양호이 추천 점수를 견인했습니다. 거래 유동성 부족 요인은 함께 점검이 필요합니다.,60일 기대수익 상위권 / 변동성 관리 양호,거래 유동성 부족 / 최근 변동성 확대 주의,신뢰도 Medium: core signals disagree; current regime fit is weak,현재 neutral 체계로 균형형 가중치가 적용됐습니다.,high_ret_score,strong_safety_profile,,low_liquidity_score,elevated_risk_penalty,60일 기대수익 상위권,변동성 관리 양호,,거래 유동성 부족,최근 변동성 확대 주의,추가 확인 후 판단,"{""drivers"": [""high_ret_score"", ""strong_safety_profile""], ""driver_texts"": [""60일 기대수익 상위권"", ""변동성 관리 양호""], ""drags"": [""low_liquidity_score"", ""elevated_risk_penalty""], ""drag_texts"": [""거래 유동성 부족"", ""최근 변동성 확대 주의""], ""confidence_label"": ""Medium"", ""confidence_reason"": ""core signals disagree; current regime fit is weak"", ""regime"": ""neutral"", ""weight_profile"": ""neutral_service_balanced"", ""regime_reason"": ""met_conditions=close_gt_ma20,ma20_gt_ma60,recent_20d_return_gt_0.03; true_count=3; breadth_20d=0.527; recent_20d_return=0.0468; ma60=5370.97; volatility_risk_flag=True"", ""action_note"": ""추가 확인 후 판단"", ""component_snapshot"": {""ret_score"": 76.6, ""prob_score"": 33.0, ""qual_score"": 32.99, ""tech_score"": 41.33, ""valuation_score"": 50.0, ""risk_penalty"": 10.51, ""live_score"": 42.12, ""final_score"": 42.12, ""confidence_score"": 62.35, ""live_rank"": 94.0, ""live_score_source"": ""final_score""}}",94,2026-04-09 11:17:11,
2026-04-08,237690,-0.0054928307585472,0.0490959645135009,-0.3389381940444683,-0.3718109354061338,0.1616782356979078,0.1348468448093245,0.0,140000.0,88.94472361809045,5,0.0,100.0,0.0389373095867099,0.0475082967273316,136155.7,121828.0,-0.118942731277533,-0.0638895389655979,44.274388517354346,0.89476973788097,139020.0,149555.0,146253.33333333334,-0.0837696335078533,-0.122257053291536,에스티팜,KOSDAQ,바이오/제약,,,바이오,22.265625,0.4333811131386861,22.265625,22.265625,22.265625,0.3,,9.649501347228558,True,False,2026-04-08,5872.34,5523.437,0.0407581147205317,-8114.961149999988,neutral,"met_conditions=close_gt_ma20,ma20_gt_ma60,recent_20d_return_gt_0.03; true_count=3; breadth_20d=0.527; recent_20d_return=0.0468; ma60=5370.97; volatility_risk_flag=True",-0.0638895389655979,35.0,26.366995073891626,-0.0837696335078533,-0.122257053291536,-0.118942731277533,68.54877703470869,27.728327263603283,0.0389373095867099,0.0475082967273316,63.54679802955665,136155.7,121828.0,18.88341543513957,18.226600985221676,0.9,29.84119648704981,feature_v1,39.90147783251231,0.39901477832512317,0.39901477832512317,48.275862068965516,0.4827586206896552,0.4827586206896552,42.41379310344828,42.41379310344828,43.251231527093594,False,16.16782356979078,0.6502463054187192,65.02463054187191,88.94472361809045,88.88888888888889,1.0,1.0,88.88888888888889,88.88888888888889,33.497536945812804,39.40886699507389,63.54679802955665,18.226600985221676,50.0,42.41379310344828,65.02463054187191,29.84119648704981,ranking_builder_v8_return_prob_tech_regime,False,False,False,False,False,False,False,False,False,False,False,False,0,18.0,0.35208729058913446,neutral_service_balanced,0.24,0.24,0.32,0.32,0.26,0.26,0.18,0.18,0.65,0.0,0.0,41.9407048908821,41.9407048908821,1.0,False,False,1.0,False,41.9407048908821,95,v2,0.0,best_weight_by_regime,neutral,0.0,1.0,41.9407048908821,41.9407048908821,0.0,41.9407048908821,0.0,0.0,,,,,,,,,,,,,,,,,False,False,,,,,False,,,,,4.0,True,37.9407048908821,96,95,final_score,41.9407048908821,95,95,7.161887156891955,13.572413793103449,16.906403940886698,15.999999999999998,0.0,0.0,0.0,0.0,-11.700000000000001,13.572413793103449,16.906403940886698,7.161887156891955,15.999999999999998,0.0,0.0,0.0,-11.700000000000001,53.640704890882105,Top-bucket probability score,16.906403940886698,Risk penalty,-11.700000000000001,"요약: live_score 41.9 | live_score_source=final_score | regime=neutral | dominant_driver=prob (Top-bucket probability score 16.9) | top_positive_factor=Top-bucket probability score (16.9) | top_negative_factor=Risk penalty (-11.7)
핵심 driver: Top-bucket probability score (prob_score) contribution 16.9, score 65.0; Financial quality score (qual_score) contribution 16.0, score 88.9; Primary prediction score (ret_score) contribution 13.6, score 42.4
리스크 요인: top_negative_factor=Risk penalty (-11.7); risk_penalty 18.0
운영 상태: theme_overlay: disabled (operational config); confidence: 모델 메타 점수 (calibration 미완), score=NA, label=Experimental, live_score 비반영, research/reference 용도","{""base_score"": 41.9, ""theme_weight"": 0.0, ""weight_source"": ""best_weight_by_regime"", ""regime_applied"": ""neutral"", ""theme"": {""name"": ""바이오"", ""confidence"": 0.43, ""contribution"": 0.0}}",confidence_four_axis_v1,1.0,100.0,95.5,53.53569227944828,47.67223491864696,79.18475830765911,70.9487238955087,70.9487238955087,Medium,High,High,High,core signals disagree; current regime fit is weak,"Confidence score is 70.9 (High). data_maturity_score=100.0, model_reliability_score=95.5, signal_agreement_score=53.5, regime_fitness_score=47.7. Reason: core signals disagree; current regime fit is weak.",재무 품질 양호와 상위권 진입 확률 우수이 추천 점수를 견인했습니다. 거래 유동성 부족 요인은 함께 점검이 필요합니다.,재무 품질 양호 / 상위권 진입 확률 우수,거래 유동성 부족 / 예상 손실 폭 부담 큼,신뢰도 High: core signals disagree; current regime fit is weak,현재 neutral 체계로 균형형 가중치가 적용됐습니다.,strong_quality_profile,high_probability_score,,low_liquidity_score,very_high_risk_penalty,재무 품질 양호,상위권 진입 확률 우수,,거래 유동성 부족,예상 손실 폭 부담 큼,추가 확인 후 판단,"{""drivers"": [""strong_quality_profile"", ""high_probability_score""], ""driver_texts"": [""재무 품질 양호"", ""상위권 진입 확률 우수""], ""drags"": [""low_liquidity_score"", ""very_high_risk_penalty""], ""drag_texts"": [""거래 유동성 부족"", ""예상 손실 폭 부담 큼""], ""confidence_label"": ""High"", ""confidence_reason"": ""core signals disagree; current regime fit is weak"", ""regime"": ""neutral"", ""weight_profile"": ""neutral_service_balanced"", ""regime_reason"": ""met_conditions=close_gt_ma20,ma20_gt_ma60,recent_20d_return_gt_0.03; true_count=3; breadth_20d=0.527; recent_20d_return=0.0468; ma60=5370.97; volatility_risk_flag=True"", ""action_note"": ""추가 확인 후 판단"", ""component_snapshot"": {""ret_score"": 42.41, ""prob_score"": 65.02, ""qual_score"": 88.89, ""tech_score"": 29.84, ""valuation_score"": 50.0, ""risk_penalty"": 18.0, ""live_score"": 41.94, ""final_score"": 41.94, ""confidence_score"": 70.95, ""live_rank"": 95.0, ""live_score_source"": ""final_score""}}",95,2026-04-09 11:17:11,
2026-04-08,388720,0.4372452835558931,0.1677929250745726,-0.2200203473696692,-0.188021338168368,0.1344381012208995,0.2464364254614459,0.0,87500.0,7.537688442211055,5,0.0,100.0,0.042529779541418,0.0665940950404136,57110.9,51701.0,-0.1913123844731977,-0.0784623486045287,41.18634096755464,0.90527377435831,84580.0,94950.0,107303.33333333331,-0.032079646017699,-0.1206030150753768,유일로보틱스,KOSDAQ,기계/중공업·방산,,,,0.0,0.0,,0.0,,0.3,mapping_missing,0.0,False,False,2026-04-08,5872.34,5523.437,0.0407581147205317,-8114.961149999988,neutral,"met_conditions=close_gt_ma20,ma20_gt_ma60,recent_20d_return_gt_0.03; true_count=3; breadth_20d=0.527; recent_20d_return=0.0468; ma60=5370.97; volatility_risk_flag=True",-0.0784623486045287,15.0,14.889162561576356,-0.032079646017699,-0.1206030150753768,-0.1913123844731977,62.372681935109284,27.785288710378307,0.042529779541418,0.0665940950404136,36.45320197044335,57110.9,51716.04,11.330049261083744,5.41871921182266,0.72,16.690858272256712,feature_v1,92.11822660098522,0.9211822660098522,0.9211822660098522,65.51724137931035,0.6551724137931034,0.6551724137931034,84.13793103448275,84.13793103448275,81.47783251231527,False,13.44381012208995,0.5369458128078818,53.69458128078818,7.537688442211055,7.575757575757576,1.0,1.0,7.575757575757576,7.575757575757576,45.812807881773395,81.2807881773399,36.45320197044335,5.41871921182266,50.0,84.13793103448275,53.69458128078818,16.690858272256712,ranking_builder_v8_return_prob_tech_regime,False,False,False,False,False,False,False,False,False,False,False,False,0,6.866489242697845,0.20722074368914872,neutral_service_balanced,0.24,0.24,0.32,0.32,0.26,0.26,0.18,0.18,0.65,0.0,0.0,41.79095340526378,41.79095340526378,1.0,False,False,1.0,False,41.79095340526378,96,v2,0.0,best_weight_by_regime,neutral,0.0,1.0,41.79095340526378,41.79095340526378,0.0,41.79095340526378,0.0,0.0,,,,,,,,,,,,,,,,,False,False,,,,,False,,,,,6.0,True,35.79095340526378,105,96,final_score,41.79095340526378,96,96,4.005805985341611,26.92413793103448,13.960591133004927,1.3636363636363638,0.0,0.0,0.0,0.0,-4.4632180077536,26.92413793103448,13.960591133004927,4.005805985341611,1.3636363636363638,0.0,0.0,0.0,-4.4632180077536,46.25417141301738,Primary prediction score,26.92413793103448,Risk penalty,-4.4632180077536,"요약: live_score 41.8 | live_score_source=final_score | regime=neutral | dominant_driver=ret (Primary prediction score 26.9) | top_positive_factor=Primary prediction score (26.9) | top_negative_factor=Risk penalty (-4.5)
핵심 driver: Primary prediction score (ret_score) contribution 26.9, score 84.1; Top-bucket probability score (prob_score) contribution 14.0, score 53.7; Tech flow score (tech_score) contribution 4.0, score 16.7
리스크 요인: top_negative_factor=Risk penalty (-4.5); risk_penalty 6.9
운영 상태: theme_overlay: disabled (operational config); confidence: 모델 메타 점수 (calibration 미완), score=NA, label=Experimental, live_score 비반영, research/reference 용도","{""base_score"": 41.8, ""theme_weight"": 0.0, ""weight_source"": ""best_weight_by_regime"", ""regime_applied"": ""neutral"", ""theme"": {""name"": ""(none)"", ""confidence"": 0.0, ""contribution"": 0.0}}",confidence_four_axis_v1,1.0,100.0,92.8,30.781347962382448,48.41795356848499,72.79803002586836,61.99612989864998,61.99612989864998,Medium,Medium,Medium,Medium,core signals disagree; current regime fit is weak,"Confidence score is 62.0 (Medium). data_maturity_score=100.0, model_reliability_score=92.8, signal_agreement_score=30.8, regime_fitness_score=48.4. Reason: core signals disagree; current regime fit is weak.",60일 기대수익 상위권이 추천 점수를 견인했습니다. 거래 유동성 부족 요인은 함께 점검이 필요합니다.,60일 기대수익 상위권,거래 유동성 부족 / 재무 품질 보완 필요,신뢰도 Medium: core signals disagree; current regime fit is weak,현재 neutral 체계로 균형형 가중치가 적용됐습니다.,high_ret_score,,,low_liquidity_score,weak_quality_score,60일 기대수익 상위권,,,거래 유동성 부족,재무 품질 보완 필요,추가 확인 후 판단,"{""drivers"": [""high_ret_score""], ""driver_texts"": [""60일 기대수익 상위권""], ""drags"": [""low_liquidity_score"", ""weak_quality_score""], ""drag_texts"": [""거래 유동성 부족"", ""재무 품질 보완 필요""], ""confidence_label"": ""Medium"", ""confidence_reason"": ""core signals disagree; current regime fit is weak"", ""regime"": ""neutral"", ""weight_profile"": ""neutral_service_balanced"", ""regime_reason"": ""met_conditions=close_gt_ma20,ma20_gt_ma60,recent_20d_return_gt_0.03; true_count=3; breadth_20d=0.527; recent_20d_return=0.0468; ma60=5370.97; volatility_risk_flag=True"", ""action_note"": ""추가 확인 후 판단"", ""component_snapshot"": {""ret_score"": 84.14, ""prob_score"": 53.69, ""qual_score"": 7.58, ""tech_score"": 16.69, ""valuation_score"": 50.0, ""risk_penalty"": 6.87, ""live_score"": 41.79, ""final_score"": 41.79, ""confidence_score"": 62.0, ""live_rank"": 96.0, ""live_score_source"": ""final_score""}}",96,2026-04-09 11:17:11,
2026-04-08,078930,0.0227822970523263,-0.0478883442239435,-0.2546278605028895,-0.2893268600586716,0.127865792275549,0.0560448830885195,0.0,68600.0,51.256281407035175,5,0.0,100.0,0.0389226339726048,0.0363549588108251,250758.1,291249.0,0.0521472392638036,0.0408132301623425,54.20846771148464,1.1614739464049215,64980.0,65910.0,66000.0,0.0208333333333332,-0.0227920227920227,GS,KOSPI,소비재/유통,,,,0.0,0.0,,0.0,,0.3,mapping_missing,0.0,False,False,2026-04-08,5872.34,5523.437,0.0407581147205317,-8114.961149999988,neutral,"met_conditions=close_gt_ma20,ma20_gt_ma60,recent_20d_return_gt_0.03; true_count=3; breadth_20d=0.527; recent_20d_return=0.0468; ma60=5370.97; volatility_risk_flag=True",0.0408132301623425,55.0,63.460591133004925,0.0208333333333332,-0.0227920227920227,0.0521472392638036,88.41693542296927,69.64117966855021,0.0389226339726048,0.0363549588108251,74.38423645320196,250758.1,291249.0,46.30541871921182,36.45320197044335,1.0,65.23525032241622,feature_v1,45.812807881773395,0.458128078817734,0.458128078817734,31.03448275862069,0.3103448275862069,0.3103448275862069,41.37931034482759,41.37931034482759,39.90147783251231,False,12.7865792275549,0.4827586206896552,48.275862068965516,51.256281407035175,51.515151515151516,1.0,1.0,51.515151515151516,51.515151515151516,33.004926108374384,18.226600985221676,74.38423645320196,36.45320197044335,50.0,41.37931034482759,48.275862068965516,65.23525032241622,ranking_builder_v8_return_prob_tech_regime,False,False,False,False,False,False,False,False,False,False,False,False,0,14.22089523902428,0.26850746032520234,neutral_service_balanced,0.24,0.24,0.32,0.32,0.26,0.26,0.18,0.18,0.65,0.0,0.0,41.47870889301724,41.47870889301724,1.0,False,False,1.0,False,41.47870889301724,97,v2,0.0,best_weight_by_regime,neutral,0.0,1.0,41.47870889301724,41.47870889301724,0.0,41.47870889301724,0.0,0.0,,,,,,,,,,,,,,,,,False,False,,,,,False,,,,,4.0,True,37.47870889301724,97,97,final_score,41.47870889301724,97,97,15.656460077379892,13.241379310344827,12.551724137931034,9.272727272727272,0.0,0.0,0.0,0.0,-9.243581905365783,13.241379310344827,12.551724137931034,15.656460077379892,9.272727272727272,0.0,0.0,0.0,-9.243581905365783,50.72229079838303,Tech flow score,15.656460077379892,Risk penalty,-9.243581905365783,"요약: live_score 41.5 | live_score_source=final_score | regime=neutral | dominant_driver=tech (Tech flow score 15.7) | top_positive_factor=Tech flow score (15.7) | top_negative_factor=Risk penalty (-9.2)
핵심 driver: Tech flow score (tech_score) contribution 15.7, score 65.2; Primary prediction score (ret_score) contribution 13.2, score 41.4; Top-bucket probability score (prob_score) contribution 12.6, score 48.3
리스크 요인: top_negative_factor=Risk penalty (-9.2); risk_penalty 14.2
운영 상태: theme_overlay: disabled (operational config); confidence: 모델 메타 점수 (calibration 미완), score=NA, label=Experimental, live_score 비반영, research/reference 용도","{""base_score"": 41.5, ""theme_weight"": 0.0, ""weight_source"": ""best_weight_by_regime"", ""regime_applied"": ""neutral"", ""theme"": {""name"": ""(none)"", ""confidence"": 0.0, ""contribution"": 0.0}}",confidence_four_axis_v1,1.0,100.0,97.0,59.093218006723404,46.98129127399475,80.92049819278006,73.03354545748832,73.03354545748832,High,High,High,High,current regime fit is weak,"Confidence score is 73.0 (High). data_maturity_score=100.0, model_reliability_score=97.0, signal_agreement_score=59.1, regime_fitness_score=47.0. Reason: current regime fit is weak.",추세 구조 양호와 변동성 관리 양호이 추천 점수를 견인했습니다. 예상 손실 폭 부담 큼 요인은 함께 점검이 필요합니다.,추세 구조 양호 / 변동성 관리 양호,예상 손실 폭 부담 큼 / 거래 유동성 부족,신뢰도 High: current regime fit is weak,현재 neutral 체계로 균형형 가중치가 적용됐습니다.,high_tech_score,strong_safety_profile,,very_high_risk_penalty,low_liquidity_score,추세 구조 양호,변동성 관리 양호,,예상 손실 폭 부담 큼,거래 유동성 부족,보수적 접근 권장,"{""drivers"": [""high_tech_score"", ""strong_safety_profile""], ""driver_texts"": [""추세 구조 양호"", ""변동성 관리 양호""], ""drags"": [""very_high_risk_penalty"", ""low_liquidity_score""], ""drag_texts"": [""예상 손실 폭 부담 큼"", ""거래 유동성 부족""], ""confidence_label"": ""High"", ""confidence_reason"": ""current regime fit is weak"", ""regime"": ""neutral"", ""weight_profile"": ""neutral_service_balanced"", ""regime_reason"": ""met_conditions=close_gt_ma20,ma20_gt_ma60,recent_20d_return_gt_0.03; true_count=3; breadth_20d=0.527; recent_20d_return=0.0468; ma60=5370.97; volatility_risk_flag=True"", ""action_note"": ""보수적 접근 권장"", ""component_snapshot"": {""ret_score"": 41.38, ""prob_score"": 48.28, ""qual_score"": 51.52, ""tech_score"": 65.24, ""valuation_score"": 50.0, ""risk_penalty"": 14.22, ""live_score"": 41.48, ""final_score"": 41.48, ""confidence_score"": 73.03, ""live_rank"": 97.0, ""live_score_source"": ""final_score""}}",97,2026-04-09 11:17:11,
2026-04-08,007390,-0.0229889187368486,0.2494602291633267,-0.2911160899553692,-0.3416650508438401,0.2741991058878703,0.3810393206379503,0.0,18200.0,9.547738693467336,5,0.0,100.0,0.0446414123232778,0.0381678368055379,476636.2,460887.0,-0.025695931477516,0.0167029774872911,47.73794531534359,0.966957608339442,17376.0,17901.0,20503.5,0.0196078431372548,-0.0054644808743169,네이처셀,KOSDAQ,바이오/제약,,,바이오,21.09375,0.4208811131386861,21.09375,21.09375,21.09375,0.3,,8.87796098026916,True,False,2026-04-08,5872.34,5523.437,0.0407581147205317,-8114.961149999988,neutral,"met_conditions=close_gt_ma20,ma20_gt_ma60,recent_20d_return_gt_0.03; true_count=3; breadth_20d=0.527; recent_20d_return=0.0468; ma60=5370.97; volatility_risk_flag=True",0.0167029774872911,55.0,56.810344827586206,0.0196078431372548,-0.0054644808743169,-0.025695931477516,75.47589063068718,61.72611551481465,0.0446414123232778,0.0381678368055379,63.05418719211822,476636.2,460887.0,49.75369458128079,57.635467980295566,1.0,58.72113550407675,feature_v1,33.004926108374384,0.33004926108374383,0.33004926108374383,75.86206896551724,0.7586206896551724,0.7586206896551724,45.86206896551723,45.86206896551723,50.14778325123153,False,27.419910588787026,0.8719211822660099,87.192118226601,9.547738693467336,9.595959595959595,1.0,1.0,9.595959595959595,9.595959595959595,52.21674876847291,21.67487684729064,63.05418719211822,57.635467980295566,50.0,45.86206896551723,87.192118226601,58.72113550407675,ranking_builder_v8_return_prob_tech_regime,False,False,False,False,False,False,False,False,False,False,False,False,0,18.0,0.31133567431075754,neutral_service_balanced,0.24,0.24,0.32,0.32,0.26,0.26,0.18,0.18,0.65,0.0,0.0,41.46615805613291,41.46615805613291,1.0,False,False,1.0,False,41.46615805613291,98,v2,0.0,best_weight_by_regime,neutral,0.0,1.0,41.46615805613291,41.46615805613291,0.0,41.46615805613291,0.0,0.0,,,,,,,,,,,,,,,,,False,False,,,,,False,,,,,10.0,True,31.46615805613291,123,98,final_score,41.46615805613291,98,98,14.093072520978419,14.675862068965515,22.66995073891626,1.727272727272727,0.0,0.0,0.0,0.0,-11.700000000000001,14.675862068965515,22.66995073891626,14.093072520978419,1.727272727272727,0.0,0.0,0.0,-11.700000000000001,53.16615805613292,Top-bucket probability score,22.66995073891626,Risk penalty,-11.700000000000001,"요약: live_score 41.5 | live_score_source=final_score | regime=neutral | dominant_driver=prob (Top-bucket probability score 22.7) | top_positive_factor=Top-bucket probability score (22.7) | top_negative_factor=Risk penalty (-11.7)
핵심 driver: Top-bucket probability score (prob_score) contribution 22.7, score 87.2; Primary prediction score (ret_score) contribution 14.7, score 45.9; Tech flow score (tech_score) contribution 14.1, score 58.7
리스크 요인: top_negative_factor=Risk penalty (-11.7); risk_penalty 18.0
운영 상태: theme_overlay: disabled (operational config); confidence: 모델 메타 점수 (calibration 미완), score=NA, label=Experimental, live_score 비반영, research/reference 용도","{""base_score"": 41.5, ""theme_weight"": 0.0, ""weight_source"": ""best_weight_by_regime"", ""regime_applied"": ""neutral"", ""theme"": {""name"": ""바이오"", ""confidence"": 0.42, ""contribution"": 0.0}}",confidence_four_axis_v1,1.0,100.0,97.0,36.721152410807576,47.04706832089795,75.33734835083658,64.09787462850262,64.09787462850262,Medium,Medium,Medium,Medium,core signals disagree; current regime fit is weak,"Confidence score is 64.1 (Medium). data_maturity_score=100.0, model_reliability_score=97.0, signal_agreement_score=36.7, regime_fitness_score=47.0. Reason: core signals disagree; current regime fit is weak.",상위권 진입 확률 우수이 추천 점수를 견인했습니다. 재무 품질 보완 필요 요인은 함께 점검이 필요합니다.,상위권 진입 확률 우수,재무 품질 보완 필요 / 예상 손실 폭 부담 큼,신뢰도 Medium: core signals disagree; current regime fit is weak,현재 neutral 체계로 균형형 가중치가 적용됐습니다.,high_probability_score,,,weak_quality_score,very_high_risk_penalty,상위권 진입 확률 우수,,,재무 품질 보완 필요,예상 손실 폭 부담 큼,추가 확인 후 판단,"{""drivers"": [""high_probability_score""], ""driver_texts"": [""상위권 진입 확률 우수""], ""drags"": [""weak_quality_score"", ""very_high_risk_penalty""], ""drag_texts"": [""재무 품질 보완 필요"", ""예상 손실 폭 부담 큼""], ""confidence_label"": ""Medium"", ""confidence_reason"": ""core signals disagree; current regime fit is weak"", ""regime"": ""neutral"", ""weight_profile"": ""neutral_service_balanced"", ""regime_reason"": ""met_conditions=close_gt_ma20,ma20_gt_ma60,recent_20d_return_gt_0.03; true_count=3; breadth_20d=0.527; recent_20d_return=0.0468; ma60=5370.97; volatility_risk_flag=True"", ""action_note"": ""추가 확인 후 판단"", ""component_snapshot"": {""ret_score"": 45.86, ""prob_score"": 87.19, ""qual_score"": 9.6, ""tech_score"": 58.72, ""valuation_score"": 50.0, ""risk_penalty"": 18.0, ""live_score"": 41.47, ""final_score"": 41.47, ""confidence_score"": 64.1, ""live_rank"": 98.0, ""live_score_source"": ""final_score""}}",98,2026-04-09 11:17:11,
2026-04-08,323410,-0.0497856499455721,-0.016258031895082,-0.2447941236095406,-0.2309152223216777,0.1328684559893878,0.0940817604870764,0.0,24850.0,68.34170854271356,3,0.4,75.0,0.0271922715053406,0.0361223347585119,768172.0,985979.0,0.022633744855967,0.0274963820549927,53.2480586349056,1.2835393635800316,23860.0,24185.0,24389.166666666668,0.0060728744939271,0.0122199592668024,카카오뱅크,KOSPI,인터넷/플랫폼·콘텐츠,,,Digital Finance Platform,72.875,0.6812376824817519,72.875,72.875,72.875,0.3,,49.64519611085767,True,False,2026-04-08,5872.34,5523.437,0.0407581147205317,-8114.961149999988,neutral,"met_conditions=close_gt_ma20,ma20_gt_ma60,recent_20d_return_gt_0.03; true_count=3; breadth_20d=0.527; recent_20d_return=0.0468; ma60=5370.97; volatility_risk_flag=True",0.0274963820549927,55.0,60.504926108374384,0.0060728744939271,0.0122199592668024,0.022633744855967,86.4961172698112,68.79151700218186,0.0271922715053406,0.0361223347585119,86.69950738916256,768172.0,985979.0,74.22003284072251,74.8768472906404,1.0,70.70141518721685,feature_v1,27.093596059113302,0.270935960591133,0.270935960591133,38.91625615763547,0.3891625615763547,0.3891625615763547,30.640394088669954,30.640394088669954,31.82266009852217,False,13.286845598938779,0.5221674876847291,52.21674876847291,68.34170854271356,68.68686868686868,0.8375,0.78,44.86969696969697,44.86969696969697,8.866995073891626,17.733990147783253,86.69950738916256,74.8768472906404,50.0,30.640394088669954,52.21674876847291,70.70141518721685,ranking_builder_v8_return_prob_tech_regime,False,False,False,False,False,False,False,False,False,False,False,False,0,10.709107571327454,0.23924256309439546,neutral_service_balanced,0.24,0.24,0.32,0.32,0.26,0.26,0.18,0.18,0.65,0.0,0.0,41.465245966291995,41.465245966291995,1.0,False,False,1.0,False,41.465245966291995,99,v2,0.0,best_weight_by_regime,neutral,0.0,1.0,41.465245966291995,41.465245966291995,0.0,41.465245966291995,0.0,0.0,,,,,,,,,,,,,,,,,False,False,,,,,False,,,,,0.0,False,41.465245966291995,71,99,final_score,41.465245966291995,99,99,16.968339644932044,9.804926108374385,13.576354679802957,8.076545454545453,0.0,0.0,0.0,0.0,-6.960919921362845,9.804926108374385,13.576354679802957,16.968339644932044,8.076545454545453,0.0,0.0,0.0,-6.960919921362845,48.42616588765484,Tech flow score,16.968339644932044,Risk penalty,-6.960919921362845,"요약: live_score 41.5 | live_score_source=final_score | regime=neutral | dominant_driver=tech (Tech flow score 17.0) | top_positive_factor=Tech flow score (17.0) | top_negative_factor=Risk penalty (-7.0)
핵심 driver: Tech flow score (tech_score) contribution 17.0, score 70.7; Top-bucket probability score (prob_score) contribution 13.6, score 52.2; Primary prediction score (ret_score) contribution 9.8, score 30.6
리스크 요인: top_negative_factor=Risk penalty (-7.0); risk_penalty 10.7
운영 상태: theme_overlay: disabled (operational config); confidence: 모델 메타 점수 (calibration 미완), score=NA, label=Experimental, live_score 비반영, research/reference 용도","{""base_score"": 41.5, ""theme_weight"": 0.0, ""weight_source"": ""best_weight_by_regime"", ""regime_applied"": ""neutral"", ""theme"": {""name"": ""Digital Finance Platform"", ""confidence"": 0.68, ""contribution"": 0.0}}",confidence_four_axis_v1,1.0,91.25,97.0,47.98169367043593,47.291359554304336,75.56412735075462,65.15094937903524,65.15094937903524,Medium,Medium,Medium,Medium,core signals disagree; current regime fit is weak,"Confidence score is 65.2 (Medium). data_maturity_score=91.2, model_reliability_score=97.0, signal_agreement_score=48.0, regime_fitness_score=47.3. Reason: core signals disagree; current regime fit is weak.",변동성 관리 양호와 추세 구조 양호이 추천 점수를 견인했습니다. 최근 변동성 확대 주의 요인은 함께 점검이 필요합니다.,변동성 관리 양호 / 추세 구조 양호 / 거래 유동성 양호,최근 변동성 확대 주의 / 기대수익 매력 낮음,신뢰도 Medium: core signals disagree; current regime fit is weak,현재 neutral 체계로 균형형 가중치가 적용됐습니다.,strong_safety_profile,high_tech_score,healthy_liquidity_profile,elevated_risk_penalty,weak_ret_score,변동성 관리 양호,추세 구조 양호,거래 유동성 양호,최근 변동성 확대 주의,기대수익 매력 낮음,추가 확인 후 판단,"{""drivers"": [""strong_safety_profile"", ""high_tech_score"", ""healthy_liquidity_profile""], ""driver_texts"": [""변동성 관리 양호"", ""추세 구조 양호"", ""거래 유동성 양호""], ""drags"": [""elevated_risk_penalty"", ""weak_ret_score""], ""drag_texts"": [""최근 변동성 확대 주의"", ""기대수익 매력 낮음""], ""confidence_label"": ""Medium"", ""confidence_reason"": ""core signals disagree; current regime fit is weak"", ""regime"": ""neutral"", ""weight_profile"": ""neutral_service_balanced"", ""regime_reason"": ""met_conditions=close_gt_ma20,ma20_gt_ma60,recent_20d_return_gt_0.03; true_count=3; breadth_20d=0.527; recent_20d_return=0.0468; ma60=5370.97; volatility_risk_flag=True"", ""action_note"": ""추가 확인 후 판단"", ""component_snapshot"": {""ret_score"": 30.64, ""prob_score"": 52.22, ""qual_score"": 44.87, ""tech_score"": 70.7, ""valuation_score"": 50.0, ""risk_penalty"": 10.71, ""live_score"": 41.47, ""final_score"": 41.47, ""confidence_score"": 65.15, ""live_rank"": 99.0, ""live_score_source"": ""final_score""}}",99,2026-04-09 11:17:11,
2026-04-08,475830,0.3038176346734063,0.2495550595864248,-0.2035731431162879,-0.3404717266596082,0.1682046162713802,0.1294887749037788,0.0,78700.0,20.603015075376884,3,0.4,75.0,0.0657169053832931,0.0714431018470823,311438.05,238133.0,-0.3436196830692243,-0.2592592592592593,33.85360888099663,0.7646239757794528,78160.0,106245.0,113896.66666666669,-0.0901734104046242,-0.2979482604817127,오름테라퓨틱,KOSDAQ,제약,,,,0.0,0.0,,0.0,,0.3,mapping_missing,0.0,False,False,2026-04-08,5872.34,5523.437,0.0407581147205317,-8114.961149999988,neutral,"met_conditions=close_gt_ma20,ma20_gt_ma60,recent_20d_return_gt_0.03; true_count=3; breadth_20d=0.527; recent_20d_return=0.0468; ma60=5370.97; volatility_risk_flag=True",-0.2168131436643742,15.0,7.9926108374384235,-0.0901734104046242,-0.2776174368296374,-0.3436196830692243,47.70721776199326,15.498233011926887,0.0657169053832931,0.0714431018470823,9.85221674876847,311438.05,238133.0,32.512315270935964,44.33497536945813,1.0,14.669455445800025,feature_v1,86.20689655172413,0.8620689655172413,0.8620689655172413,76.35467980295566,0.7635467980295566,0.7635467980295566,83.25123152709358,83.25123152709358,82.26600985221674,False,16.82046162713802,0.6650246305418719,66.50246305418719,20.603015075376884,20.707070707070706,0.8375,0.78,13.52689393939394,13.52689393939394,90.14778325123153,90.14778325123153,9.85221674876847,44.33497536945813,50.0,83.25123152709358,66.50246305418719,14.669455445800025,ranking_builder_v8_return_prob_tech_regime,False,False,False,False,False,False,False,False,False,False,False,False,0,12.999909184033921,0.258332576533616,neutral_service_balanced,0.24,0.24,0.32,0.32,0.26,0.26,0.18,0.18,0.65,0.0,0.0,41.436603729219485,41.436603729219485,1.0,False,False,1.0,False,41.436603729219485,100,v2,0.0,best_weight_by_regime,neutral,0.0,1.0,41.436603729219485,41.436603729219485,0.0,41.436603729219485,0.0,0.0,,,,,,,,,,,,,,,,,False,False,,,,,False,,,,,10.0,True,31.436603729219485,124,100,final_score,41.436603729219485,100,100,3.520669306992006,26.640394088669947,17.29064039408867,2.434840909090909,0.0,0.0,0.0,0.0,-8.449940969622048,26.640394088669947,17.29064039408867,3.520669306992006,2.434840909090909,0.0,0.0,0.0,-8.449940969622048,49.88654469884153,Primary prediction score,26.640394088669947,Risk penalty,-8.449940969622048,"요약: live_score 41.4 | live_score_source=final_score | regime=neutral | dominant_driver=ret (Primary prediction score 26.6) | top_positive_factor=Primary prediction score (26.6) | top_negative_factor=Risk penalty (-8.4)
핵심 driver: Primary prediction score (ret_score) contribution 26.6, score 83.3; Top-bucket probability score (prob_score) contribution 17.3, score 66.5; Tech flow score (tech_score) contribution 3.5, score 14.7
리스크 요인: top_negative_factor=Risk penalty (-8.4); risk_penalty 13.0
운영 상태: theme_overlay: disabled (operational config); confidence: 모델 메타 점수 (calibration 미완), score=NA, label=Experimental, live_score 비반영, research/reference 용도","{""base_score"": 41.4, ""theme_weight"": 0.0, ""weight_source"": ""best_weight_by_regime"", ""regime_applied"": ""neutral"", ""theme"": {""name"": ""(none)"", ""confidence"": 0.0, ""contribution"": 0.0}}",confidence_four_axis_v1,1.0,91.25,97.0,44.08269872369011,47.70252395736489,74.65105327452726,63.67358428094902,63.67358428094902,Medium,Medium,Medium,Medium,core signals disagree; current regime fit is weak,"Confidence score is 63.7 (Medium). data_maturity_score=91.2, model_reliability_score=97.0, signal_agreement_score=44.1, regime_fitness_score=47.7. Reason: core signals disagree; current regime fit is weak.",60일 기대수익 상위권와 상위권 진입 확률 우수이 추천 점수를 견인했습니다. 방어력 약함 요인은 함께 점검이 필요합니다.,60일 기대수익 상위권 / 상위권 진입 확률 우수,방어력 약함 / 재무 품질 보완 필요,신뢰도 Medium: core signals disagree; current regime fit is weak,현재 neutral 체계로 균형형 가중치가 적용됐습니다.,high_ret_score,high_probability_score,,weak_safety_score,weak_quality_score,60일 기대수익 상위권,상위권 진입 확률 우수,,방어력 약함,재무 품질 보완 필요,추가 확인 후 판단,"{""drivers"": [""high_ret_score"", ""high_probability_score""], ""driver_texts"": [""60일 기대수익 상위권"", ""상위권 진입 확률 우수""], ""drags"": [""weak_safety_score"", ""weak_quality_score""], ""drag_texts"": [""방어력 약함"", ""재무 품질 보완 필요""], ""confidence_label"": ""Medium"", ""confidence_reason"": ""core signals disagree; current regime fit is weak"", ""regime"": ""neutral"", ""weight_profile"": ""neutral_service_balanced"", ""regime_reason"": ""met_conditions=close_gt_ma20,ma20_gt_ma60,recent_20d_return_gt_0.03; true_count=3; breadth_20d=0.527; recent_20d_return=0.0468; ma60=5370.97; volatility_risk_flag=True"", ""action_note"": ""추가 확인 후 판단"", ""component_snapshot"": {""ret_score"": 83.25, ""prob_score"": 66.5, ""qual_score"": 13.53, ""tech_score"": 14.67, ""valuation_score"": 50.0, ""risk_penalty"": 13.0, ""live_score"": 41.44, ""final_score"": 41.44, ""confidence_score"": 63.67, ""live_rank"": 100.0, ""live_score_source"": ""final_score""}}",100,2026-04-09 11:17:11,
2026-04-08,128940,-0.0595644505676129,0.2345499973386176,-0.2634905919399076,-0.2066622653354703,0.1288413034982145,0.1422437632361279,0.0,493500.0,82.91457286432161,5,0.0,100.0,0.0463898050701787,0.0499865509783838,89511.35,180967.0,0.0071428571428571,-0.0483995372155804,44.28634273310293,2.021721267749844,502500.0,518600.0,518816.6666666667,-0.1075949367088607,-0.0878003696857671,한미약품,KOSPI,제약,,,바이오,22.265625,0.4333811131386861,22.265625,22.265625,22.265625,0.3,,9.649501347228558,True,False,2026-04-08,5872.34,5523.437,0.0407581147205317,-8114.961149999988,neutral,"met_conditions=close_gt_ma20,ma20_gt_ma60,recent_20d_return_gt_0.03; true_count=3; breadth_20d=0.527; recent_20d_return=0.0468; ma60=5370.97; volatility_risk_flag=True",-0.0483995372155804,15.0,18.583743842364534,-0.1075949367088607,-0.0878003696857671,0.0071428571428571,68.57268546620585,39.55696446999974,0.0463898050701787,0.0499865509783838,48.27586206896552,89511.35,180967.0,44.00656814449918,10.344827586206897,0.9,32.108596517409524,feature_v1,23.645320197044335,0.23645320197044334,0.23645320197044334,74.38423645320196,0.7438423645320197,0.7438423645320197,38.866995073891616,38.866995073891616,43.94088669950739,False,12.884130349821449,0.4975369458128079,49.75369458128079,82.91457286432161,82.82828282828282,1.0,1.0,82.82828282828282,82.82828282828282,56.65024630541872,46.79802955665024,48.27586206896552,10.344827586206897,50.0,38.866995073891616,49.75369458128079,32.108596517409524,ranking_builder_v8_return_prob_tech_regime,False,False,False,False,False,False,False,False,False,False,False,False,0,10.891111355775921,0.2407592612981327,neutral_service_balanced,0.24,0.24,0.32,0.32,0.26,0.26,0.18,0.18,0.65,0.0,0.0,40.90933070679316,40.90933070679316,1.0,False,False,1.0,False,40.90933070679316,101,v2,0.0,best_weight_by_regime,neutral,0.0,1.0,40.90933070679316,40.90933070679316,0.0,40.90933070679316,0.0,0.0,,,,,,,,,,,,,,,,,False,False,,,,,False,,,,,0.0,False,40.90933070679316,76,101,final_score,40.90933070679316,101,101,7.7060631641782855,12.437438423645318,12.935960591133005,14.909090909090908,0.0,0.0,0.0,0.0,-7.079222381254349,12.437438423645318,12.935960591133005,7.7060631641782855,14.909090909090908,0.0,0.0,0.0,-7.079222381254349,47.98855308804752,Financial quality score,14.909090909090908,Risk penalty,-7.079222381254349,"요약: live_score 40.9 | live_score_source=final_score | regime=neutral | dominant_driver=prob (Top-bucket probability score 12.9) | top_positive_factor=Financial quality score (14.9) | top_negative_factor=Risk penalty (-7.1)
핵심 driver: Financial quality score (qual_score) contribution 14.9, score 82.8; Top-bucket probability score (prob_score) contribution 12.9, score 49.8; Primary prediction score (ret_score) contribution 12.4, score 38.9
리스크 요인: top_negative_factor=Risk penalty (-7.1); risk_penalty 10.9
운영 상태: theme_overlay: disabled (operational config); confidence: 모델 메타 점수 (calibration 미완), score=NA, label=Experimental, live_score 비반영, research/reference 용도","{""base_score"": 40.9, ""theme_weight"": 0.0, ""weight_source"": ""best_weight_by_regime"", ""regime_applied"": ""neutral"", ""theme"": {""name"": ""바이오"", ""confidence"": 0.43, ""contribution"": 0.0}}",confidence_four_axis_v1,1.0,100.0,95.5,44.784094106738,47.23714897235359,76.93159587253754,67.36106743716593,67.36106743716593,Medium,Medium,Medium,Medium,core signals disagree; current regime fit is weak,"Confidence score is 67.4 (Medium). data_maturity_score=100.0, model_reliability_score=95.5, signal_agreement_score=44.8, regime_fitness_score=47.2. Reason: core signals disagree; current regime fit is weak.",재무 품질 양호이 추천 점수를 견인했습니다. 거래 유동성 부족 요인은 함께 점검이 필요합니다.,재무 품질 양호,거래 유동성 부족 / 최근 변동성 확대 주의,신뢰도 Medium: core signals disagree; current regime fit is weak,현재 neutral 체계로 균형형 가중치가 적용됐습니다.,strong_quality_profile,,,low_liquidity_score,elevated_risk_penalty,재무 품질 양호,,,거래 유동성 부족,최근 변동성 확대 주의,추가 확인 후 판단,"{""drivers"": [""strong_quality_profile""], ""driver_texts"": [""재무 품질 양호""], ""drags"": [""low_liquidity_score"", ""elevated_risk_penalty""], ""drag_texts"": [""거래 유동성 부족"", ""최근 변동성 확대 주의""], ""confidence_label"": ""Medium"", ""confidence_reason"": ""core signals disagree; current regime fit is weak"", ""regime"": ""neutral"", ""weight_profile"": ""neutral_service_balanced"", ""regime_reason"": ""met_conditions=close_gt_ma20,ma20_gt_ma60,recent_20d_return_gt_0.03; true_count=3; breadth_20d=0.527; recent_20d_return=0.0468; ma60=5370.97; volatility_risk_flag=True"", ""action_note"": ""추가 확인 후 판단"", ""component_snapshot"": {""ret_score"": 38.87, ""prob_score"": 49.75, ""qual_score"": 82.83, ""tech_score"": 32.11, ""valuation_score"": 50.0, ""risk_penalty"": 10.89, ""live_score"": 40.91, ""final_score"": 40.91, ""confidence_score"": 67.36, ""live_rank"": 101.0, ""live_score_source"": ""final_score""}}",101,2026-04-09 11:17:11,
2026-04-08,058610,0.1043614448241836,-0.0260497287143139,-0.2492000059799591,-0.3561965005878161,0.2024901483189061,0.0968461455989679,0.0,113800.0,32.663316582914575,5,0.0,100.0,0.0414981813420036,0.072972692675992,260865.2,233164.0,-0.1326219512195121,-0.0105208242761498,48.23314310675567,0.8938102897588486,106960.0,115010.0,122853.33333333331,0.020627802690583,-0.0087108013937282,에스피지,KOSDAQ,전기제품,,,,0.0,0.0,,0.0,,0.3,mapping_missing,0.0,False,False,2026-04-08,5872.34,5523.437,0.0407581147205317,-8114.961149999988,neutral,"met_conditions=close_gt_ma20,ma20_gt_ma60,recent_20d_return_gt_0.03; true_count=3; breadth_20d=0.527; recent_20d_return=0.0468; ma60=5370.97; volatility_risk_flag=True",-0.0105208242761498,15.0,28.435960591133004,0.020627802690583,-0.0087108013937282,-0.1326219512195121,76.46628621351134,52.98356662726947,0.0414981813420036,0.072972692675992,32.51231527093596,260865.2,233164.0,32.84072249589491,38.91625615763547,1.0,38.50360792545564,feature_v1,64.03940886699507,0.6403940886699507,0.6403940886699507,35.960591133004925,0.35960591133004927,0.35960591133004927,55.61576354679802,55.61576354679802,52.80788177339902,False,20.249014831890612,0.729064039408867,72.9064039408867,32.663316582914575,32.82828282828283,1.0,1.0,32.82828282828283,32.82828282828283,42.364532019704434,92.61083743842364,32.51231527093596,38.91625615763547,50.0,55.61576354679802,72.9064039408867,38.50360792545564,ranking_builder_v8_return_prob_tech_regime,False,False,False,False,False,False,False,False,False,False,False,False,0,17.03983245877223,0.29199860382310194,neutral_service_balanced,0.24,0.24,0.32,0.32,0.26,0.26,0.18,0.18,0.65,0.0,0.0,40.82677507260423,40.82677507260423,1.0,False,False,1.0,False,40.82677507260423,102,v2,0.0,best_weight_by_regime,neutral,0.0,1.0,40.82677507260423,40.82677507260423,0.0,40.82677507260423,0.0,0.0,,,,,,,,,,,,,,,,,False,False,,,,,False,,,,,4.0,True,36.82677507260423,99,102,final_score,40.82677507260423,102,102,9.240865902109354,17.797044334975368,18.955665024630544,5.909090909090909,0.0,0.0,0.0,0.0,-11.07589109820195,17.797044334975368,18.955665024630544,9.240865902109354,5.909090909090909,0.0,0.0,0.0,-11.07589109820195,51.90266617080617,Top-bucket probability score,18.955665024630544,Risk penalty,-11.07589109820195,"요약: live_score 40.8 | live_score_source=final_score | regime=neutral | dominant_driver=prob (Top-bucket probability score 19.0) | top_positive_factor=Top-bucket probability score (19.0) | top_negative_factor=Risk penalty (-11.1)
핵심 driver: Top-bucket probability score (prob_score) contribution 19.0, score 72.9; Primary prediction score (ret_score) contribution 17.8, score 55.6; Tech flow score (tech_score) contribution 9.2, score 38.5
리스크 요인: top_negative_factor=Risk penalty (-11.1); risk_penalty 17.0
운영 상태: theme_overlay: disabled (operational config); confidence: 모델 메타 점수 (calibration 미완), score=NA, label=Experimental, live_score 비반영, research/reference 용도","{""base_score"": 40.8, ""theme_weight"": 0.0, ""weight_source"": ""best_weight_by_regime"", ""regime_applied"": ""neutral"", ""theme"": {""name"": ""(none)"", ""confidence"": 0.0, ""contribution"": 0.0}}",confidence_four_axis_v1,1.0,100.0,97.0,47.976563666218844,46.663309270684486,78.09363730715738,68.52328732062443,68.52328732062443,Medium,Medium,Medium,Medium,core signals disagree; current regime fit is weak,"Confidence score is 68.5 (Medium). data_maturity_score=100.0, model_reliability_score=97.0, signal_agreement_score=48.0, regime_fitness_score=46.7. Reason: core signals disagree; current regime fit is weak.",상위권 진입 확률 우수이 추천 점수를 견인했습니다. 예상 손실 폭 부담 큼 요인은 함께 점검이 필요합니다.,상위권 진입 확률 우수,예상 손실 폭 부담 큼 / 방어력 약함,신뢰도 Medium: core signals disagree; current regime fit is weak,현재 neutral 체계로 균형형 가중치가 적용됐습니다.,high_probability_score,,,very_high_risk_penalty,weak_safety_score,상위권 진입 확률 우수,,,예상 손실 폭 부담 큼,방어력 약함,보수적 접근 권장,"{""drivers"": [""high_probability_score""], ""driver_texts"": [""상위권 진입 확률 우수""], ""drags"": [""very_high_risk_penalty"", ""weak_safety_score""], ""drag_texts"": [""예상 손실 폭 부담 큼"", ""방어력 약함""], ""confidence_label"": ""Medium"", ""confidence_reason"": ""core signals disagree; current regime fit is weak"", ""regime"": ""neutral"", ""weight_profile"": ""neutral_service_balanced"", ""regime_reason"": ""met_conditions=close_gt_ma20,ma20_gt_ma60,recent_20d_return_gt_0.03; true_count=3; breadth_20d=0.527; recent_20d_return=0.0468; ma60=5370.97; volatility_risk_flag=True"", ""action_note"": ""보수적 접근 권장"", ""component_snapshot"": {""ret_score"": 55.62, ""prob_score"": 72.91, ""qual_score"": 32.83, ""tech_score"": 38.5, ""valuation_score"": 50.0, ""risk_penalty"": 17.04, ""live_score"": 40.83, ""final_score"": 40.83, ""confidence_score"": 68.52, ""live_rank"": 102.0, ""live_score_source"": ""final_score""}}",102,2026-04-09 11:17:11,
2026-04-08,064350,-0.0590940809794728,0.407460916810185,-0.3238965408113169,-0.346434979603207,0.1627421642692063,0.0373823401214991,0.0,206500.0,63.31658291457286,2,0.6,35.0,0.0464244633319727,0.0502787199728136,796653.15,845448.0,0.0172413793103447,0.0755768529610916,53.82792196625015,1.061249804886857,208000.0,191990.0,208530.0,0.09375,0.0828526481384372,현대로템,KOSPI,우주항공과국방,,,방산,59.23125,0.6540559936863457,59.23125,59.23125,59.23125,0.3,,38.740554076034364,True,False,2026-04-08,5872.34,5523.437,0.0407581147205317,-8114.961149999988,neutral,"met_conditions=close_gt_ma20,ma20_gt_ma60,recent_20d_return_gt_0.03; true_count=3; breadth_20d=0.527; recent_20d_return=0.0468; ma60=5370.97; volatility_risk_flag=True",0.0755768529610916,55.0,71.3423645320197,0.09375,0.0828526481384372,0.0172413793103447,87.6558439325003,84.47553733780488,0.0464244633319727,0.0502787199728136,47.783251231527096,796653.15,845448.0,64.86042692939243,75.86206896551724,1.0,70.2548617135519,feature_v1,24.137931034482758,0.2413793103448276,0.2413793103448276,87.68472906403942,0.8768472906403941,0.8768472906403941,43.20197044334975,43.20197044334975,49.55665024630542,False,16.274216426920628,0.6551724137931034,65.51724137931035,63.31658291457286,63.63636363636363,0.5774999999999999,0.6699999999999999,24.62249999999999,24.62249999999999,57.14285714285714,47.29064039408867,47.783251231527096,75.86206896551724,50.0,43.20197044334975,65.51724137931035,70.2548617135519,ranking_builder_v8_return_prob_tech_regime,False,False,False,False,False,False,False,False,False,False,False,False,0,18.0,0.33291191632807293,neutral_service_balanced,0.24,0.24,0.32,0.32,0.26,0.26,0.18,0.18,0.65,0.0,0.0,40.45233011174506,40.45233011174506,1.0,False,False,1.0,False,40.45233011174506,103,v2,0.0,best_weight_by_regime,neutral,0.0,1.0,40.45233011174506,40.45233011174506,0.0,40.45233011174506,0.0,0.0,,,,,,,,,,,,,,,,,False,False,,,,,False,,,,,4.0,True,36.45233011174506,100,103,final_score,40.45233011174506,103,103,16.861166811252456,13.82463054187192,17.03448275862069,4.4320499999999985,0.0,0.0,0.0,0.0,-11.700000000000001,13.82463054187192,17.03448275862069,16.861166811252456,4.4320499999999985,0.0,0.0,0.0,-11.700000000000001,52.152330111745066,Top-bucket probability score,17.03448275862069,Risk penalty,-11.700000000000001,"요약: live_score 40.5 | live_score_source=final_score | regime=neutral | dominant_driver=prob (Top-bucket probability score 17.0) | top_positive_factor=Top-bucket probability score (17.0) | top_negative_factor=Risk penalty (-11.7)
핵심 driver: Top-bucket probability score (prob_score) contribution 17.0, score 65.5; Tech flow score (tech_score) contribution 16.9, score 70.3; Primary prediction score (ret_score) contribution 13.8, score 43.2
리스크 요인: top_negative_factor=Risk penalty (-11.7); risk_penalty 18.0
운영 상태: theme_overlay: disabled (operational config); confidence: 모델 메타 점수 (calibration 미완), score=NA, label=Experimental, live_score 비반영, research/reference 용도","{""base_score"": 40.5, ""theme_weight"": 0.0, ""weight_source"": ""best_weight_by_regime"", ""regime_applied"": ""neutral"", ""theme"": {""name"": ""방산"", ""confidence"": 0.65, ""contribution"": 0.0}}",confidence_four_axis_v1,1.0,77.25,97.0,57.56029148593442,45.811261997882795,73.53676217116602,63.08636899395033,63.08636899395033,Medium,Medium,Medium,Medium,current regime fit is weak,"Confidence score is 63.1 (Medium). data_maturity_score=77.2, model_reliability_score=97.0, signal_agreement_score=57.6, regime_fitness_score=45.8. Reason: current regime fit is weak.",상위권 진입 확률 우수와 추세 구조 양호이 추천 점수를 견인했습니다. 재무 데이터 일부 부족 요인은 함께 점검이 필요합니다.,상위권 진입 확률 우수 / 추세 구조 양호 / 거래 유동성 양호,재무 데이터 일부 부족 / 예상 손실 폭 부담 큼,신뢰도 Medium: current regime fit is weak,현재 neutral 체계로 균형형 가중치가 적용됐습니다.,high_probability_score,high_tech_score,healthy_liquidity_profile,partial_quality_coverage,very_high_risk_penalty,상위권 진입 확률 우수,추세 구조 양호,거래 유동성 양호,재무 데이터 일부 부족,예상 손실 폭 부담 큼,추가 확인 후 판단,"{""drivers"": [""high_probability_score"", ""high_tech_score"", ""healthy_liquidity_profile""], ""driver_texts"": [""상위권 진입 확률 우수"", ""추세 구조 양호"", ""거래 유동성 양호""], ""drags"": [""partial_quality_coverage"", ""very_high_risk_penalty""], ""drag_texts"": [""재무 데이터 일부 부족"", ""예상 손실 폭 부담 큼""], ""confidence_label"": ""Medium"", ""confidence_reason"": ""current regime fit is weak"", ""regime"": ""neutral"", ""weight_profile"": ""neutral_service_balanced"", ""regime_reason"": ""met_conditions=close_gt_ma20,ma20_gt_ma60,recent_20d_return_gt_0.03; true_count=3; breadth_20d=0.527; recent_20d_return=0.0468; ma60=5370.97; volatility_risk_flag=True"", ""action_note"": ""추가 확인 후 판단"", ""component_snapshot"": {""ret_score"": 43.2, ""prob_score"": 65.52, ""qual_score"": 24.62, ""tech_score"": 70.25, ""valuation_score"": 50.0, ""risk_penalty"": 18.0, ""live_score"": 40.45, ""final_score"": 40.45, ""confidence_score"": 63.09, ""live_rank"": 103.0, ""live_score_source"": ""final_score""}}",103,2026-04-09 11:17:11,
2026-04-08,012450,-0.0069360253289838,-0.0329306908630842,-0.2675710839639236,-0.2145801938244037,0.020720809670943,0.0110427038413407,0.0,1484000.0,86.93467336683418,5,0.0,100.0,0.0390730450624291,0.0462352650550793,224292.75,287112.0,0.052482269503546,0.0655561140231204,58.80921159866638,1.2800770421692185,1467400.0,1392700.0,1311033.3333333333,0.1132783195798949,0.06,한화에어로스페이스,KOSPI,기계/중공업·방산,,,방산,75.9375,0.7090559936863456,75.9375,75.9375,75.9375,0.3,,53.84393952055687,True,False,2026-04-08,5872.34,5523.437,0.0407581147205317,-8114.961149999988,neutral,"met_conditions=close_gt_ma20,ma20_gt_ma60,recent_20d_return_gt_0.03; true_count=3; breadth_20d=0.527; recent_20d_return=0.0468; ma60=5370.97; volatility_risk_flag=True",0.0655561140231204,100.0,91.62561576354679,0.1132783195798949,0.06,0.052482269503546,97.61842319733276,89.55238905056473,0.0390730450624291,0.0462352650550793,65.02463054187191,224292.75,287112.0,48.93267651888342,33.497536945812804,1.0,79.17584848296858,feature_v1,39.40886699507389,0.39408866995073893,0.39408866995073893,34.97536945812808,0.3497536945812808,0.3497536945812808,38.07881773399014,38.07881773399014,37.635467980295566,False,2.0720809670943,0.034482758620689655,3.4482758620689653,86.93467336683418,86.86868686868688,1.0,1.0,86.86868686868688,86.86868686868688,35.960591133004925,33.99014778325123,65.02463054187191,33.497536945812804,50.0,38.07881773399014,3.4482758620689653,79.17584848296858,ranking_builder_v8_return_prob_tech_regime,False,False,False,False,False,False,False,False,False,False,False,False,0,11.564967348973877,0.24637472790811565,neutral_service_balanced,0.24,0.24,0.32,0.32,0.26,0.26,0.18,0.18,0.65,0.0,0.0,40.203111894457855,40.203111894457855,1.0,False,False,1.0,False,40.203111894457855,104,v2,0.0,best_weight_by_regime,neutral,0.0,1.0,40.203111894457855,40.203111894457855,0.0,40.203111894457855,0.0,0.0,,,,,,,,,,,,,,,,,False,False,,,,,False,,,,,0.0,False,40.203111894457855,82,104,final_score,40.203111894457855,104,104,19.00220363591246,12.185221674876846,0.896551724137931,15.636363636363638,0.0,0.0,0.0,0.0,-7.51722877683302,12.185221674876846,0.896551724137931,19.00220363591246,15.636363636363638,0.0,0.0,0.0,-7.51722877683302,47.72034067129088,Tech flow score,19.00220363591246,Risk penalty,-7.51722877683302,"요약: live_score 40.2 | live_score_source=final_score | regime=neutral | dominant_driver=tech (Tech flow score 19.0) | top_positive_factor=Tech flow score (19.0) | top_negative_factor=Risk penalty (-7.5)
핵심 driver: Tech flow score (tech_score) contribution 19.0, score 79.2; Financial quality score (qual_score) contribution 15.6, score 86.9; Primary prediction score (ret_score) contribution 12.2, score 38.1
리스크 요인: top_negative_factor=Risk penalty (-7.5); risk_penalty 11.6
운영 상태: theme_overlay: disabled (operational config); confidence: 모델 메타 점수 (calibration 미완), score=NA, label=Experimental, live_score 비반영, research/reference 용도","{""base_score"": 40.2, ""theme_weight"": 0.0, ""weight_source"": ""best_weight_by_regime"", ""regime_applied"": ""neutral"", ""theme"": {""name"": ""방산"", ""confidence"": 0.71, ""contribution"": 0.0}}",confidence_four_axis_v1,1.0,100.0,97.0,46.22387669801463,45.51383653534816,77.48304465480588,67.59231798627548,67.59231798627548,Medium,Medium,Medium,Medium,core signals disagree; current regime fit is weak,"Confidence score is 67.6 (Medium). data_maturity_score=100.0, model_reliability_score=97.0, signal_agreement_score=46.2, regime_fitness_score=45.5. Reason: core signals disagree; current regime fit is weak.",재무 품질 양호와 추세 구조 양호이 추천 점수를 견인했습니다. 상위권 진입 확률 약함 요인은 함께 점검이 필요합니다.,재무 품질 양호 / 추세 구조 양호 / 변동성 관리 양호,상위권 진입 확률 약함 / 최근 변동성 확대 주의,신뢰도 Medium: core signals disagree; current regime fit is weak,현재 neutral 체계로 균형형 가중치가 적용됐습니다.,strong_quality_profile,high_tech_score,strong_safety_profile,low_probability_score,elevated_risk_penalty,재무 품질 양호,추세 구조 양호,변동성 관리 양호,상위권 진입 확률 약함,최근 변동성 확대 주의,추가 확인 후 판단,"{""drivers"": [""strong_quality_profile"", ""high_tech_score"", ""strong_safety_profile""], ""driver_texts"": [""재무 품질 양호"", ""추세 구조 양호"", ""변동성 관리 양호""], ""drags"": [""low_probability_score"", ""elevated_risk_penalty""], ""drag_texts"": [""상위권 진입 확률 약함"", ""최근 변동성 확대 주의""], ""confidence_label"": ""Medium"", ""confidence_reason"": ""core signals disagree; current regime fit is weak"", ""regime"": ""neutral"", ""weight_profile"": ""neutral_service_balanced"", ""regime_reason"": ""met_conditions=close_gt_ma20,ma20_gt_ma60,recent_20d_return_gt_0.03; true_count=3; breadth_20d=0.527; recent_20d_return=0.0468; ma60=5370.97; volatility_risk_flag=True"", ""action_note"": ""추가 확인 후 판단"", ""component_snapshot"": {""ret_score"": 38.08, ""prob_score"": 3.45, ""qual_score"": 86.87, ""tech_score"": 79.18, ""valuation_score"": 50.0, ""risk_penalty"": 11.56, ""live_score"": 40.2, ""final_score"": 40.2, ""confidence_score"": 67.59, ""live_rank"": 104.0, ""live_score_source"": ""final_score""}}",104,2026-04-09 11:17:11,
2026-04-08,138930,0.010290268857362,-0.1387855465575458,-0.2310168362802847,-0.2376842900582482,0.1058064195635914,0.0885351368887966,0.0,17660.0,85.42713567839196,4,0.1999999999999999,80.0,0.0223623203972137,0.0293021215512109,1016531.35,1452308.0,-0.0729658792650919,-0.0266218376233258,44.31038402328283,1.428689828405194,17518.0,18143.0,18078.33333333333,-0.0312671420735052,-0.0428184281842818,BNK금융지주,KOSPI,금융,,,Retail Finance Return,31.2375,0.4265693066407645,31.2375,31.2375,31.2375,0.3,,13.324958716190881,True,False,2026-04-08,5872.34,5523.437,0.0407581147205317,-8114.961149999988,neutral,"met_conditions=close_gt_ma20,ma20_gt_ma60,recent_20d_return_gt_0.03; true_count=3; breadth_20d=0.527; recent_20d_return=0.0468; ma60=5370.97; volatility_risk_flag=True",-0.0266218376233258,35.0,34.248768472906406,-0.0312671420735052,-0.0428184281842818,-0.0729658792650919,68.62076804656566,41.293123046124165,0.0223623203972137,0.0293021215512109,96.05911330049261,1016531.35,1452308.0,83.74384236453203,80.29556650246306,1.0,56.5006226227937,feature_v1,43.34975369458128,0.43349753694581283,0.43349753694581283,15.763546798029557,0.15763546798029557,0.15763546798029557,35.07389162561576,35.07389162561576,32.31527093596059,False,10.58064195635914,0.3842364532019704,38.42364532019704,85.42713567839196,85.35353535353535,0.87,0.89,66.08924242424241,66.08924242424241,2.955665024630542,4.926108374384237,96.05911330049261,80.29556650246306,50.0,35.07389162561576,38.42364532019704,56.5006226227937,ranking_builder_v8_return_prob_tech_regime,False,False,False,False,False,False,False,False,False,False,False,False,0,10.042058134976411,0.2336838177914701,neutral_service_balanced,0.24,0.24,0.32,0.32,0.26,0.26,0.18,0.18,0.65,0.0,0.0,40.14266838154773,40.14266838154773,1.0,False,False,1.0,False,40.14266838154773,105,v2,0.0,best_weight_by_regime,neutral,0.0,1.0,40.14266838154773,40.14266838154773,0.0,40.14266838154773,0.0,0.0,,,,,,,,,,,,,,,,,False,False,,,,,False,,,,,0.0,False,40.14266838154773,83,105,final_score,40.14266838154773,105,105,13.560149429470487,11.223645320197043,9.990147783251231,11.896063636363634,0.0,0.0,0.0,0.0,-6.527337787734668,11.223645320197043,9.990147783251231,13.560149429470487,11.896063636363634,0.0,0.0,0.0,-6.527337787734668,46.670006169282395,Tech flow score,13.560149429470487,Risk penalty,-6.527337787734668,"요약: live_score 40.1 | live_score_source=final_score | regime=neutral | dominant_driver=tech (Tech flow score 13.6) | top_positive_factor=Tech flow score (13.6) | top_negative_factor=Risk penalty (-6.5)
핵심 driver: Tech flow score (tech_score) contribution 13.6, score 56.5; Financial quality score (qual_score) contribution 11.9, score 66.1; Primary prediction score (ret_score) contribution 11.2, score 35.1
리스크 요인: top_negative_factor=Risk penalty (-6.5); risk_penalty 10.0
운영 상태: theme_overlay: disabled (operational config); confidence: 모델 메타 점수 (calibration 미완), score=NA, label=Experimental, live_score 비반영, research/reference 용도","{""base_score"": 40.1, ""theme_weight"": 0.0, ""weight_source"": ""best_weight_by_regime"", ""regime_applied"": ""neutral"", ""theme"": {""name"": ""Retail Finance Return"", ""confidence"": 0.43, ""contribution"": 0.0}}",confidence_four_axis_v1,1.0,93.0,97.0,56.94539476041201,46.22206242113962,78.16965805327395,69.22257038839273,69.22257038839273,Medium,Medium,Medium,Medium,current regime fit is weak,"Confidence score is 69.2 (Medium). data_maturity_score=93.0, model_reliability_score=97.0, signal_agreement_score=56.9, regime_fitness_score=46.2. Reason: current regime fit is weak.",변동성 관리 양호와 거래 유동성 양호이 추천 점수를 견인했습니다. 최근 변동성 확대 주의 요인은 함께 점검이 필요합니다.,변동성 관리 양호 / 거래 유동성 양호 / 재무 품질 양호,최근 변동성 확대 주의 / 기대수익 매력 낮음,신뢰도 Medium: current regime fit is weak,현재 neutral 체계로 균형형 가중치가 적용됐습니다.,strong_safety_profile,healthy_liquidity_profile,strong_quality_profile,elevated_risk_penalty,weak_ret_score,변동성 관리 양호,거래 유동성 양호,재무 품질 양호,최근 변동성 확대 주의,기대수익 매력 낮음,추가 확인 후 판단,"{""drivers"": [""strong_safety_profile"", ""healthy_liquidity_profile"", ""strong_quality_profile""], ""driver_texts"": [""변동성 관리 양호"", ""거래 유동성 양호"", ""재무 품질 양호""], ""drags"": [""elevated_risk_penalty"", ""weak_ret_score""], ""drag_texts"": [""최근 변동성 확대 주의"", ""기대수익 매력 낮음""], ""confidence_label"": ""Medium"", ""confidence_reason"": ""current regime fit is weak"", ""regime"": ""neutral"", ""weight_profile"": ""neutral_service_balanced"", ""regime_reason"": ""met_conditions=close_gt_ma20,ma20_gt_ma60,recent_20d_return_gt_0.03; true_count=3; breadth_20d=0.527; recent_20d_return=0.0468; ma60=5370.97; volatility_risk_flag=True"", ""action_note"": ""추가 확인 후 판단"", ""component_snapshot"": {""ret_score"": 35.07, ""prob_score"": 38.42, ""qual_score"": 66.09, ""tech_score"": 56.5, ""valuation_score"": 50.0, ""risk_penalty"": 10.04, ""live_score"": 40.14, ""final_score"": 40.14, ""confidence_score"": 69.22, ""live_rank"": 105.0, ""live_score_source"": ""final_score""}}",105,2026-04-09 11:17:11,
2026-04-08,086520,0.0064123060792706,-0.0763368831011021,-0.2717429644487675,-0.2975350238882381,0.0999258133644016,0.032288234484848,0.0,153100.0,84.42211055276381,5,0.0,100.0,0.0400834582850688,0.069453689387132,1214564.45,1297197.0,-0.05259900990099,0.0363150235218465,52.8002356346796,1.0680347181246743,144960.0,147735.0,145618.33333333334,0.0268276324614353,0.0118968935888963,에코프로,KOSDAQ,화학,,,2차전지,83.8125,0.6883480839416058,83.8125,83.8125,83.8125,0.3,,57.69217378535584,True,False,2026-04-08,5872.34,5523.437,0.0407581147205317,-8114.961149999988,neutral,"met_conditions=close_gt_ma20,ma20_gt_ma60,recent_20d_return_gt_0.03; true_count=3; breadth_20d=0.527; recent_20d_return=0.0468; ma60=5370.97; volatility_risk_flag=True",0.0363150235218465,55.0,62.47536945812808,0.0268276324614353,0.0118968935888963,-0.05259900990099,85.6004712693592,64.38041338384227,0.0400834582850688,0.069453689387132,36.94581280788177,1214564.45,1297197.0,72.08538587848933,84.72906403940887,1.0,59.47772596513297,feature_v1,42.364532019704434,0.4236453201970443,0.4236453201970443,26.108374384236456,0.26108374384236455,0.26108374384236455,37.487684729064036,37.487684729064036,35.86206896551724,False,9.992581336440159,0.3448275862068966,34.48275862068966,84.42211055276381,84.34343434343434,1.0,1.0,84.34343434343434,84.34343434343434,39.40886699507389,86.69950738916256,36.94581280788177,84.72906403940887,50.0,37.487684729064036,34.48275862068966,59.47772596513297,ranking_builder_v8_return_prob_tech_regime,False,False,False,False,False,False,False,False,False,False,False,False,0,15.847174586946688,0.28205978822455574,neutral_service_balanced,0.24,0.24,0.32,0.32,0.26,0.26,0.18,0.18,0.65,0.0,0.0,40.11738528661455,40.11738528661455,1.0,False,False,1.0,False,40.11738528661455,106,v2,0.0,best_weight_by_regime,neutral,0.0,1.0,40.11738528661455,40.11738528661455,0.0,40.11738528661455,0.0,0.0,,,,,,,,,,,,,,,,,False,False,,,,,False,,,,,4.0,True,36.11738528661455,102,106,final_score,40.11738528661455,106,106,14.274654231631912,11.996059113300491,8.965517241379311,15.18181818181818,0.0,0.0,0.0,0.0,-10.300663481515347,11.996059113300491,8.965517241379311,14.274654231631912,15.18181818181818,0.0,0.0,0.0,-10.300663481515347,50.41804876812989,Financial quality score,15.18181818181818,Risk penalty,-10.300663481515347,"요약: live_score 40.1 | live_score_source=final_score | regime=neutral | dominant_driver=tech (Tech flow score 14.3) | top_positive_factor=Financial quality score (15.2) | top_negative_factor=Risk penalty (-10.3)
핵심 driver: Financial quality score (qual_score) contribution 15.2, score 84.3; Tech flow score (tech_score) contribution 14.3, score 59.5; Primary prediction score (ret_score) contribution 12.0, score 37.5
리스크 요인: top_negative_factor=Risk penalty (-10.3); risk_penalty 15.8
운영 상태: theme_overlay: disabled (operational config); confidence: 모델 메타 점수 (calibration 미완), score=NA, label=Experimental, live_score 비반영, research/reference 용도","{""base_score"": 40.1, ""theme_weight"": 0.0, ""weight_source"": ""best_weight_by_regime"", ""regime_applied"": ""neutral"", ""theme"": {""name"": ""2차전지"", ""confidence"": 0.69, ""contribution"": 0.0}}",confidence_four_axis_v1,1.0,100.0,97.0,45.04179728317659,45.59812542311508,77.2001681342614,67.13634399789365,67.13634399789365,Medium,Medium,Medium,Medium,core signals disagree; current regime fit is weak,"Confidence score is 67.1 (Medium). data_maturity_score=100.0, model_reliability_score=97.0, signal_agreement_score=45.0, regime_fitness_score=45.6. Reason: core signals disagree; current regime fit is weak.",재무 품질 양호와 거래 유동성 양호이 추천 점수를 견인했습니다. 예상 손실 폭 부담 큼 요인은 함께 점검이 필요합니다.,재무 품질 양호 / 거래 유동성 양호,예상 손실 폭 부담 큼 / 상위권 진입 확률 약함,신뢰도 Medium: core signals disagree; current regime fit is weak,현재 neutral 체계로 균형형 가중치가 적용됐습니다.,strong_quality_profile,healthy_liquidity_profile,,very_high_risk_penalty,low_probability_score,재무 품질 양호,거래 유동성 양호,,예상 손실 폭 부담 큼,상위권 진입 확률 약함,보수적 접근 권장,"{""drivers"": [""strong_quality_profile"", ""healthy_liquidity_profile""], ""driver_texts"": [""재무 품질 양호"", ""거래 유동성 양호""], ""drags"": [""very_high_risk_penalty"", ""low_probability_score""], ""drag_texts"": [""예상 손실 폭 부담 큼"", ""상위권 진입 확률 약함""], ""confidence_label"": ""Medium"", ""confidence_reason"": ""core signals disagree; current regime fit is weak"", ""regime"": ""neutral"", ""weight_profile"": ""neutral_service_balanced"", ""regime_reason"": ""met_conditions=close_gt_ma20,ma20_gt_ma60,recent_20d_return_gt_0.03; true_count=3; breadth_20d=0.527; recent_20d_return=0.0468; ma60=5370.97; volatility_risk_flag=True"", ""action_note"": ""보수적 접근 권장"", ""component_snapshot"": {""ret_score"": 37.49, ""prob_score"": 34.48, ""qual_score"": 84.34, ""tech_score"": 59.48, ""valuation_score"": 50.0, ""risk_penalty"": 15.85, ""live_score"": 40.12, ""final_score"": 40.12, ""confidence_score"": 67.14, ""live_rank"": 106.0, ""live_score_source"": ""final_score""}}",106,2026-04-09 11:17:11,
2026-04-08,267260,0.0486772512088475,0.1715985373192019,-0.2655179956363306,-0.3228531879017759,0.1266918927267535,0.0645627399186838,0.0,980000.0,34.17085427135678,5,0.0,100.0,0.0442278014262272,0.045896456720848,121001.15,156758.0,0.0436634717784878,0.0625609888322671,56.1670312416057,1.295508348474374,906000.0,922300.0,930300.0,0.0864745011086474,-0.0120967741935483,HD현대일렉트릭,KOSPI,전기장비,,,전력설비,40.625,0.4666200856700044,40.625,40.625,40.625,0.3,,18.956440980343928,True,False,2026-04-08,5872.34,5523.437,0.0407581147205317,-8114.961149999988,neutral,"met_conditions=close_gt_ma20,ma20_gt_ma60,recent_20d_return_gt_0.03; true_count=3; breadth_20d=0.527; recent_20d_return=0.0468; ma60=5370.97; volatility_risk_flag=True",0.0625609888322671,55.0,68.38669950738915,0.0864745011086474,-0.0120967741935483,0.0436634717784878,92.3340624832114,78.5022348326255,0.0442278014262272,0.045896456720848,58.62068965517241,121001.15,156758.0,37.274220032840724,15.270935960591133,0.9,58.77635668163664,feature_v1,53.20197044334976,0.5320197044334976,0.5320197044334976,66.50246305418719,0.6650246305418719,0.6650246305418719,57.192118226600975,57.192118226600975,58.522167487684726,False,12.669189272675348,0.4729064039408867,47.29064039408867,34.17085427135678,34.34343434343434,1.0,1.0,34.34343434343434,34.34343434343434,50.24630541871922,32.51231527093596,58.62068965517241,15.270935960591133,50.0,57.192118226600975,47.29064039408867,58.77635668163664,ranking_builder_v8_return_prob_tech_regime,False,False,False,False,False,False,False,False,False,False,False,False,0,16.614248705101044,0.2884520725425087,neutral_service_balanced,0.24,0.24,0.32,0.32,0.26,0.26,0.18,0.18,0.65,0.0,0.0,40.08592646207066,40.08592646207066,1.0,False,False,1.0,False,40.08592646207066,107,v2,0.0,best_weight_by_regime,neutral,0.0,1.0,40.08592646207066,40.08592646207066,0.0,40.08592646207066,0.0,0.0,,,,,,,,,,,,,,,,,False,False,,,,,False,,,,,4.0,True,36.08592646207066,103,107,final_score,40.08592646207066,107,107,14.106325603592794,18.30147783251231,12.295566502463055,6.181818181818181,0.0,0.0,0.0,0.0,-10.799261658315679,18.30147783251231,12.295566502463055,14.106325603592794,6.181818181818181,0.0,0.0,0.0,-10.799261658315679,50.88518812038634,Primary prediction score,18.30147783251231,Risk penalty,-10.799261658315679,"요약: live_score 40.1 | live_score_source=final_score | regime=neutral | dominant_driver=ret (Primary prediction score 18.3) | top_positive_factor=Primary prediction score (18.3) | top_negative_factor=Risk penalty (-10.8)
핵심 driver: Primary prediction score (ret_score) contribution 18.3, score 57.2; Tech flow score (tech_score) contribution 14.1, score 58.8; Top-bucket probability score (prob_score) contribution 12.3, score 47.3
리스크 요인: top_negative_factor=Risk penalty (-10.8); risk_penalty 16.6
운영 상태: theme_overlay: disabled (operational config); confidence: 모델 메타 점수 (calibration 미완), score=NA, label=Experimental, live_score 비반영, research/reference 용도","{""base_score"": 40.1, ""theme_weight"": 0.0, ""weight_source"": ""best_weight_by_regime"", ""regime_applied"": ""neutral"", ""theme"": {""name"": ""전력설비"", ""confidence"": 0.47, ""contribution"": 0.0}}",confidence_four_axis_v1,1.0,100.0,95.5,41.42012329853931,45.53760182590568,75.83567109852068,65.67556968459685,65.67556968459685,Medium,Medium,Medium,Medium,core signals disagree; current regime fit is weak,"Confidence score is 65.7 (Medium). data_maturity_score=100.0, model_reliability_score=95.5, signal_agreement_score=41.4, regime_fitness_score=45.5. Reason: core signals disagree; current regime fit is weak.",뚜렷한 추천 강점은 제한적입니다. 거래 유동성 부족 요인은 함께 점검이 필요합니다.,뚜렷한 강점 제한적,거래 유동성 부족 / 예상 손실 폭 부담 큼,신뢰도 Medium: core signals disagree; current regime fit is weak,현재 neutral 체계로 균형형 가중치가 적용됐습니다.,,,,low_liquidity_score,very_high_risk_penalty,,,,거래 유동성 부족,예상 손실 폭 부담 큼,추가 확인 후 판단,"{""drivers"": [], ""driver_texts"": [], ""drags"": [""low_liquidity_score"", ""very_high_risk_penalty""], ""drag_texts"": [""거래 유동성 부족"", ""예상 손실 폭 부담 큼""], ""confidence_label"": ""Medium"", ""confidence_reason"": ""core signals disagree; current regime fit is weak"", ""regime"": ""neutral"", ""weight_profile"": ""neutral_service_balanced"", ""regime_reason"": ""met_conditions=close_gt_ma20,ma20_gt_ma60,recent_20d_return_gt_0.03; true_count=3; breadth_20d=0.527; recent_20d_return=0.0468; ma60=5370.97; volatility_risk_flag=True"", ""action_note"": ""추가 확인 후 판단"", ""component_snapshot"": {""ret_score"": 57.19, ""prob_score"": 47.29, ""qual_score"": 34.34, ""tech_score"": 58.78, ""valuation_score"": 50.0, ""risk_penalty"": 16.61, ""live_score"": 40.09, ""final_score"": 40.09, ""confidence_score"": 65.68, ""live_rank"": 107.0, ""live_score_source"": ""final_score""}}",107,2026-04-09 11:17:11,
2026-04-08,443060,0.066762175065183,0.0101236720720558,-0.2092607765646463,-0.2190335185128289,0.105391683844627,0.1145627907067408,0.0,176800.0,74.37185929648241,3,0.4,75.0,0.0399572890486688,0.0379933021076766,105000.35,95844.0,-0.0056242969628796,-0.0048407069683665,49.6393560312537,0.9127969573434754,174260.0,177660.0,179266.66666666666,-0.0575692963752665,-0.0253583241455347,HD현대마린솔루션,KOSPI,조선/해양·해운,,,조선,19.703125,0.3715492552530461,19.703125,19.703125,19.703125,0.3,,7.320681419907674,True,False,2026-04-08,5872.34,5523.437,0.0407581147205317,-8114.961149999988,neutral,"met_conditions=close_gt_ma20,ma20_gt_ma60,recent_20d_return_gt_0.03; true_count=3; breadth_20d=0.527; recent_20d_return=0.0468; ma60=5370.97; volatility_risk_flag=True",-0.0048407069683665,15.0,30.160098522167488,-0.0575692963752665,-0.0253583241455347,-0.0056242969628796,79.2787120625074,50.97731348360715,0.0399572890486688,0.0379933021076766,70.19704433497537,105000.35,95844.0,17.077175697865353,12.807881773399016,0.9,39.14196704782886,feature_v1,56.65024630541872,0.5665024630541872,0.5665024630541872,44.827586206896555,0.4482758620689655,0.4482758620689655,53.103448275862064,53.103448275862064,51.92118226600985,False,10.5391683844627,0.3793103448275862,37.93103448275862,74.37185929648241,74.24242424242425,0.8375,0.78,48.498863636363645,48.498863636363645,38.42364532019704,21.182266009852217,70.19704433497537,12.807881773399016,50.0,53.103448275862064,37.93103448275862,39.14196704782886,ranking_builder_v8_return_prob_tech_regime,False,False,False,False,False,False,False,False,False,False,False,False,0,7.58038480127032,0.21316987334391935,neutral_service_balanced,0.24,0.24,0.32,0.32,0.26,0.26,0.18,0.18,0.65,0.0,0.0,40.05178983899177,40.05178983899177,1.0,False,False,1.0,False,40.05178983899177,108,v2,0.0,best_weight_by_regime,neutral,0.0,1.0,40.05178983899177,40.05178983899177,0.0,40.05178983899177,0.0,0.0,,,,,,,,,,,,,,,,,False,False,,,,,False,,,,,0.0,False,40.05178983899177,84,108,final_score,40.05178983899177,108,108,9.394072091478925,16.99310344827586,9.862068965517242,8.729795454545455,0.0,0.0,0.0,0.0,-4.9272501208257085,16.99310344827586,9.862068965517242,9.394072091478925,8.729795454545455,0.0,0.0,0.0,-4.9272501208257085,44.979039959817484,Primary prediction score,16.99310344827586,Risk penalty,-4.9272501208257085,"요약: live_score 40.1 | live_score_source=final_score | regime=neutral | dominant_driver=ret (Primary prediction score 17.0) | top_positive_factor=Primary prediction score (17.0) | top_negative_factor=Risk penalty (-4.9)
핵심 driver: Primary prediction score (ret_score) contribution 17.0, score 53.1; Top-bucket probability score (prob_score) contribution 9.9, score 37.9; Tech flow score (tech_score) contribution 9.4, score 39.1
리스크 요인: top_negative_factor=Risk penalty (-4.9); risk_penalty 7.6
운영 상태: theme_overlay: disabled (operational config); confidence: 모델 메타 점수 (calibration 미완), score=NA, label=Experimental, live_score 비반영, research/reference 용도","{""base_score"": 40.1, ""theme_weight"": 0.0, ""weight_source"": ""best_weight_by_regime"", ""regime_applied"": ""neutral"", ""theme"": {""name"": ""조선"", ""confidence"": 0.37, ""contribution"": 0.0}}",confidence_four_axis_v1,1.0,91.25,95.5,50.44827586206897,46.50703551697386,75.61312429306332,65.98071744822235,65.98071744822235,Medium,Medium,Medium,Medium,core signals disagree; current regime fit is weak,"Confidence score is 66.0 (Medium). data_maturity_score=91.2, model_reliability_score=95.5, signal_agreement_score=50.4, regime_fitness_score=46.5. Reason: core signals disagree; current regime fit is weak.",변동성 관리 양호이 추천 점수를 견인했습니다. 거래 유동성 부족 요인은 함께 점검이 필요합니다.,변동성 관리 양호,거래 유동성 부족 / 상위권 진입 확률 약함,신뢰도 Medium: core signals disagree; current regime fit is weak,현재 neutral 체계로 균형형 가중치가 적용됐습니다.,strong_safety_profile,,,low_liquidity_score,low_probability_score,변동성 관리 양호,,,거래 유동성 부족,상위권 진입 확률 약함,추가 확인 후 판단,"{""drivers"": [""strong_safety_profile""], ""driver_texts"": [""변동성 관리 양호""], ""drags"": [""low_liquidity_score"", ""low_probability_score""], ""drag_texts"": [""거래 유동성 부족"", ""상위권 진입 확률 약함""], ""confidence_label"": ""Medium"", ""confidence_reason"": ""core signals disagree; current regime fit is weak"", ""regime"": ""neutral"", ""weight_profile"": ""neutral_service_balanced"", ""regime_reason"": ""met_conditions=close_gt_ma20,ma20_gt_ma60,recent_20d_return_gt_0.03; true_count=3; breadth_20d=0.527; recent_20d_return=0.0468; ma60=5370.97; volatility_risk_flag=True"", ""action_note"": ""추가 확인 후 판단"", ""component_snapshot"": {""ret_score"": 53.1, ""prob_score"": 37.93, ""qual_score"": 48.5, ""tech_score"": 39.14, ""valuation_score"": 50.0, ""risk_penalty"": 7.58, ""live_score"": 40.05, ""final_score"": 40.05, ""confidence_score"": 65.98, ""live_rank"": 108.0, ""live_score_source"": ""final_score""}}",108,2026-04-09 11:17:11,
2026-04-08,034020,0.0795666761233577,-0.0117096196814957,-0.2525625472768779,-0.2657421833540432,0.1192375747593982,0.043989691512385,0.0,101200.0,36.68341708542713,3,0.4,75.0,0.0400230540179148,0.0467291373451437,4278082.1,4010457.0,0.0019801980198019,0.0053146575274425,53.06210288805632,0.9374427386515094,96400.0,100665.0,96486.66666666669,0.0160642570281124,-0.01364522417154,두산에너빌리티,KOSPI,기계/중공업·방산,,,전력설비,34.53125,0.4291200856700044,34.53125,34.53125,34.53125,0.3,,14.81805295829234,True,False,2026-04-08,5872.34,5523.437,0.0407581147205317,-8114.961149999988,neutral,"met_conditions=close_gt_ma20,ma20_gt_ma60,recent_20d_return_gt_0.03; true_count=3; breadth_20d=0.527; recent_20d_return=0.0468; ma60=5370.97; volatility_risk_flag=True",0.0053146575274425,55.0,53.115763546798036,0.0160642570281124,-0.01364522417154,0.0019801980198019,86.12420577611265,64.26504159181141,0.0400230540179148,0.0467291373451437,62.5615763546798,4278082.1,4010457.0,75.04105090311987,97.53694581280789,1.0,62.19596652757733,feature_v1,61.083743842364534,0.6108374384236454,0.6108374384236454,40.39408866995074,0.4039408866995074,0.4039408866995074,54.8768472906404,54.8768472906404,52.80788177339902,False,11.92375747593982,0.4433497536945813,44.33497536945813,36.68341708542713,36.868686868686865,0.8375,0.78,24.084469696969695,24.084469696969695,38.91625615763547,35.960591133004925,62.5615763546798,97.53694581280789,50.0,54.8768472906404,44.33497536945813,62.19596652757733,ranking_builder_v8_return_prob_tech_regime,False,False,False,False,False,False,False,False,False,False,False,False,0,12.94012820492928,0.257834401707744,neutral_service_balanced,0.24,0.24,0.32,0.32,0.26,0.26,0.18,0.18,0.65,0.0,0.0,39.93883790793311,39.93883790793311,1.0,False,False,1.0,False,39.93883790793311,109,v2,0.0,best_weight_by_regime,neutral,0.0,1.0,39.93883790793311,39.93883790793311,0.0,39.93883790793311,0.0,0.0,,,,,,,,,,,,,,,,,False,False,,,,,False,,,,,4.0,True,35.93883790793311,104,109,final_score,39.93883790793311,109,109,14.927031966618559,17.560591133004927,11.527093596059114,4.335204545454545,0.0,0.0,0.0,0.0,-8.411083333204033,17.560591133004927,11.527093596059114,14.927031966618559,4.335204545454545,0.0,0.0,0.0,-8.411083333204033,48.34992124113714,Primary prediction score,17.560591133004927,Risk penalty,-8.411083333204033,"요약: live_score 39.9 | live_score_source=final_score | regime=neutral | dominant_driver=ret (Primary prediction score 17.6) | top_positive_factor=Primary prediction score (17.6) | top_negative_factor=Risk penalty (-8.4)
핵심 driver: Primary prediction score (ret_score) contribution 17.6, score 54.9; Tech flow score (tech_score) contribution 14.9, score 62.2; Top-bucket probability score (prob_score) contribution 11.5, score 44.3
리스크 요인: top_negative_factor=Risk penalty (-8.4); risk_penalty 12.9
운영 상태: theme_overlay: disabled (operational config); confidence: 모델 메타 점수 (calibration 미완), score=NA, label=Experimental, live_score 비반영, research/reference 용도","{""base_score"": 39.9, ""theme_weight"": 0.0, ""weight_source"": ""best_weight_by_regime"", ""regime_applied"": ""neutral"", ""theme"": {""name"": ""전력설비"", ""confidence"": 0.43, ""contribution"": 0.0}}",confidence_four_axis_v1,1.0,91.25,97.0,48.566550950817714,45.671867650460364,75.46741788527348,65.06099391041916,65.06099391041916,Medium,Medium,Medium,Medium,core signals disagree; current regime fit is weak,"Confidence score is 65.1 (Medium). data_maturity_score=91.2, model_reliability_score=97.0, signal_agreement_score=48.6, regime_fitness_score=45.7. Reason: core signals disagree; current regime fit is weak.",거래 유동성 양호이 추천 점수를 견인했습니다. 재무 품질 보완 필요 요인은 함께 점검이 필요합니다.,거래 유동성 양호,재무 품질 보완 필요 / 예상 손실 폭 부담 큼,신뢰도 Medium: core signals disagree; current regime fit is weak,현재 neutral 체계로 균형형 가중치가 적용됐습니다.,healthy_liquidity_profile,,,weak_quality_score,very_high_risk_penalty,거래 유동성 양호,,,재무 품질 보완 필요,예상 손실 폭 부담 큼,추가 확인 후 판단,"{""drivers"": [""healthy_liquidity_profile""], ""driver_texts"": [""거래 유동성 양호""], ""drags"": [""weak_quality_score"", ""very_high_risk_penalty""], ""drag_texts"": [""재무 품질 보완 필요"", ""예상 손실 폭 부담 큼""], ""confidence_label"": ""Medium"", ""confidence_reason"": ""core signals disagree; current regime fit is weak"", ""regime"": ""neutral"", ""weight_profile"": ""neutral_service_balanced"", ""regime_reason"": ""met_conditions=close_gt_ma20,ma20_gt_ma60,recent_20d_return_gt_0.03; true_count=3; breadth_20d=0.527; recent_20d_return=0.0468; ma60=5370.97; volatility_risk_flag=True"", ""action_note"": ""추가 확인 후 판단"", ""component_snapshot"": {""ret_score"": 54.88, ""prob_score"": 44.33, ""qual_score"": 24.08, ""tech_score"": 62.2, ""valuation_score"": 50.0, ""risk_penalty"": 12.94, ""live_score"": 39.94, ""final_score"": 39.94, ""confidence_score"": 65.06, ""live_rank"": 109.0, ""live_score_source"": ""final_score""}}",109,2026-04-09 11:17:11,
2026-04-08,030200,0.001292889647172,0.0513740339896044,-0.2108967830412144,-0.222067786158792,0.0781368604277056,0.0790989513294897,0.0,61000.0,61.30653266331658,3,0.4,75.0,0.0223261431325809,0.0272538320188888,420460.1,481562.0,0.0183639398998329,0.0167513959496625,53.12368471374181,1.1453215180227565,59840.0,59995.0,58983.333333333336,-0.006514657980456,0.0149750415973377,KT,KOSPI,통신,,,Digital Connectivity,88.0,0.6966378649635037,88.0,88.0,88.0,0.3,,61.304132116788324,True,False,2026-04-08,5872.34,5523.437,0.0407581147205317,-8114.961149999988,neutral,"met_conditions=close_gt_ma20,ma20_gt_ma60,recent_20d_return_gt_0.03; true_count=3; breadth_20d=0.527; recent_20d_return=0.0468; ma60=5370.97; volatility_risk_flag=True",0.0167513959496625,55.0,57.05665024630542,-0.006514657980456,0.0149750415973377,0.0183639398998329,86.24736942748362,67.2514975292847,0.0223261431325809,0.0272538320188888,97.04433497536945,420460.1,481562.0,56.814449917898195,53.69458128078818,1.0,68.58605369189989,feature_v1,41.37931034482759,0.41379310344827586,0.41379310344827586,48.76847290640394,0.4876847290640394,0.4876847290640394,43.59605911330049,43.59605911330049,44.334975369458135,False,7.813686042770559,0.24630541871921183,24.63054187192118,61.30653266331658,61.61616161616161,0.8375,0.78,40.250757575757575,40.250757575757575,2.4630541871921183,3.4482758620689653,97.04433497536945,53.69458128078818,50.0,43.59605911330049,24.63054187192118,68.58605369189989,ranking_builder_v8_return_prob_tech_regime,False,False,False,False,False,False,False,False,False,False,False,False,0,7.8438221145894484,0.21536518428824541,neutral_service_balanced,0.24,0.24,0.32,0.32,0.26,0.26,0.18,0.18,0.65,0.0,0.0,38.96198467816486,38.96198467816486,1.0,False,False,1.0,False,38.96198467816486,110,v2,0.0,best_weight_by_regime,neutral,0.0,1.0,38.96198467816486,38.96198467816486,0.0,38.96198467816486,0.0,0.0,,,,,,,,,,,,,,,,,False,False,,,,,False,,,,,0.0,False,38.96198467816486,91,110,final_score,38.96198467816486,110,110,16.460652886055975,13.950738916256157,6.403940886699507,7.245136363636363,0.0,0.0,0.0,0.0,-5.098484374483141,13.950738916256157,6.403940886699507,16.460652886055975,7.245136363636363,0.0,0.0,0.0,-5.098484374483141,44.060469052648,Tech flow score,16.460652886055975,Risk penalty,-5.098484374483141,"요약: live_score 39.0 | live_score_source=final_score | regime=neutral | dominant_driver=tech (Tech flow score 16.5) | top_positive_factor=Tech flow score (16.5) | top_negative_factor=Risk penalty (-5.1)
핵심 driver: Tech flow score (tech_score) contribution 16.5, score 68.6; Primary prediction score (ret_score) contribution 14.0, score 43.6; Financial quality score (qual_score) contribution 7.2, score 40.3
리스크 요인: top_negative_factor=Risk penalty (-5.1); risk_penalty 7.8
운영 상태: theme_overlay: disabled (operational config); confidence: 모델 메타 점수 (calibration 미완), score=NA, label=Experimental, live_score 비반영, research/reference 용도","{""base_score"": 39.0, ""theme_weight"": 0.0, ""weight_source"": ""best_weight_by_regime"", ""regime_applied"": ""neutral"", ""theme"": {""name"": ""Digital Connectivity"", ""confidence"": 0.7, ""contribution"": 0.0}}",confidence_four_axis_v1,1.0,91.25,97.0,46.813346454006385,45.04634380842678,74.9352881847656,64.23460734328792,64.23460734328792,Medium,Medium,Medium,Medium,core signals disagree; current regime fit is weak,"Confidence score is 64.2 (Medium). data_maturity_score=91.2, model_reliability_score=97.0, signal_agreement_score=46.8, regime_fitness_score=45.0. Reason: core signals disagree; current regime fit is weak.",변동성 관리 양호와 추세 구조 양호이 추천 점수를 견인했습니다. 상위권 진입 확률 약함 요인은 함께 점검이 필요합니다.,변동성 관리 양호 / 추세 구조 양호,상위권 진입 확률 약함 / 재무 품질 보완 필요,신뢰도 Medium: core signals disagree; current regime fit is weak,현재 neutral 체계로 균형형 가중치가 적용됐습니다.,strong_safety_profile,high_tech_score,,low_probability_score,weak_quality_score,변동성 관리 양호,추세 구조 양호,,상위권 진입 확률 약함,재무 품질 보완 필요,추가 확인 후 판단,"{""drivers"": [""strong_safety_profile"", ""high_tech_score""], ""driver_texts"": [""변동성 관리 양호"", ""추세 구조 양호""], ""drags"": [""low_probability_score"", ""weak_quality_score""], ""drag_texts"": [""상위권 진입 확률 약함"", ""재무 품질 보완 필요""], ""confidence_label"": ""Medium"", ""confidence_reason"": ""core signals disagree; current regime fit is weak"", ""regime"": ""neutral"", ""weight_profile"": ""neutral_service_balanced"", ""regime_reason"": ""met_conditions=close_gt_ma20,ma20_gt_ma60,recent_20d_return_gt_0.03; true_count=3; breadth_20d=0.527; recent_20d_return=0.0468; ma60=5370.97; volatility_risk_flag=True"", ""action_note"": ""추가 확인 후 판단"", ""component_snapshot"": {""ret_score"": 43.6, ""prob_score"": 24.63, ""qual_score"": 40.25, ""tech_score"": 68.59, ""valuation_score"": 50.0, ""risk_penalty"": 7.84, ""live_score"": 38.96, ""final_score"": 38.96, ""confidence_score"": 64.23, ""live_rank"": 110.0, ""live_score_source"": ""final_score""}}",110,2026-04-09 11:17:11,
2026-04-08,086450,-0.0366999846403328,-0.21983546182115,-0.2943234195850208,-0.3909505530143156,0.1266977296445169,0.093600395601099,0.0,27750.0,80.90452261306532,5,0.0,100.0,0.0661659720007846,0.0507924826450235,901397.9,1346563.0,0.4991896272285252,0.2503942684630289,66.95171722900582,1.493860813298988,28340.0,22193.0,19637.83333333333,-0.0431034482758621,0.3874999999999999,동국제약,KOSDAQ,바이오/제약,,,바이오,12.890625000000002,0.3333811131386862,12.890625000000002,12.890625000000002,12.890625000000002,0.3,,4.2974909115533775,True,False,2026-04-08,5872.34,5523.437,0.0407581147205317,-8114.961149999988,neutral,"met_conditions=close_gt_ma20,ma20_gt_ma60,recent_20d_return_gt_0.03; true_count=3; breadth_20d=0.527; recent_20d_return=0.0468; ma60=5370.97; volatility_risk_flag=True",0.2496601772127274,55.0,77.2536945812808,-0.0431034482758621,0.26559425215764115,0.4986783117481746,86.09656554198835,76.69655517860053,0.0661659720007846,0.0507924826450235,30.049261083743843,901397.9,1346563.0,83.2512315270936,78.32512315270937,1.0,68.51743963270724,feature_v1,29.55665024630542,0.2955665024630542,0.2955665024630542,5.41871921182266,0.054187192118226604,0.054187192118226604,22.31527093596059,22.31527093596059,19.901477832512317,False,12.66977296445169,0.47783251231527096,47.783251231527096,80.90452261306532,80.8080808080808,1.0,1.0,80.8080808080808,80.8080808080808,91.13300492610837,48.76847290640394,30.049261083743843,78.32512315270937,50.0,22.31527093596059,47.783251231527096,68.51743963270724,ranking_builder_v8_return_prob_tech_regime,False,False,False,False,False,False,False,False,False,False,False,False,0,18.0,0.33297427295673876,neutral_service_balanced,0.24,0.24,0.32,0.32,0.26,0.26,0.18,0.18,0.65,0.0,0.0,38.85417207700871,38.85417207700871,1.0,False,False,1.0,False,38.85417207700871,111,v2,0.0,best_weight_by_regime,neutral,0.0,1.0,38.85417207700871,38.85417207700871,0.0,38.85417207700871,0.0,0.0,,,,,,,,,,,,,,,,,False,False,,,,,False,,,,,4.0,True,34.85417207700871,106,111,final_score,38.85417207700871,111,111,16.444185511849735,7.140886699507389,12.423645320197046,14.545454545454543,0.0,0.0,0.0,0.0,-11.700000000000001,7.140886699507389,12.423645320197046,16.444185511849735,14.545454545454543,0.0,0.0,0.0,-11.700000000000001,50.554172077008715,Tech flow score,16.444185511849735,Risk penalty,-11.700000000000001,"요약: live_score 38.9 | live_score_source=final_score | regime=neutral | dominant_driver=tech (Tech flow score 16.4) | top_positive_factor=Tech flow score (16.4) | top_negative_factor=Risk penalty (-11.7)
핵심 driver: Tech flow score (tech_score) contribution 16.4, score 68.5; Financial quality score (qual_score) contribution 14.5, score 80.8; Top-bucket probability score (prob_score) contribution 12.4, score 47.8
리스크 요인: top_negative_factor=Risk penalty (-11.7); risk_penalty 18.0
운영 상태: theme_overlay: disabled (operational config); confidence: 모델 메타 점수 (calibration 미완), score=NA, label=Experimental, live_score 비반영, research/reference 용도","{""base_score"": 38.9, ""theme_weight"": 0.0, ""weight_source"": ""best_weight_by_regime"", ""regime_applied"": ""neutral"", ""theme"": {""name"": ""바이오"", ""confidence"": 0.33, ""contribution"": 0.0}}",confidence_four_axis_v1,1.0,100.0,97.0,53.70215703836394,44.34903701346985,79.17789481161147,70.35067021803954,70.35067021803954,Medium,High,High,High,core signals disagree; current regime fit is weak,"Confidence score is 70.4 (High). data_maturity_score=100.0, model_reliability_score=97.0, signal_agreement_score=53.7, regime_fitness_score=44.3. Reason: core signals disagree; current regime fit is weak.",재무 품질 양호와 추세 구조 양호이 추천 점수를 견인했습니다. 예상 손실 폭 부담 큼 요인은 함께 점검이 필요합니다.,재무 품질 양호 / 추세 구조 양호 / 거래 유동성 양호,예상 손실 폭 부담 큼 / 기대수익 매력 낮음,신뢰도 High: core signals disagree; current regime fit is weak,현재 neutral 체계로 균형형 가중치가 적용됐습니다.,strong_quality_profile,high_tech_score,healthy_liquidity_profile,very_high_risk_penalty,weak_ret_score,재무 품질 양호,추세 구조 양호,거래 유동성 양호,예상 손실 폭 부담 큼,기대수익 매력 낮음,보수적 접근 권장,"{""drivers"": [""strong_quality_profile"", ""high_tech_score"", ""healthy_liquidity_profile""], ""driver_texts"": [""재무 품질 양호"", ""추세 구조 양호"", ""거래 유동성 양호""], ""drags"": [""very_high_risk_penalty"", ""weak_ret_score""], ""drag_texts"": [""예상 손실 폭 부담 큼"", ""기대수익 매력 낮음""], ""confidence_label"": ""High"", ""confidence_reason"": ""core signals disagree; current regime fit is weak"", ""regime"": ""neutral"", ""weight_profile"": ""neutral_service_balanced"", ""regime_reason"": ""met_conditions=close_gt_ma20,ma20_gt_ma60,recent_20d_return_gt_0.03; true_count=3; breadth_20d=0.527; recent_20d_return=0.0468; ma60=5370.97; volatility_risk_flag=True"", ""action_note"": ""보수적 접근 권장"", ""component_snapshot"": {""ret_score"": 22.32, ""prob_score"": 47.78, ""qual_score"": 80.81, ""tech_score"": 68.52, ""valuation_score"": 50.0, ""risk_penalty"": 18.0, ""live_score"": 38.85, ""final_score"": 38.85, ""confidence_score"": 70.35, ""live_rank"": 111.0, ""live_score_source"": ""final_score""}}",111,2026-04-09 11:17:11,
2026-04-08,137400,-0.026250017840763,-0.0750257510481779,-0.2881370829854661,-0.3383032509042394,0.1520428176715266,0.1307252562110016,0.0,49450.0,64.321608040201,5,0.0,100.0,0.0303129132415386,0.0510052412208929,180842.75,164084.0,0.0133196721311474,0.027479091995221,52.54549284278176,0.907329710480514,47730.0,48127.5,47921.66666666666,-0.01001001001001,-0.005030181086519,피엔티,KOSDAQ,전기제품,,,2차전지,83.8125,0.6883480839416058,83.8125,83.8125,83.8125,0.3,,57.69217378535584,True,False,2026-04-08,5872.34,5523.437,0.0407581147205317,-8114.961149999988,neutral,"met_conditions=close_gt_ma20,ma20_gt_ma60,recent_20d_return_gt_0.03; true_count=3; breadth_20d=0.527; recent_20d_return=0.0468; ma60=5370.97; volatility_risk_flag=True",0.027479091995221,55.0,60.258620689655174,-0.01001001001001,-0.005030181086519,0.0133196721311474,85.09098568556352,62.52890405685886,0.0303129132415386,0.0510052412208929,67.73399014778326,180842.75,164084.0,25.615763546798032,26.108374384236456,1.0,57.35186518837351,feature_v1,31.527093596059114,0.31527093596059114,0.31527093596059114,26.60098522167488,0.2660098522167488,0.2660098522167488,30.04926108374384,30.04926108374384,29.556650246305416,False,15.204281767152661,0.5911330049261084,59.11330049261084,64.321608040201,64.64646464646465,1.0,1.0,64.64646464646465,64.64646464646465,15.270935960591133,49.26108374384236,67.73399014778326,26.108374384236456,50.0,30.04926108374384,59.11330049261084,57.35186518837351,ranking_builder_v8_return_prob_tech_regime,False,False,False,False,False,False,False,False,False,False,False,False,0,18.0,0.3082035501529754,neutral_service_balanced,0.24,0.24,0.32,0.32,0.26,0.26,0.18,0.18,0.65,0.0,0.0,38.68603295645012,38.68603295645012,1.0,False,False,1.0,False,38.68603295645012,112,v2,0.0,best_weight_by_regime,neutral,0.0,1.0,38.68603295645012,38.68603295645012,0.0,38.68603295645012,0.0,0.0,,,,,,,,,,,,,,,,,False,False,,,,,False,,,,,4.0,True,34.68603295645012,107,112,final_score,38.68603295645012,112,112,13.764447645209641,9.615763546798028,15.369458128078819,11.636363636363637,0.0,0.0,0.0,0.0,-11.700000000000001,9.615763546798028,15.369458128078819,13.764447645209641,11.636363636363637,0.0,0.0,0.0,-11.700000000000001,50.38603295645012,Top-bucket probability score,15.369458128078819,Risk penalty,-11.700000000000001,"요약: live_score 38.7 | live_score_source=final_score | regime=neutral | dominant_driver=prob (Top-bucket probability score 15.4) | top_positive_factor=Top-bucket probability score (15.4) | top_negative_factor=Risk penalty (-11.7)
핵심 driver: Top-bucket probability score (prob_score) contribution 15.4, score 59.1; Tech flow score (tech_score) contribution 13.8, score 57.4; Financial quality score (qual_score) contribution 11.6, score 64.6
리스크 요인: top_negative_factor=Risk penalty (-11.7); risk_penalty 18.0
운영 상태: theme_overlay: disabled (operational config); confidence: 모델 메타 점수 (calibration 미완), score=NA, label=Experimental, live_score 비반영, research/reference 용도","{""base_score"": 38.7, ""theme_weight"": 0.0, ""weight_source"": ""best_weight_by_regime"", ""regime_applied"": ""neutral"", ""theme"": {""name"": ""2차전지"", ""confidence"": 0.69, ""contribution"": 0.0}}",confidence_four_axis_v1,1.0,100.0,97.0,49.620838931183755,44.414792602783926,78.16742862321352,68.73129409303029,68.73129409303029,Medium,Medium,Medium,Medium,core signals disagree; current regime fit is weak,"Confidence score is 68.7 (Medium). data_maturity_score=100.0, model_reliability_score=97.0, signal_agreement_score=49.6, regime_fitness_score=44.4. Reason: core signals disagree; current regime fit is weak.",변동성 관리 양호이 추천 점수를 견인했습니다. 예상 손실 폭 부담 큼 요인은 함께 점검이 필요합니다.,변동성 관리 양호,예상 손실 폭 부담 큼 / 거래 유동성 부족,신뢰도 Medium: core signals disagree; current regime fit is weak,현재 neutral 체계로 균형형 가중치가 적용됐습니다.,strong_safety_profile,,,very_high_risk_penalty,low_liquidity_score,변동성 관리 양호,,,예상 손실 폭 부담 큼,거래 유동성 부족,보수적 접근 권장,"{""drivers"": [""strong_safety_profile""], ""driver_texts"": [""변동성 관리 양호""], ""drags"": [""very_high_risk_penalty"", ""low_liquidity_score""], ""drag_texts"": [""예상 손실 폭 부담 큼"", ""거래 유동성 부족""], ""confidence_label"": ""Medium"", ""confidence_reason"": ""core signals disagree; current regime fit is weak"", ""regime"": ""neutral"", ""weight_profile"": ""neutral_service_balanced"", ""regime_reason"": ""met_conditions=close_gt_ma20,ma20_gt_ma60,recent_20d_return_gt_0.03; true_count=3; breadth_20d=0.527; recent_20d_return=0.0468; ma60=5370.97; volatility_risk_flag=True"", ""action_note"": ""보수적 접근 권장"", ""component_snapshot"": {""ret_score"": 30.05, ""prob_score"": 59.11, ""qual_score"": 64.65, ""tech_score"": 57.35, ""valuation_score"": 50.0, ""risk_penalty"": 18.0, ""live_score"": 38.69, ""final_score"": 38.69, ""confidence_score"": 68.73, ""live_rank"": 112.0, ""live_score_source"": ""final_score""}}",112,2026-04-09 11:17:11,
2026-04-08,259960,0.019550960497892,0.120043541402673,-0.1945044052983864,-0.2019703174518408,0.0864076207668353,0.1013613318611597,0.0,234000.0,81.90954773869346,3,0.4,75.0,0.0325057629999095,0.0332550221395029,135566.1,108680.0,0.0285714285714284,-0.0254060807996667,45.46897196008531,0.8016753450899597,238900.0,240100.0,242516.66666666663,-0.1068702290076335,-0.0270270270270269,크래프톤,KOSPI,게임엔터테인먼트,,,Game IP Monetization,24.725,0.4449018248175183,24.725,24.725,24.725,0.3,,11.00019761861314,True,False,2026-04-08,5872.34,5523.437,0.0407581147205317,-8114.961149999988,neutral,"met_conditions=close_gt_ma20,ma20_gt_ma60,recent_20d_return_gt_0.03; true_count=3; breadth_20d=0.527; recent_20d_return=0.0468; ma60=5370.97; volatility_risk_flag=True",-0.0254060807996667,15.0,24.495073891625616,-0.1068702290076335,-0.0270270270270269,0.0285714285714284,70.93794392017062,49.507884994820984,0.0325057629999095,0.0332550221395029,83.99014778325123,135566.1,108680.0,16.091954022988507,17.733990147783253,0.9,39.49929411819619,feature_v1,45.320197044334975,0.45320197044334976,0.45320197044334976,57.14285714285714,0.5714285714285714,0.5714285714285714,48.866995073891616,48.866995073891616,50.04926108374384,False,8.64076207668353,0.2857142857142857,28.57142857142857,81.90954773869346,81.81818181818183,0.8375,0.78,53.44772727272728,53.44772727272728,20.19704433497537,11.822660098522167,83.99014778325123,17.733990147783253,50.0,48.866995073891616,28.57142857142857,39.49929411819619,ranking_builder_v8_return_prob_tech_regime,False,False,False,False,False,False,False,False,False,False,False,False,0,5.799261612781453,0.19749077015976815,neutral_service_balanced,0.24,0.24,0.32,0.32,0.26,0.26,0.18,0.18,0.65,0.0,0.0,38.39691130136679,38.39691130136679,1.0,False,False,1.0,False,38.39691130136679,113,v2,0.0,best_weight_by_regime,neutral,0.0,1.0,38.39691130136679,38.39691130136679,0.0,38.39691130136679,0.0,0.0,,,,,,,,,,,,,,,,,False,False,,,,,False,,,,,0.0,False,38.39691130136679,93,113,final_score,38.39691130136679,113,113,9.479830588367085,15.637438423645317,7.428571428571428,9.62059090909091,0.0,0.0,0.0,0.0,-3.7695200483079443,15.637438423645317,7.428571428571428,9.479830588367085,9.62059090909091,0.0,0.0,0.0,-3.7695200483079443,42.16643134967474,Primary prediction score,15.637438423645317,Risk penalty,-3.7695200483079443,"요약: live_score 38.4 | live_score_source=final_score | regime=neutral | dominant_driver=ret (Primary prediction score 15.6) | top_positive_factor=Primary prediction score (15.6) | top_negative_factor=Risk penalty (-3.8)
핵심 driver: Primary prediction score (ret_score) contribution 15.6, score 48.9; Financial quality score (qual_score) contribution 9.6, score 53.4; Tech flow score (tech_score) contribution 9.5, score 39.5
리스크 요인: top_negative_factor=Risk penalty (-3.8); risk_penalty 5.8
운영 상태: theme_overlay: disabled (operational config); confidence: 모델 메타 점수 (calibration 미완), score=NA, label=Experimental, live_score 비반영, research/reference 용도","{""base_score"": 38.4, ""theme_weight"": 0.0, ""weight_source"": ""best_weight_by_regime"", ""regime_applied"": ""neutral"", ""theme"": {""name"": ""Game IP Monetization"", ""confidence"": 0.44, ""contribution"": 0.0}}",confidence_four_axis_v1,1.0,91.25,95.5,41.28711038961039,45.12522225658714,73.11556093589067,62.039888607161586,62.039888607161586,Medium,Medium,Medium,Medium,core signals disagree; current regime fit is weak,"Confidence score is 62.0 (Medium). data_maturity_score=91.2, model_reliability_score=95.5, signal_agreement_score=41.3, regime_fitness_score=45.1. Reason: core signals disagree; current regime fit is weak.",변동성 관리 양호이 추천 점수를 견인했습니다. 거래 유동성 부족 요인은 함께 점검이 필요합니다.,변동성 관리 양호,거래 유동성 부족 / 상위권 진입 확률 약함,신뢰도 Medium: core signals disagree; current regime fit is weak,현재 neutral 체계로 균형형 가중치가 적용됐습니다.,strong_safety_profile,,,low_liquidity_score,low_probability_score,변동성 관리 양호,,,거래 유동성 부족,상위권 진입 확률 약함,추가 확인 후 판단,"{""drivers"": [""strong_safety_profile""], ""driver_texts"": [""변동성 관리 양호""], ""drags"": [""low_liquidity_score"", ""low_probability_score""], ""drag_texts"": [""거래 유동성 부족"", ""상위권 진입 확률 약함""], ""confidence_label"": ""Medium"", ""confidence_reason"": ""core signals disagree; current regime fit is weak"", ""regime"": ""neutral"", ""weight_profile"": ""neutral_service_balanced"", ""regime_reason"": ""met_conditions=close_gt_ma20,ma20_gt_ma60,recent_20d_return_gt_0.03; true_count=3; breadth_20d=0.527; recent_20d_return=0.0468; ma60=5370.97; volatility_risk_flag=True"", ""action_note"": ""추가 확인 후 판단"", ""component_snapshot"": {""ret_score"": 48.87, ""prob_score"": 28.57, ""qual_score"": 53.45, ""tech_score"": 39.5, ""valuation_score"": 50.0, ""risk_penalty"": 5.8, ""live_score"": 38.4, ""final_score"": 38.4, ""confidence_score"": 62.04, ""live_rank"": 113.0, ""live_score_source"": ""final_score""}}",113,2026-04-09 11:17:11,
2026-04-08,0009K0,0.1600679183491249,0.157675786060452,-0.2843670282523634,-0.3051843317225263,0.2032741776420116,0.1638674655854113,0.0,48050.0,9.045226130653267,5,0.0,100.0,0.0488940401628004,0.062121952190952,606309.45,211496.0,-0.2619047619047618,-0.112076134158736,42.70282662041982,0.3488251749993341,47420.0,54115.0,55306.66666666666,-0.03125,-0.1018691588785046,에임드바이오,KOSDAQ,바이오/제약,,,,0.0,0.0,,0.0,,0.3,mapping_missing,0.0,False,False,2026-04-08,5872.34,5523.437,0.0407581147205317,-8114.961149999988,neutral,"met_conditions=close_gt_ma20,ma20_gt_ma60,recent_20d_return_gt_0.03; true_count=3; breadth_20d=0.527; recent_20d_return=0.0468; ma60=5370.97; volatility_risk_flag=True",-0.112076134158736,15.0,11.933497536945813,-0.03125,-0.1018691588785046,-0.2619047619047618,65.40565324083964,29.03614237424932,0.0488940401628004,0.062121952190952,31.527093596059117,606309.45,211496.0,33.333333333333336,66.50246305418719,1.0,25.04811781128283,feature_v1,72.9064039408867,0.729064039408867,0.729064039408867,63.54679802955665,0.6354679802955665,0.6354679802955665,70.09852216748769,70.09852216748769,69.16256157635468,False,20.32741776420116,0.7389162561576355,73.89162561576354,9.045226130653267,9.090909090909092,1.0,1.0,9.090909090909092,9.090909090909092,62.5615763546798,74.38423645320196,31.527093596059117,66.50246305418719,50.0,70.09852216748769,73.89162561576354,25.04811781128283,ranking_builder_v8_return_prob_tech_regime,False,False,False,False,False,False,False,False,False,False,False,False,0,17.123273956851424,0.29269394964042855,neutral_service_balanced,0.24,0.24,0.32,0.32,0.26,0.26,0.18,0.18,0.65,0.0,0.0,38.16113359281266,38.16113359281266,1.0,False,False,1.0,False,38.16113359281266,114,v2,0.0,best_weight_by_regime,neutral,0.0,1.0,38.16113359281266,38.16113359281266,0.0,38.16113359281266,0.0,0.0,,,,,,,,,,,,,,,,,False,False,,,,,False,,,,,10.0,True,28.16113359281266,135,114,final_score,38.16113359281266,114,114,6.011548274707879,22.43152709359606,19.211822660098523,1.6363636363636365,0.0,0.0,0.0,0.0,-11.130128071953425,22.43152709359606,19.211822660098523,6.011548274707879,1.6363636363636365,0.0,0.0,0.0,-11.130128071953425,49.29126166476609,Primary prediction score,22.43152709359606,Risk penalty,-11.130128071953425,"요약: live_score 38.2 | live_score_source=final_score | regime=neutral | dominant_driver=ret (Primary prediction score 22.4) | top_positive_factor=Primary prediction score (22.4) | top_negative_factor=Risk penalty (-11.1)
핵심 driver: Primary prediction score (ret_score) contribution 22.4, score 70.1; Top-bucket probability score (prob_score) contribution 19.2, score 73.9; Tech flow score (tech_score) contribution 6.0, score 25.0
리스크 요인: top_negative_factor=Risk penalty (-11.1); risk_penalty 17.1
운영 상태: theme_overlay: disabled (operational config); confidence: 모델 메타 점수 (calibration 미완), score=NA, label=Experimental, live_score 비반영, research/reference 용도","{""base_score"": 38.2, ""theme_weight"": 0.0, ""weight_source"": ""best_weight_by_regime"", ""regime_applied"": ""neutral"", ""theme"": {""name"": ""(none)"", ""confidence"": 0.0, ""contribution"": 0.0}}",confidence_four_axis_v1,1.0,100.0,97.0,45.55978504254366,44.41022940024754,77.15148067067304,67.10595989706697,67.10595989706697,Medium,Medium,Medium,Medium,core signals disagree; current regime fit is weak,"Confidence score is 67.1 (Medium). data_maturity_score=100.0, model_reliability_score=97.0, signal_agreement_score=45.6, regime_fitness_score=44.4. Reason: core signals disagree; current regime fit is weak.",60일 기대수익 상위권와 상위권 진입 확률 우수이 추천 점수를 견인했습니다. 재무 품질 보완 필요 요인은 함께 점검이 필요합니다.,60일 기대수익 상위권 / 상위권 진입 확률 우수 / 거래 유동성 양호,재무 품질 보완 필요 / 예상 손실 폭 부담 큼,신뢰도 Medium: core signals disagree; current regime fit is weak,현재 neutral 체계로 균형형 가중치가 적용됐습니다.,high_ret_score,high_probability_score,healthy_liquidity_profile,weak_quality_score,very_high_risk_penalty,60일 기대수익 상위권,상위권 진입 확률 우수,거래 유동성 양호,재무 품질 보완 필요,예상 손실 폭 부담 큼,추가 확인 후 판단,"{""drivers"": [""high_ret_score"", ""high_probability_score"", ""healthy_liquidity_profile""], ""driver_texts"": [""60일 기대수익 상위권"", ""상위권 진입 확률 우수"", ""거래 유동성 양호""], ""drags"": [""weak_quality_score"", ""very_high_risk_penalty""], ""drag_texts"": [""재무 품질 보완 필요"", ""예상 손실 폭 부담 큼""], ""confidence_label"": ""Medium"", ""confidence_reason"": ""core signals disagree; current regime fit is weak"", ""regime"": ""neutral"", ""weight_profile"": ""neutral_service_balanced"", ""regime_reason"": ""met_conditions=close_gt_ma20,ma20_gt_ma60,recent_20d_return_gt_0.03; true_count=3; breadth_20d=0.527; recent_20d_return=0.0468; ma60=5370.97; volatility_risk_flag=True"", ""action_note"": ""추가 확인 후 판단"", ""component_snapshot"": {""ret_score"": 70.1, ""prob_score"": 73.89, ""qual_score"": 9.09, ""tech_score"": 25.05, ""valuation_score"": 50.0, ""risk_penalty"": 17.12, ""live_score"": 38.16, ""final_score"": 38.16, ""confidence_score"": 67.11, ""live_rank"": 114.0, ""live_score_source"": ""final_score""}}",114,2026-04-09 11:17:11,
2026-04-08,028260,0.024229431381179,-0.0029849178368007,-0.2825285632834443,-0.3137466731421169,0.101110067442311,0.1550495819021135,0.0,309000.0,59.798994974874375,3,0.4,75.0,0.046753206904578,0.0440291148584907,426231.4,776090.0,0.08994708994709,0.1107117181883536,59.23787248384189,1.8208184568288488,275900.0,278200.0,295141.6666666667,0.1318681318681318,0.0692041522491349,삼성물산,KOSPI,복합기업,,,전력설비,22.343750000000004,0.3541200856700044,22.343750000000004,22.343750000000004,22.343750000000004,0.3,,7.9123706641891625,True,False,2026-04-08,5872.34,5523.437,0.0407581147205317,-8114.961149999988,neutral,"met_conditions=close_gt_ma20,ma20_gt_ma60,recent_20d_return_gt_0.03; true_count=3; breadth_20d=0.527; recent_20d_return=0.0468; ma60=5370.97; volatility_risk_flag=True",0.1107117181883536,55.0,74.79064039408867,0.1318681318681318,0.0692041522491349,0.08994708994709,98.47574496768378,92.59923180842341,0.046753206904578,0.0440291148584907,55.66502463054188,426231.4,776090.0,72.41379310344827,54.187192118226605,1.0,76.84199714280041,feature_v1,46.30541871921182,0.4630541871921182,0.4630541871921182,43.34975369458128,0.43349753694581283,0.43349753694581283,45.418719211822655,45.418719211822655,45.1231527093596,False,10.111006744231101,0.35467980295566504,35.467980295566505,59.798994974874375,60.1010101010101,0.8375,0.78,39.260984848484846,39.260984848484846,58.620689655172406,30.049261083743843,55.66502463054188,54.187192118226605,50.0,45.418719211822655,35.467980295566505,76.84199714280041,ranking_builder_v8_return_prob_tech_regime,False,False,False,False,False,False,False,False,False,False,False,False,0,17.4018968672296,0.29501580722691334,neutral_service_balanced,0.24,0.24,0.32,0.32,0.26,0.26,0.18,0.18,0.65,0.0,0.0,37.95348864793067,37.95348864793067,1.0,False,False,1.0,False,37.95348864793067,115,v2,0.0,best_weight_by_regime,neutral,0.0,1.0,37.95348864793067,37.95348864793067,0.0,37.95348864793067,0.0,0.0,,,,,,,,,,,,,,,,,False,False,,,,,False,,,,,4.0,True,33.95348864793067,110,115,final_score,37.95348864793067,115,115,18.442079314272096,14.53399014778325,9.221674876847292,7.066977272727272,0.0,0.0,0.0,0.0,-11.31123296369924,14.53399014778325,9.221674876847292,18.442079314272096,7.066977272727272,0.0,0.0,0.0,-11.31123296369924,49.26472161162991,Tech flow score,18.442079314272096,Risk penalty,-11.31123296369924,"요약: live_score 38.0 | live_score_source=final_score | regime=neutral | dominant_driver=tech (Tech flow score 18.4) | top_positive_factor=Tech flow score (18.4) | top_negative_factor=Risk penalty (-11.3)
핵심 driver: Tech flow score (tech_score) contribution 18.4, score 76.8; Primary prediction score (ret_score) contribution 14.5, score 45.4; Top-bucket probability score (prob_score) contribution 9.2, score 35.5
리스크 요인: top_negative_factor=Risk penalty (-11.3); risk_penalty 17.4
운영 상태: theme_overlay: disabled (operational config); confidence: 모델 메타 점수 (calibration 미완), score=NA, label=Experimental, live_score 비반영, research/reference 용도","{""base_score"": 38.0, ""theme_weight"": 0.0, ""weight_source"": ""best_weight_by_regime"", ""regime_applied"": ""neutral"", ""theme"": {""name"": ""전력설비"", ""confidence"": 0.35, ""contribution"": 0.0}}",confidence_four_axis_v1,1.0,91.25,97.0,53.83779494582983,43.2784490764109,76.4262160979191,66.69080779361411,66.69080779361411,Medium,Medium,Medium,Medium,core signals disagree; current regime fit is weak,"Confidence score is 66.7 (Medium). data_maturity_score=91.2, model_reliability_score=97.0, signal_agreement_score=53.8, regime_fitness_score=43.3. Reason: core signals disagree; current regime fit is weak.",추세 구조 양호이 추천 점수를 견인했습니다. 예상 손실 폭 부담 큼 요인은 함께 점검이 필요합니다.,추세 구조 양호,예상 손실 폭 부담 큼 / 상위권 진입 확률 약함,신뢰도 Medium: core signals disagree; current regime fit is weak,현재 neutral 체계로 균형형 가중치가 적용됐습니다.,high_tech_score,,,very_high_risk_penalty,low_probability_score,추세 구조 양호,,,예상 손실 폭 부담 큼,상위권 진입 확률 약함,보수적 접근 권장,"{""drivers"": [""high_tech_score""], ""driver_texts"": [""추세 구조 양호""], ""drags"": [""very_high_risk_penalty"", ""low_probability_score""], ""drag_texts"": [""예상 손실 폭 부담 큼"", ""상위권 진입 확률 약함""], ""confidence_label"": ""Medium"", ""confidence_reason"": ""core signals disagree; current regime fit is weak"", ""regime"": ""neutral"", ""weight_profile"": ""neutral_service_balanced"", ""regime_reason"": ""met_conditions=close_gt_ma20,ma20_gt_ma60,recent_20d_return_gt_0.03; true_count=3; breadth_20d=0.527; recent_20d_return=0.0468; ma60=5370.97; volatility_risk_flag=True"", ""action_note"": ""보수적 접근 권장"", ""component_snapshot"": {""ret_score"": 45.42, ""prob_score"": 35.47, ""qual_score"": 39.26, ""tech_score"": 76.84, ""valuation_score"": 50.0, ""risk_penalty"": 17.4, ""live_score"": 37.95, ""final_score"": 37.95, ""confidence_score"": 66.69, ""live_rank"": 115.0, ""live_score_source"": ""final_score""}}",115,2026-04-09 11:17:11,
2026-04-08,257720,-0.0892823323349917,-0.0041567170473101,-0.273289790806589,-0.3068694511146594,0.1385412656399055,0.0881889961987795,0.0,41250.0,64.82412060301507,3,0.4,75.0,0.0396740038445373,0.0477414977723644,574512.55,682601.0,0.095617529880478,0.0826061282068106,55.3126568179357,1.188139406180074,39270.0,38102.5,42155.833333333336,0.03125,0.0756192959582791,실리콘투,KOSDAQ,인터넷과카탈로그소매,,,,0.0,0.0,,0.0,,0.3,mapping_missing,0.0,False,False,2026-04-08,5872.34,5523.437,0.0407581147205317,-8114.961149999988,neutral,"met_conditions=close_gt_ma20,ma20_gt_ma60,recent_20d_return_gt_0.03; true_count=3; breadth_20d=0.527; recent_20d_return=0.0468; ma60=5370.97; volatility_risk_flag=True",0.0826061282068106,75.0,83.06650246305418,0.03125,0.0756192959582791,0.095617529880478,90.6253136358714,84.84844663556883,0.0396740038445373,0.0477414977723644,60.837438423645324,574512.55,682601.0,64.5320197044335,64.5320197044335,1.0,76.46419770175943,feature_v1,17.733990147783253,0.17733990147783252,0.17733990147783252,42.857142857142854,0.42857142857142855,0.42857142857142855,25.270935960591135,25.270935960591135,27.783251231527096,False,13.85412656399055,0.5517241379310345,55.172413793103445,64.82412060301507,65.15151515151516,0.8375,0.78,42.56022727272728,42.56022727272728,37.4384236453202,40.88669950738916,60.837438423645324,64.5320197044335,50.0,25.270935960591135,55.172413793103445,76.46419770175943,ranking_builder_v8_return_prob_tech_regime,False,False,False,False,False,False,False,False,False,False,False,False,0,16.40659859157806,0.28672165492981716,neutral_service_balanced,0.24,0.24,0.32,0.32,0.26,0.26,0.18,0.18,0.65,0.0,0.0,37.77948636658349,37.77948636658349,1.0,False,False,1.0,False,37.77948636658349,116,v2,0.0,best_weight_by_regime,neutral,0.0,1.0,37.77948636658349,37.77948636658349,0.0,37.77948636658349,0.0,0.0,,,,,,,,,,,,,,,,,False,False,,,,,False,,,,,4.0,True,33.77948636658349,111,116,final_score,37.77948636658349,116,116,18.35140744842226,8.086699507389163,14.344827586206897,7.66084090909091,0.0,0.0,0.0,0.0,-10.66428908452574,8.086699507389163,14.344827586206897,18.35140744842226,7.66084090909091,0.0,0.0,0.0,-10.66428908452574,48.44377545110923,Tech flow score,18.35140744842226,Risk penalty,-10.66428908452574,"요약: live_score 37.8 | live_score_source=final_score | regime=neutral | dominant_driver=tech (Tech flow score 18.4) | top_positive_factor=Tech flow score (18.4) | top_negative_factor=Risk penalty (-10.7)
핵심 driver: Tech flow score (tech_score) contribution 18.4, score 76.5; Top-bucket probability score (prob_score) contribution 14.3, score 55.2; Primary prediction score (ret_score) contribution 8.1, score 25.3
리스크 요인: top_negative_factor=Risk penalty (-10.7); risk_penalty 16.4
운영 상태: theme_overlay: disabled (operational config); confidence: 모델 메타 점수 (calibration 미완), score=NA, label=Experimental, live_score 비반영, research/reference 용도","{""base_score"": 37.8, ""theme_weight"": 0.0, ""weight_source"": ""best_weight_by_regime"", ""regime_applied"": ""neutral"", ""theme"": {""name"": ""(none)"", ""confidence"": 0.0, ""contribution"": 0.0}}",confidence_four_axis_v1,1.0,91.25,97.0,44.64202147764951,43.481984888913225,74.15780310274936,63.05320556884245,63.05320556884245,Medium,Medium,Medium,Medium,core signals disagree; current regime fit is weak,"Confidence score is 63.1 (Medium). data_maturity_score=91.2, model_reliability_score=97.0, signal_agreement_score=44.6, regime_fitness_score=43.5. Reason: core signals disagree; current regime fit is weak.",추세 구조 양호이 추천 점수를 견인했습니다. 예상 손실 폭 부담 큼 요인은 함께 점검이 필요합니다.,추세 구조 양호,예상 손실 폭 부담 큼 / 기대수익 매력 낮음,신뢰도 Medium: core signals disagree; current regime fit is weak,현재 neutral 체계로 균형형 가중치가 적용됐습니다.,high_tech_score,,,very_high_risk_penalty,weak_ret_score,추세 구조 양호,,,예상 손실 폭 부담 큼,기대수익 매력 낮음,보수적 접근 권장,"{""drivers"": [""high_tech_score""], ""driver_texts"": [""추세 구조 양호""], ""drags"": [""very_high_risk_penalty"", ""weak_ret_score""], ""drag_texts"": [""예상 손실 폭 부담 큼"", ""기대수익 매력 낮음""], ""confidence_label"": ""Medium"", ""confidence_reason"": ""core signals disagree; current regime fit is weak"", ""regime"": ""neutral"", ""weight_profile"": ""neutral_service_balanced"", ""regime_reason"": ""met_conditions=close_gt_ma20,ma20_gt_ma60,recent_20d_return_gt_0.03; true_count=3; breadth_20d=0.527; recent_20d_return=0.0468; ma60=5370.97; volatility_risk_flag=True"", ""action_note"": ""보수적 접근 권장"", ""component_snapshot"": {""ret_score"": 25.27, ""prob_score"": 55.17, ""qual_score"": 42.56, ""tech_score"": 76.46, ""valuation_score"": 50.0, ""risk_penalty"": 16.41, ""live_score"": 37.78, ""final_score"": 37.78, ""confidence_score"": 63.05, ""live_rank"": 116.0, ""live_score_source"": ""final_score""}}",116,2026-04-09 11:17:11,
2026-04-08,005490,0.0395600327671268,0.1817118560917394,-0.2489842856335699,-0.2669133275636893,0.0452538158773059,0.0710562822309922,0.0,362500.0,49.246231155778894,3,0.4,75.0,0.0271975650055716,0.0399834049296862,327788.65,454015.0,0.0507246376811594,0.0583169111743668,56.60511259100577,1.3850845659238047,349100.0,342525.0,355225.0,0.0476878612716762,0.0599415204678361,POSCO홀딩스,KOSPI,철강,,,2차전지,60.53125,0.6258480839416058,60.53125,60.53125,60.53125,0.3,,37.88336683109033,True,False,2026-04-08,5872.34,5523.437,0.0407581147205317,-8114.961149999988,neutral,"met_conditions=close_gt_ma20,ma20_gt_ma60,recent_20d_return_gt_0.03; true_count=3; breadth_20d=0.527; recent_20d_return=0.0468; ma60=5370.97; volatility_risk_flag=True",0.0583169111743668,75.0,77.40147783251231,0.0476878612716762,0.0599415204678361,0.0507246376811594,93.21022518201154,83.52423117235017,0.0271975650055716,0.0399834049296862,83.2512315270936,327788.65,454015.0,61.412151067323485,45.812807881773395,1.0,78.31599322559349,feature_v1,51.231527093596064,0.5123152709359606,0.5123152709359606,68.4729064039409,0.6847290640394089,0.6847290640394089,56.40394088669951,56.40394088669951,58.12807881773399,False,4.52538158773059,0.10837438423645321,10.83743842364532,49.246231155778894,49.494949494949495,0.8375,0.78,32.33257575757576,32.33257575757576,9.35960591133005,24.137931034482758,83.2512315270936,45.812807881773395,50.0,56.40394088669951,10.83743842364532,78.31599322559349,ranking_builder_v8_return_prob_tech_regime,False,False,False,False,False,False,False,False,False,False,False,False,0,12.738708288674115,0.25615590240561764,neutral_service_balanced,0.24,0.24,0.32,0.32,0.26,0.26,0.18,0.18,0.65,0.0,0.0,37.20253669675952,37.20253669675952,1.0,False,False,1.0,False,37.20253669675952,117,v2,0.0,best_weight_by_regime,neutral,0.0,1.0,37.20253669675952,37.20253669675952,0.0,37.20253669675952,0.0,0.0,,,,,,,,,,,,,,,,,False,False,,,,,False,,,,,4.0,True,33.20253669675952,114,117,final_score,37.20253669675952,117,117,18.795838374142438,18.049261083743843,2.8177339901477834,5.819863636363637,0.0,0.0,0.0,0.0,-8.280160387638174,18.049261083743843,2.8177339901477834,18.795838374142438,5.819863636363637,0.0,0.0,0.0,-8.280160387638174,45.4826970843977,Tech flow score,18.795838374142438,Risk penalty,-8.280160387638174,"요약: live_score 37.2 | live_score_source=final_score | regime=neutral | dominant_driver=tech (Tech flow score 18.8) | top_positive_factor=Tech flow score (18.8) | top_negative_factor=Risk penalty (-8.3)
핵심 driver: Tech flow score (tech_score) contribution 18.8, score 78.3; Primary prediction score (ret_score) contribution 18.0, score 56.4; Financial quality score (qual_score) contribution 5.8, score 32.3
리스크 요인: top_negative_factor=Risk penalty (-8.3); risk_penalty 12.7
운영 상태: theme_overlay: disabled (operational config); confidence: 모델 메타 점수 (calibration 미완), score=NA, label=Experimental, live_score 비반영, research/reference 용도","{""base_score"": 37.2, ""theme_weight"": 0.0, ""weight_source"": ""best_weight_by_regime"", ""regime_applied"": ""neutral"", ""theme"": {""name"": ""2차전지"", ""confidence"": 0.63, ""contribution"": 0.0}}",confidence_four_axis_v1,1.0,91.25,97.0,33.50643355941555,42.73802724383215,71.2623124764287,58.45017887253265,58.45017887253265,Medium,Medium,Medium,Medium,core signals disagree; current regime fit is weak,"Confidence score is 58.5 (Medium). data_maturity_score=91.2, model_reliability_score=97.0, signal_agreement_score=33.5, regime_fitness_score=42.7. Reason: core signals disagree; current regime fit is weak.",추세 구조 양호와 변동성 관리 양호이 추천 점수를 견인했습니다. 신호 신뢰도 낮음 요인은 함께 점검이 필요합니다.,추세 구조 양호 / 변동성 관리 양호,신호 신뢰도 낮음 / 상위권 진입 확률 약함,신뢰도 Medium: core signals disagree; current regime fit is weak,현재 neutral 체계로 균형형 가중치가 적용됐습니다.,high_tech_score,strong_safety_profile,,low_confidence,low_probability_score,추세 구조 양호,변동성 관리 양호,,신호 신뢰도 낮음,상위권 진입 확률 약함,보수적 접근 권장,"{""drivers"": [""high_tech_score"", ""strong_safety_profile""], ""driver_texts"": [""추세 구조 양호"", ""변동성 관리 양호""], ""drags"": [""low_confidence"", ""low_probability_score""], ""drag_texts"": [""신호 신뢰도 낮음"", ""상위권 진입 확률 약함""], ""confidence_label"": ""Medium"", ""confidence_reason"": ""core signals disagree; current regime fit is weak"", ""regime"": ""neutral"", ""weight_profile"": ""neutral_service_balanced"", ""regime_reason"": ""met_conditions=close_gt_ma20,ma20_gt_ma60,recent_20d_return_gt_0.03; true_count=3; breadth_20d=0.527; recent_20d_return=0.0468; ma60=5370.97; volatility_risk_flag=True"", ""action_note"": ""보수적 접근 권장"", ""component_snapshot"": {""ret_score"": 56.4, ""prob_score"": 10.84, ""qual_score"": 32.33, ""tech_score"": 78.32, ""valuation_score"": 50.0, ""risk_penalty"": 12.74, ""live_score"": 37.2, ""final_score"": 37.2, ""confidence_score"": 58.45, ""live_rank"": 117.0, ""live_score_source"": ""final_score""}}",117,2026-04-09 11:17:11,
2026-04-08,000660,0.0824053855509383,0.0524424520769002,-0.3192624514637074,-0.3865805142771106,0.0438028173939904,0.0281308060209519,0.0,1033000.0,83.41708542713567,3,0.4,75.0,0.0621021886198397,0.0564413783178961,4398843.6,6709356.0,0.081675392670157,0.1022781838553059,58.74484049611642,1.5252545009783935,908200.0,937150.0,886750.0,0.1567749160134379,0.0381909547738692,SK하이닉스,KOSPI,반도체,,,HBM,44.0625,0.4752033759124087,44.0625,44.0625,44.0625,0.3,,20.93864875114051,True,False,2026-04-08,5872.34,5523.437,0.0407581147205317,-8114.961149999988,neutral,"met_conditions=close_gt_ma20,ma20_gt_ma60,recent_20d_return_gt_0.03; true_count=3; breadth_20d=0.527; recent_20d_return=0.0468; ma60=5370.97; volatility_risk_flag=True",0.1022781838553059,55.0,74.05172413793103,0.1567749160134379,0.0381909547738692,0.081675392670157,97.48968099223283,90.25911975544736,0.0621021886198397,0.0564413783178961,26.84729064039409,4398843.6,6709356.0,94.58128078817735,98.0295566502463,1.0,73.3628594020913,feature_v1,62.06896551724138,0.6206896551724138,0.6206896551724138,49.26108374384236,0.49261083743842365,0.49261083743842365,58.22660098522168,58.22660098522168,56.94581280788177,False,4.38028173939904,0.10344827586206896,10.344827586206897,83.41708542713567,83.33333333333334,0.8375,0.78,54.43750000000001,54.43750000000001,85.71428571428571,60.591133004926114,26.84729064039409,98.0295566502463,50.0,58.22660098522168,10.344827586206897,73.3628594020913,ranking_builder_v8_return_prob_tech_regime,False,False,False,False,False,False,False,False,False,False,False,False,0,18.0,0.3461896765890687,neutral_service_balanced,0.24,0.24,0.32,0.32,0.26,0.26,0.18,0.18,0.65,0.0,0.0,37.028003744186634,37.028003744186634,1.0,False,False,1.0,False,37.028003744186634,118,v2,0.0,best_weight_by_regime,neutral,0.0,1.0,37.028003744186634,37.028003744186634,0.0,37.028003744186634,0.0,0.0,,,,,,,,,,,,,,,,,False,False,,,,,False,,,,,4.0,True,33.028003744186634,115,118,final_score,37.028003744186634,118,118,17.607086256501912,18.632512315270937,2.689655172413793,9.79875,0.0,0.0,0.0,0.0,-11.700000000000001,18.632512315270937,2.689655172413793,17.607086256501912,9.79875,0.0,0.0,0.0,-11.700000000000001,48.72800374418664,Primary prediction score,18.632512315270937,Risk penalty,-11.700000000000001,"요약: live_score 37.0 | live_score_source=final_score | regime=neutral | dominant_driver=ret (Primary prediction score 18.6) | top_positive_factor=Primary prediction score (18.6) | top_negative_factor=Risk penalty (-11.7)
핵심 driver: Primary prediction score (ret_score) contribution 18.6, score 58.2; Tech flow score (tech_score) contribution 17.6, score 73.4; Financial quality score (qual_score) contribution 9.8, score 54.4
리스크 요인: top_negative_factor=Risk penalty (-11.7); risk_penalty 18.0
운영 상태: theme_overlay: disabled (operational config); confidence: 모델 메타 점수 (calibration 미완), score=NA, label=Experimental, live_score 비반영, research/reference 용도","{""base_score"": 37.0, ""theme_weight"": 0.0, ""weight_source"": ""best_weight_by_regime"", ""regime_applied"": ""neutral"", ""theme"": {""name"": ""HBM"", ""confidence"": 0.48, ""contribution"": 0.0}}",confidence_four_axis_v1,1.0,91.25,97.0,41.09459045523467,42.16877877696999,73.07396443035415,61.37159193748787,61.37159193748787,Medium,Medium,Medium,Medium,core signals disagree; current regime fit is weak,"Confidence score is 61.4 (Medium). data_maturity_score=91.2, model_reliability_score=97.0, signal_agreement_score=41.1, regime_fitness_score=42.2. Reason: core signals disagree; current regime fit is weak.",거래 유동성 양호와 추세 구조 양호이 추천 점수를 견인했습니다. 상위권 진입 확률 약함 요인은 함께 점검이 필요합니다.,거래 유동성 양호 / 추세 구조 양호,상위권 진입 확률 약함 / 예상 손실 폭 부담 큼,신뢰도 Medium: core signals disagree; current regime fit is weak,현재 neutral 체계로 균형형 가중치가 적용됐습니다.,healthy_liquidity_profile,high_tech_score,,low_probability_score,very_high_risk_penalty,거래 유동성 양호,추세 구조 양호,,상위권 진입 확률 약함,예상 손실 폭 부담 큼,추가 확인 후 판단,"{""drivers"": [""healthy_liquidity_profile"", ""high_tech_score""], ""driver_texts"": [""거래 유동성 양호"", ""추세 구조 양호""], ""drags"": [""low_probability_score"", ""very_high_risk_penalty""], ""drag_texts"": [""상위권 진입 확률 약함"", ""예상 손실 폭 부담 큼""], ""confidence_label"": ""Medium"", ""confidence_reason"": ""core signals disagree; current regime fit is weak"", ""regime"": ""neutral"", ""weight_profile"": ""neutral_service_balanced"", ""regime_reason"": ""met_conditions=close_gt_ma20,ma20_gt_ma60,recent_20d_return_gt_0.03; true_count=3; breadth_20d=0.527; recent_20d_return=0.0468; ma60=5370.97; volatility_risk_flag=True"", ""action_note"": ""추가 확인 후 판단"", ""component_snapshot"": {""ret_score"": 58.23, ""prob_score"": 10.34, ""qual_score"": 54.44, ""tech_score"": 73.36, ""valuation_score"": 50.0, ""risk_penalty"": 18.0, ""live_score"": 37.03, ""final_score"": 37.03, ""confidence_score"": 61.37, ""live_rank"": 118.0, ""live_score_source"": ""final_score""}}",118,2026-04-09 11:17:11,
2026-04-08,089030,0.1148519970410204,0.1522904472892694,-0.3216936607053617,-0.3420495026358541,0.156832587289739,0.1261108706427425,0.0,50800.0,13.5678391959799,5,0.0,100.0,0.0470248272724134,0.0648889490170969,1363007.15,1233577.0,-0.2184615384615384,-0.0557182025187044,48.21580051254192,0.9050407402485012,47460.0,53797.5,50105.833333333336,0.0252270433905146,-0.0678899082568806,테크윙,KOSDAQ,반도체,,,HBM,28.640625,0.3877033759124088,28.640625,28.640625,28.640625,0.3,,11.104067000741333,True,False,2026-04-08,5872.34,5523.437,0.0407581147205317,-8114.961149999988,neutral,"met_conditions=close_gt_ma20,ma20_gt_ma60,recent_20d_return_gt_0.03; true_count=3; breadth_20d=0.527; recent_20d_return=0.0468; ma60=5370.97; volatility_risk_flag=True",-0.0557182025187044,35.0,27.352216748768473,0.0252270433905146,-0.0678899082568806,-0.2184615384615384,76.43160102508384,43.86159483755175,0.0470248272724134,0.0648889490170969,30.788177339901477,1363007.15,1233577.0,64.86042692939246,87.192118226601,1.0,39.44392272516282,feature_v1,65.51724137931035,0.6551724137931034,0.6551724137931034,62.5615763546798,0.625615763546798,0.625615763546798,64.63054187192118,64.63054187192118,64.33497536945814,False,15.6832587289739,0.6157635467980296,61.57635467980296,13.5678391959799,13.636363636363635,1.0,1.0,13.636363636363635,13.636363636363635,59.11330049261084,79.3103448275862,30.788177339901477,87.192118226601,50.0,64.63054187192118,61.57635467980296,39.44392272516282,ranking_builder_v8_return_prob_tech_regime,False,False,False,False,False,False,False,False,False,False,False,False,0,18.0,0.32983599747755865,neutral_service_balanced,0.24,0.24,0.32,0.32,0.26,0.26,0.18,0.18,0.65,0.0,0.0,36.91271252434807,36.91271252434807,1.0,False,False,1.0,False,36.91271252434807,119,v2,0.0,best_weight_by_regime,neutral,0.0,1.0,36.91271252434807,36.91271252434807,0.0,36.91271252434807,0.0,0.0,,,,,,,,,,,,,,,,,False,False,,,,,False,,,,,10.0,True,26.912712524348073,138,119,final_score,36.91271252434807,119,119,9.466541454039076,20.68177339901478,16.00985221674877,2.454545454545454,0.0,0.0,0.0,0.0,-11.700000000000001,20.68177339901478,16.00985221674877,9.466541454039076,2.454545454545454,0.0,0.0,0.0,-11.700000000000001,48.612712524348076,Primary prediction score,20.68177339901478,Risk penalty,-11.700000000000001,"요약: live_score 36.9 | live_score_source=final_score | regime=neutral | dominant_driver=ret (Primary prediction score 20.7) | top_positive_factor=Primary prediction score (20.7) | top_negative_factor=Risk penalty (-11.7)
핵심 driver: Primary prediction score (ret_score) contribution 20.7, score 64.6; Top-bucket probability score (prob_score) contribution 16.0, score 61.6; Tech flow score (tech_score) contribution 9.5, score 39.4
리스크 요인: top_negative_factor=Risk penalty (-11.7); risk_penalty 18.0
운영 상태: theme_overlay: disabled (operational config); confidence: 모델 메타 점수 (calibration 미완), score=NA, label=Experimental, live_score 비반영, research/reference 용도","{""base_score"": 36.9, ""theme_weight"": 0.0, ""weight_source"": ""best_weight_by_regime"", ""regime_applied"": ""neutral"", ""theme"": {""name"": ""HBM"", ""confidence"": 0.39, ""contribution"": 0.0}}",confidence_four_axis_v1,1.0,100.0,97.0,55.95174652933274,42.94547957414139,79.52975856845438,70.96979452656137,70.96979452656137,Medium,High,High,High,current regime fit is weak,"Confidence score is 71.0 (High). data_maturity_score=100.0, model_reliability_score=97.0, signal_agreement_score=56.0, regime_fitness_score=42.9. Reason: current regime fit is weak.",거래 유동성 양호이 추천 점수를 견인했습니다. 재무 품질 보완 필요 요인은 함께 점검이 필요합니다.,거래 유동성 양호,재무 품질 보완 필요 / 예상 손실 폭 부담 큼,신뢰도 High: current regime fit is weak,현재 neutral 체계로 균형형 가중치가 적용됐습니다.,healthy_liquidity_profile,,,weak_quality_score,very_high_risk_penalty,거래 유동성 양호,,,재무 품질 보완 필요,예상 손실 폭 부담 큼,추가 확인 후 판단,"{""drivers"": [""healthy_liquidity_profile""], ""driver_texts"": [""거래 유동성 양호""], ""drags"": [""weak_quality_score"", ""very_high_risk_penalty""], ""drag_texts"": [""재무 품질 보완 필요"", ""예상 손실 폭 부담 큼""], ""confidence_label"": ""High"", ""confidence_reason"": ""current regime fit is weak"", ""regime"": ""neutral"", ""weight_profile"": ""neutral_service_balanced"", ""regime_reason"": ""met_conditions=close_gt_ma20,ma20_gt_ma60,recent_20d_return_gt_0.03; true_count=3; breadth_20d=0.527; recent_20d_return=0.0468; ma60=5370.97; volatility_risk_flag=True"", ""action_note"": ""추가 확인 후 판단"", ""component_snapshot"": {""ret_score"": 64.63, ""prob_score"": 61.58, ""qual_score"": 13.64, ""tech_score"": 39.44, ""valuation_score"": 50.0, ""risk_penalty"": 18.0, ""live_score"": 36.91, ""final_score"": 36.91, ""confidence_score"": 70.97, ""live_rank"": 119.0, ""live_score_source"": ""final_score""}}",119,2026-04-09 11:17:11,
2026-04-08,064760,-0.0251760848573472,0.0287911117877592,-0.2437974552979139,-0.3148691855003303,0.0901121728462204,0.1874669375858127,0.0,242500.0,90.95477386934674,5,0.0,100.0,0.0432101315766097,0.0613494199881907,81310.4,99247.0,0.1022727272727272,0.0442458822262892,56.33265687390694,1.2205941675357643,220700.0,232225.0,213355.0,0.043010752688172,0.0104166666666667,티씨케이,KOSDAQ,반도체와반도체장비,,,,0.0,0.0,,0.0,,0.3,mapping_missing,0.0,False,False,2026-04-08,5872.34,5523.437,0.0407581147205317,-8114.961149999988,neutral,"met_conditions=close_gt_ma20,ma20_gt_ma60,recent_20d_return_gt_0.03; true_count=3; breadth_20d=0.527; recent_20d_return=0.0468; ma60=5370.97; volatility_risk_flag=True",0.0442458822262892,55.0,65.1847290640394,0.043010752688172,0.0104166666666667,0.1022727272727272,92.66531374781388,81.54071267340667,0.0432101315766097,0.0613494199881907,39.40886699507389,81310.4,99247.0,28.407224958949097,8.866995073891626,0.72,43.37101821438813,feature_v1,32.01970443349754,0.32019704433497537,0.32019704433497537,46.79802955665024,0.46798029556650245,0.46798029556650245,36.45320197044335,36.45320197044335,37.93103448275862,False,9.01121728462204,0.3054187192118227,30.541871921182267,90.95477386934674,90.9090909090909,1.0,1.0,90.9090909090909,90.9090909090909,47.783251231527096,73.39901477832512,39.40886699507389,8.866995073891626,50.0,36.45320197044335,30.541871921182267,43.37101821438813,ranking_builder_v8_return_prob_tech_regime,False,False,False,False,False,False,False,False,False,False,False,False,0,14.667137685465654,0.27222614737888046,neutral_service_balanced,0.24,0.24,0.32,0.32,0.26,0.26,0.18,0.18,0.65,0.0,0.0,36.8449525695861,36.8449525695861,1.0,False,False,1.0,False,36.8449525695861,120,v2,0.0,best_weight_by_regime,neutral,0.0,1.0,36.8449525695861,36.8449525695861,0.0,36.8449525695861,0.0,0.0,,,,,,,,,,,,,,,,,False,False,,,,,False,,,,,4.0,True,32.8449525695861,116,120,final_score,36.8449525695861,120,120,10.40904437145315,11.665024630541874,7.94088669950739,16.363636363636363,0.0,0.0,0.0,0.0,-9.533639495552675,11.665024630541874,7.94088669950739,10.40904437145315,16.363636363636363,0.0,0.0,0.0,-9.533639495552675,46.378592065138776,Financial quality score,16.363636363636363,Risk penalty,-9.533639495552675,"요약: live_score 36.8 | live_score_source=final_score | regime=neutral | dominant_driver=ret (Primary prediction score 11.7) | top_positive_factor=Financial quality score (16.4) | top_negative_factor=Risk penalty (-9.5)
핵심 driver: Financial quality score (qual_score) contribution 16.4, score 90.9; Primary prediction score (ret_score) contribution 11.7, score 36.5; Tech flow score (tech_score) contribution 10.4, score 43.4
리스크 요인: top_negative_factor=Risk penalty (-9.5); risk_penalty 14.7
운영 상태: theme_overlay: disabled (operational config); confidence: 모델 메타 점수 (calibration 미완), score=NA, label=Experimental, live_score 비반영, research/reference 용도","{""base_score"": 36.8, ""theme_weight"": 0.0, ""weight_source"": ""best_weight_by_regime"", ""regime_applied"": ""neutral"", ""theme"": {""name"": ""(none)"", ""confidence"": 0.0, ""contribution"": 0.0}}",confidence_four_axis_v1,1.0,100.0,92.8,41.8898343036274,42.97851221082962,74.7592354075313,65.35163616361689,65.35163616361689,Medium,Medium,Medium,Medium,core signals disagree; current regime fit is weak,"Confidence score is 65.4 (Medium). data_maturity_score=100.0, model_reliability_score=92.8, signal_agreement_score=41.9, regime_fitness_score=43.0. Reason: core signals disagree; current regime fit is weak.",재무 품질 양호이 추천 점수를 견인했습니다. 거래 유동성 부족 요인은 함께 점검이 필요합니다.,재무 품질 양호,거래 유동성 부족 / 예상 손실 폭 부담 큼,신뢰도 Medium: core signals disagree; current regime fit is weak,현재 neutral 체계로 균형형 가중치가 적용됐습니다.,strong_quality_profile,,,low_liquidity_score,very_high_risk_penalty,재무 품질 양호,,,거래 유동성 부족,예상 손실 폭 부담 큼,추가 확인 후 판단,"{""drivers"": [""strong_quality_profile""], ""driver_texts"": [""재무 품질 양호""], ""drags"": [""low_liquidity_score"", ""very_high_risk_penalty""], ""drag_texts"": [""거래 유동성 부족"", ""예상 손실 폭 부담 큼""], ""confidence_label"": ""Medium"", ""confidence_reason"": ""core signals disagree; current regime fit is weak"", ""regime"": ""neutral"", ""weight_profile"": ""neutral_service_balanced"", ""regime_reason"": ""met_conditions=close_gt_ma20,ma20_gt_ma60,recent_20d_return_gt_0.03; true_count=3; breadth_20d=0.527; recent_20d_return=0.0468; ma60=5370.97; volatility_risk_flag=True"", ""action_note"": ""추가 확인 후 판단"", ""component_snapshot"": {""ret_score"": 36.45, ""prob_score"": 30.54, ""qual_score"": 90.91, ""tech_score"": 43.37, ""valuation_score"": 50.0, ""risk_penalty"": 14.67, ""live_score"": 36.84, ""final_score"": 36.84, ""confidence_score"": 65.35, ""live_rank"": 120.0, ""live_score_source"": ""final_score""}}",120,2026-04-09 11:17:11,
2026-04-08,009540,0.0523775644810917,0.3070686013333092,-0.1726829754753415,-0.2188431164653335,0.0363470835632894,0.0134808892617,0.0,389500.0,47.73869346733669,2,0.6,60.0,0.0424486703311172,0.0402101487584787,213492.95,218820.0,-0.0726190476190475,0.0101141078838173,50.32935389258023,1.024951877802054,372500.0,385600.0,411558.3333333333,0.0456375838926175,0.0116883116883117,HD한국조선해양,KOSPI,조선/해양·해운,,,조선,29.70625,0.4540492552530461,29.70625,29.70625,29.70625,0.3,,13.488100688860802,True,False,2026-04-08,5872.34,5523.437,0.0407581147205317,-8114.961149999988,neutral,"met_conditions=close_gt_ma20,ma20_gt_ma60,recent_20d_return_gt_0.03; true_count=3; breadth_20d=0.527; recent_20d_return=0.0468; ma60=5370.97; volatility_risk_flag=True",0.0101141078838173,55.0,53.608374384236456,0.0456375838926175,0.0116883116883117,-0.0726190476190475,80.65870778516046,63.76073605959061,0.0424486703311172,0.0402101487584787,65.02463054187191,213492.95,218820.0,34.81116584564861,31.527093596059114,1.0,56.62537092134932,feature_v1,54.679802955665025,0.5467980295566502,0.5467980295566502,80.78817733990148,0.8078817733990148,0.8078817733990148,62.51231527093596,62.51231527093596,65.1231527093596,False,3.6347083563289395,0.07389162561576355,7.389162561576355,47.73869346733669,47.97979797979798,0.74,0.6699999999999999,23.788383838383837,23.788383838383837,44.827586206896555,25.12315270935961,65.02463054187191,31.527093596059114,50.0,62.51231527093596,7.389162561576355,56.62537092134932,ranking_builder_v8_return_prob_tech_regime,False,False,False,False,False,False,False,False,False,False,False,False,0,5.291762549707064,0.1911470318713383,neutral_service_balanced,0.24,0.24,0.32,0.32,0.26,0.26,0.18,0.18,0.65,0.0,0.0,36.3574756074327,36.3574756074327,1.0,False,False,1.0,False,36.3574756074327,121,v2,0.0,best_weight_by_regime,neutral,0.0,1.0,36.3574756074327,36.3574756074327,0.0,36.3574756074327,0.0,0.0,,,,,,,,,,,,,,,,,False,False,,,,,False,,,,,0.0,False,36.3574756074327,101,121,final_score,36.3574756074327,121,121,13.590089021123838,20.003940886699507,1.9211822660098523,4.281909090909091,0.0,0.0,0.0,0.0,-3.4396456573095917,20.003940886699507,1.9211822660098523,13.590089021123838,4.281909090909091,0.0,0.0,0.0,-3.4396456573095917,39.79712126474228,Primary prediction score,20.003940886699507,Risk penalty,-3.4396456573095917,"요약: live_score 36.4 | live_score_source=final_score | regime=neutral | dominant_driver=ret (Primary prediction score 20.0) | top_positive_factor=Primary prediction score (20.0) | top_negative_factor=Risk penalty (-3.4)
핵심 driver: Primary prediction score (ret_score) contribution 20.0, score 62.5; Tech flow score (tech_score) contribution 13.6, score 56.6; Financial quality score (qual_score) contribution 4.3, score 23.8
리스크 요인: top_negative_factor=Risk penalty (-3.4); risk_penalty 5.3
운영 상태: theme_overlay: disabled (operational config); confidence: 모델 메타 점수 (calibration 미완), score=NA, label=Experimental, live_score 비반영, research/reference 용도","{""base_score"": 36.4, ""theme_weight"": 0.0, ""weight_source"": ""best_weight_by_regime"", ""regime_applied"": ""neutral"", ""theme"": {""name"": ""조선"", ""confidence"": 0.45, ""contribution"": 0.0}}",confidence_four_axis_v1,1.0,86.0,97.0,37.21305418719212,42.88022118924696,70.63529672518507,57.861265912726246,57.861265912726246,Medium,Medium,Medium,Medium,core signals disagree; current regime fit is weak,"Confidence score is 57.9 (Medium). data_maturity_score=86.0, model_reliability_score=97.0, signal_agreement_score=37.2, regime_fitness_score=42.9. Reason: core signals disagree; current regime fit is weak.",변동성 관리 양호이 추천 점수를 견인했습니다. 신호 신뢰도 낮음 요인은 함께 점검이 필요합니다.,변동성 관리 양호,신호 신뢰도 낮음 / 상위권 진입 확률 약함,신뢰도 Medium: core signals disagree; current regime fit is weak,현재 neutral 체계로 균형형 가중치가 적용됐습니다.,strong_safety_profile,,,low_confidence,low_probability_score,변동성 관리 양호,,,신호 신뢰도 낮음,상위권 진입 확률 약함,보수적 접근 권장,"{""drivers"": [""strong_safety_profile""], ""driver_texts"": [""변동성 관리 양호""], ""drags"": [""low_confidence"", ""low_probability_score""], ""drag_texts"": [""신호 신뢰도 낮음"", ""상위권 진입 확률 약함""], ""confidence_label"": ""Medium"", ""confidence_reason"": ""core signals disagree; current regime fit is weak"", ""regime"": ""neutral"", ""weight_profile"": ""neutral_service_balanced"", ""regime_reason"": ""met_conditions=close_gt_ma20,ma20_gt_ma60,recent_20d_return_gt_0.03; true_count=3; breadth_20d=0.527; recent_20d_return=0.0468; ma60=5370.97; volatility_risk_flag=True"", ""action_note"": ""보수적 접근 권장"", ""component_snapshot"": {""ret_score"": 62.51, ""prob_score"": 7.39, ""qual_score"": 23.79, ""tech_score"": 56.63, ""valuation_score"": 50.0, ""risk_penalty"": 5.29, ""live_score"": 36.36, ""final_score"": 36.36, ""confidence_score"": 57.86, ""live_rank"": 121.0, ""live_score_source"": ""final_score""}}",121,2026-04-09 11:17:11,
2026-04-08,086280,0.1513775087950628,0.0295520583581683,-0.2702577621598344,-0.3019339076151473,0.0871755513852707,0.0849840204310244,0.0,220500.0,60.30150753768844,3,0.4,75.0,0.0370280539343591,0.0403774336468241,166962.15,177053.0,-0.0676532769556025,-0.0040650406504064,47.23028289787707,1.0604379495592264,211800.0,221400.0,242641.66666666663,0.0068493150684931,-0.0392156862745097,현대글로비스,KOSPI,자동차/모빌리티,,,,0.0,0.0,,0.0,,0.3,mapping_missing,0.0,False,False,2026-04-08,5872.34,5523.437,0.0407581147205317,-8114.961149999988,neutral,"met_conditions=close_gt_ma20,ma20_gt_ma60,recent_20d_return_gt_0.03; true_count=3; breadth_20d=0.527; recent_20d_return=0.0468; ma60=5370.97; volatility_risk_flag=True",-0.0040650406504064,15.0,30.65270935960591,0.0068493150684931,-0.0392156862745097,-0.0676532769556025,74.46056579575414,49.52647149819962,0.0370280539343591,0.0403774336468241,73.89162561576354,166962.15,177053.0,31.034482758620687,21.67487684729064,1.0,45.96357536919745,feature_v1,72.41379310344827,0.7241379310344828,0.7241379310344828,47.783251231527096,0.47783251231527096,0.47783251231527096,65.02463054187191,65.02463054187191,62.5615763546798,False,8.71755513852707,0.29064039408866993,29.064039408866993,60.30150753768844,60.60606060606061,0.8375,0.78,39.5909090909091,39.5909090909091,26.60098522167488,25.615763546798032,73.89162561576354,21.67487684729064,50.0,65.02463054187191,29.064039408866993,45.96357536919745,ranking_builder_v8_return_prob_tech_regime,False,False,False,False,False,False,False,False,False,False,False,False,0,15.951386441035142,0.2829282203419595,neutral_service_balanced,0.24,0.24,0.32,0.32,0.26,0.26,0.18,0.18,0.65,0.0,0.0,36.153752558002616,36.153752558002616,1.0,False,False,1.0,False,36.153752558002616,122,v2,0.0,best_weight_by_regime,neutral,0.0,1.0,36.153752558002616,36.153752558002616,0.0,36.153752558002616,0.0,0.0,,,,,,,,,,,,,,,,,False,False,,,,,False,,,,,4.0,True,32.153752558002616,120,122,final_score,36.153752558002616,122,122,11.031258088607387,20.807881773399014,7.556650246305418,7.126363636363638,0.0,0.0,0.0,0.0,-10.368401186672843,20.807881773399014,7.556650246305418,11.031258088607387,7.126363636363638,0.0,0.0,0.0,-10.368401186672843,46.52215374467546,Primary prediction score,20.807881773399014,Risk penalty,-10.368401186672843,"요약: live_score 36.2 | live_score_source=final_score | regime=neutral | dominant_driver=ret (Primary prediction score 20.8) | top_positive_factor=Primary prediction score (20.8) | top_negative_factor=Risk penalty (-10.4)
핵심 driver: Primary prediction score (ret_score) contribution 20.8, score 65.0; Tech flow score (tech_score) contribution 11.0, score 46.0; Top-bucket probability score (prob_score) contribution 7.6, score 29.1
리스크 요인: top_negative_factor=Risk penalty (-10.4); risk_penalty 16.0
운영 상태: theme_overlay: disabled (operational config); confidence: 모델 메타 점수 (calibration 미완), score=NA, label=Experimental, live_score 비반영, research/reference 용도","{""base_score"": 36.2, ""theme_weight"": 0.0, ""weight_source"": ""best_weight_by_regime"", ""regime_applied"": ""neutral"", ""theme"": {""name"": ""(none)"", ""confidence"": 0.0, ""contribution"": 0.0}}",confidence_four_axis_v1,1.0,91.25,97.0,49.21182266009852,42.0752689108804,75.08924600165668,64.59978284621549,64.59978284621549,Medium,Medium,Medium,Medium,core signals disagree; current regime fit is weak,"Confidence score is 64.6 (Medium). data_maturity_score=91.2, model_reliability_score=97.0, signal_agreement_score=49.2, regime_fitness_score=42.1. Reason: core signals disagree; current regime fit is weak.",60일 기대수익 상위권와 변동성 관리 양호이 추천 점수를 견인했습니다. 거래 유동성 부족 요인은 함께 점검이 필요합니다.,60일 기대수익 상위권 / 변동성 관리 양호,거래 유동성 부족 / 예상 손실 폭 부담 큼,신뢰도 Medium: core signals disagree; current regime fit is weak,현재 neutral 체계로 균형형 가중치가 적용됐습니다.,high_ret_score,strong_safety_profile,,low_liquidity_score,very_high_risk_penalty,60일 기대수익 상위권,변동성 관리 양호,,거래 유동성 부족,예상 손실 폭 부담 큼,추가 확인 후 판단,"{""drivers"": [""high_ret_score"", ""strong_safety_profile""], ""driver_texts"": [""60일 기대수익 상위권"", ""변동성 관리 양호""], ""drags"": [""low_liquidity_score"", ""very_high_risk_penalty""], ""drag_texts"": [""거래 유동성 부족"", ""예상 손실 폭 부담 큼""], ""confidence_label"": ""Medium"", ""confidence_reason"": ""core signals disagree; current regime fit is weak"", ""regime"": ""neutral"", ""weight_profile"": ""neutral_service_balanced"", ""regime_reason"": ""met_conditions=close_gt_ma20,ma20_gt_ma60,recent_20d_return_gt_0.03; true_count=3; breadth_20d=0.527; recent_20d_return=0.0468; ma60=5370.97; volatility_risk_flag=True"", ""action_note"": ""추가 확인 후 판단"", ""component_snapshot"": {""ret_score"": 65.02, ""prob_score"": 29.06, ""qual_score"": 39.59, ""tech_score"": 45.96, ""valuation_score"": 50.0, ""risk_penalty"": 15.95, ""live_score"": 36.15, ""final_score"": 36.15, ""confidence_score"": 64.6, ""live_rank"": 122.0, ""live_score_source"": ""final_score""}}",122,2026-04-09 11:17:11,
2026-04-08,036830,0.0304814254907352,-0.1581556735832662,-0.2481651882887787,-0.3653773778332835,0.1100114064133274,0.03388957994373,0.0,51900.0,89.9497487437186,5,0.0,100.0,0.0498175926691928,0.0712171999835838,76588.1,77150.0,-0.1682692307692307,0.0179963713038788,52.56208986293391,1.0073366489049864,49180.0,50982.5,49406.66666666666,0.0591836734693878,0.0116959064327486,솔브레인홀딩스,KOSDAQ,반도체,,,반도체장비,23.625,0.3857412001656977,23.625,23.625,23.625,0.3,,9.113135853914608,True,False,2026-04-08,5872.34,5523.437,0.0407581147205317,-8114.961149999988,neutral,"met_conditions=close_gt_ma20,ma20_gt_ma60,recent_20d_return_gt_0.03; true_count=3; breadth_20d=0.527; recent_20d_return=0.0468; ma60=5370.97; volatility_risk_flag=True",0.0179963713038788,55.0,57.54926108374384,0.0591836734693878,0.0116959064327486,-0.1682692307692307,85.12417972586782,61.7982863107773,0.0498175926691928,0.0712171999835838,23.152709359605915,76588.1,77150.0,17.4055829228243,7.389162561576355,0.72,33.217601647852824,feature_v1,48.275862068965516,0.4827586206896552,0.4827586206896552,12.31527093596059,0.12315270935960591,0.12315270935960591,37.48768472906404,37.48768472906404,33.891625615763544,False,11.001140641332741,0.4088669950738916,40.88669950738916,89.9497487437186,89.8989898989899,1.0,1.0,89.8989898989899,89.8989898989899,64.5320197044335,89.16256157635468,23.152709359605915,7.389162561576355,50.0,37.48768472906404,40.88669950738916,33.217601647852824,ranking_builder_v8_return_prob_tech_regime,False,False,False,False,False,False,False,False,False,False,False,False,0,17.406007692789675,0.29505006410658063,neutral_service_balanced,0.24,0.24,0.32,0.32,0.26,0.26,0.18,0.18,0.65,0.0,0.0,35.46673856221124,35.46673856221124,1.0,False,False,1.0,False,35.46673856221124,123,v2,0.0,best_weight_by_regime,neutral,0.0,1.0,35.46673856221124,35.46673856221124,0.0,35.46673856221124,0.0,0.0,,,,,,,,,,,,,,,,,False,False,,,,,False,,,,,4.0,True,31.46673856221124,122,123,final_score,35.46673856221124,123,123,7.972224395484678,11.996059113300493,10.630541871921181,16.18181818181818,0.0,0.0,0.0,0.0,-11.313905000313289,11.996059113300493,10.630541871921181,7.972224395484678,16.18181818181818,0.0,0.0,0.0,-11.313905000313289,46.78064356252453,Financial quality score,16.18181818181818,Risk penalty,-11.313905000313289,"요약: live_score 35.5 | live_score_source=final_score | regime=neutral | dominant_driver=ret (Primary prediction score 12.0) | top_positive_factor=Financial quality score (16.2) | top_negative_factor=Risk penalty (-11.3)
핵심 driver: Financial quality score (qual_score) contribution 16.2, score 89.9; Primary prediction score (ret_score) contribution 12.0, score 37.5; Top-bucket probability score (prob_score) contribution 10.6, score 40.9
리스크 요인: top_negative_factor=Risk penalty (-11.3); risk_penalty 17.4
운영 상태: theme_overlay: disabled (operational config); confidence: 모델 메타 점수 (calibration 미완), score=NA, label=Experimental, live_score 비반영, research/reference 용도","{""base_score"": 35.5, ""theme_weight"": 0.0, ""weight_source"": ""best_weight_by_regime"", ""regime_applied"": ""neutral"", ""theme"": {""name"": ""반도체장비"", ""confidence"": 0.39, ""contribution"": 0.0}}",confidence_four_axis_v1,1.0,100.0,92.8,42.995583524658876,41.73271319079383,74.84880285978379,65.54477604802231,65.54477604802231,Medium,Medium,Medium,Medium,core signals disagree; current regime fit is weak,"Confidence score is 65.5 (Medium). data_maturity_score=100.0, model_reliability_score=92.8, signal_agreement_score=43.0, regime_fitness_score=41.7. Reason: core signals disagree; current regime fit is weak.",재무 품질 양호이 추천 점수를 견인했습니다. 거래 유동성 부족 요인은 함께 점검이 필요합니다.,재무 품질 양호,거래 유동성 부족 / 예상 손실 폭 부담 큼,신뢰도 Medium: core signals disagree; current regime fit is weak,현재 neutral 체계로 균형형 가중치가 적용됐습니다.,strong_quality_profile,,,low_liquidity_score,very_high_risk_penalty,재무 품질 양호,,,거래 유동성 부족,예상 손실 폭 부담 큼,추가 확인 후 판단,"{""drivers"": [""strong_quality_profile""], ""driver_texts"": [""재무 품질 양호""], ""drags"": [""low_liquidity_score"", ""very_high_risk_penalty""], ""drag_texts"": [""거래 유동성 부족"", ""예상 손실 폭 부담 큼""], ""confidence_label"": ""Medium"", ""confidence_reason"": ""core signals disagree; current regime fit is weak"", ""regime"": ""neutral"", ""weight_profile"": ""neutral_service_balanced"", ""regime_reason"": ""met_conditions=close_gt_ma20,ma20_gt_ma60,recent_20d_return_gt_0.03; true_count=3; breadth_20d=0.527; recent_20d_return=0.0468; ma60=5370.97; volatility_risk_flag=True"", ""action_note"": ""추가 확인 후 판단"", ""component_snapshot"": {""ret_score"": 37.49, ""prob_score"": 40.89, ""qual_score"": 89.9, ""tech_score"": 33.22, ""valuation_score"": 50.0, ""risk_penalty"": 17.41, ""live_score"": 35.47, ""final_score"": 35.47, ""confidence_score"": 65.54, ""live_rank"": 123.0, ""live_score_source"": ""final_score""}}",123,2026-04-09 11:17:11,
2026-04-08,071050,-0.1892074149209645,0.053687549883705,-0.3246927596617488,-0.4244130672725855,0.0896890306091136,0.0593211229396096,0.0,239000.0,91.95979899497488,5,0.0,100.0,0.052460115413541,0.0525575910781217,283309.05,363231.0,0.0413943355119825,0.0825501075755859,56.88540059989324,1.2821016483589212,218500.0,220775.0,219365.0,0.0669642857142858,0.0839002267573696,한국금융지주,KOSPI,금융,,,,0.0,0.0,,0.0,,0.3,mapping_missing,0.0,False,False,2026-04-08,5872.34,5523.437,0.0407581147205317,-8114.961149999988,neutral,"met_conditions=close_gt_ma20,ma20_gt_ma60,recent_20d_return_gt_0.03; true_count=3; breadth_20d=0.527; recent_20d_return=0.0468; ma60=5370.97; volatility_risk_flag=True",0.0825501075755859,55.0,72.82019704433498,0.0669642857142858,0.0839002267573696,0.0413943355119825,93.77080119978648,86.74319291078406,0.052460115413541,0.0525575910781217,38.42364532019704,283309.05,363231.0,54.679802955665025,40.39408866995074,1.0,68.09287613946408,feature_v1,3.9408866995073892,0.03940886699507389,0.03940886699507389,49.75369458128079,0.4975369458128079,0.4975369458128079,17.68472906403941,17.68472906403941,22.26600985221675,False,8.968903060911359,0.30049261083743845,30.049261083743843,91.95979899497488,91.91919191919192,1.0,1.0,91.91919191919192,91.91919191919192,70.93596059113301,52.21674876847291,38.42364532019704,40.39408866995074,50.0,17.68472906403941,30.049261083743843,68.09287613946408,ranking_builder_v8_return_prob_tech_regime,False,False,False,False,False,False,False,False,False,False,False,False,0,18.0,0.36458088270608346,neutral_service_balanced,0.24,0.24,0.32,0.32,0.26,0.26,0.18,0.18,0.65,0.0,0.0,34.65966600119192,34.65966600119192,1.0,False,False,1.0,False,34.65966600119192,124,v2,0.0,best_weight_by_regime,neutral,0.0,1.0,34.65966600119192,34.65966600119192,0.0,34.65966600119192,0.0,0.0,,,,,,,,,,,,,,,,,False,False,,,,,False,,,,,4.0,True,30.659666001191923,125,124,final_score,34.65966600119192,124,124,16.342290273471377,5.659113300492611,7.8128078817733995,16.545454545454543,0.0,0.0,0.0,0.0,-11.700000000000001,5.659113300492611,7.8128078817733995,16.342290273471377,16.545454545454543,0.0,0.0,0.0,-11.700000000000001,46.359666001191925,Financial quality score,16.545454545454543,Risk penalty,-11.700000000000001,"요약: live_score 34.7 | live_score_source=final_score | regime=neutral | dominant_driver=tech (Tech flow score 16.3) | top_positive_factor=Financial quality score (16.5) | top_negative_factor=Risk penalty (-11.7)
핵심 driver: Financial quality score (qual_score) contribution 16.5, score 91.9; Tech flow score (tech_score) contribution 16.3, score 68.1; Top-bucket probability score (prob_score) contribution 7.8, score 30.0
리스크 요인: top_negative_factor=Risk penalty (-11.7); risk_penalty 18.0
운영 상태: theme_overlay: disabled (operational config); confidence: 모델 메타 점수 (calibration 미완), score=NA, label=Experimental, live_score 비반영, research/reference 용도","{""base_score"": 34.7, ""theme_weight"": 0.0, ""weight_source"": ""best_weight_by_regime"", ""regime_applied"": ""neutral"", ""theme"": {""name"": ""(none)"", ""confidence"": 0.0, ""contribution"": 0.0}}",confidence_four_axis_v1,1.0,100.0,97.0,42.729661143454244,40.48919273299308,75.8557941958125,65.18970300398033,65.18970300398033,Medium,Medium,Medium,Medium,core signals disagree; current regime fit is weak,"Confidence score is 65.2 (Medium). data_maturity_score=100.0, model_reliability_score=97.0, signal_agreement_score=42.7, regime_fitness_score=40.5. Reason: core signals disagree; current regime fit is weak.",재무 품질 양호와 추세 구조 양호이 추천 점수를 견인했습니다. 기대수익 매력 낮음 요인은 함께 점검이 필요합니다.,재무 품질 양호 / 추세 구조 양호,기대수익 매력 낮음 / 예상 손실 폭 부담 큼,신뢰도 Medium: core signals disagree; current regime fit is weak,현재 neutral 체계로 균형형 가중치가 적용됐습니다.,strong_quality_profile,high_tech_score,,weak_ret_score,very_high_risk_penalty,재무 품질 양호,추세 구조 양호,,기대수익 매력 낮음,예상 손실 폭 부담 큼,추가 확인 후 판단,"{""drivers"": [""strong_quality_profile"", ""high_tech_score""], ""driver_texts"": [""재무 품질 양호"", ""추세 구조 양호""], ""drags"": [""weak_ret_score"", ""very_high_risk_penalty""], ""drag_texts"": [""기대수익 매력 낮음"", ""예상 손실 폭 부담 큼""], ""confidence_label"": ""Medium"", ""confidence_reason"": ""core signals disagree; current regime fit is weak"", ""regime"": ""neutral"", ""weight_profile"": ""neutral_service_balanced"", ""regime_reason"": ""met_conditions=close_gt_ma20,ma20_gt_ma60,recent_20d_return_gt_0.03; true_count=3; breadth_20d=0.527; recent_20d_return=0.0468; ma60=5370.97; volatility_risk_flag=True"", ""action_note"": ""추가 확인 후 판단"", ""component_snapshot"": {""ret_score"": 17.68, ""prob_score"": 30.05, ""qual_score"": 91.92, ""tech_score"": 68.09, ""valuation_score"": 50.0, ""risk_penalty"": 18.0, ""live_score"": 34.66, ""final_score"": 34.66, ""confidence_score"": 65.19, ""live_rank"": 124.0, ""live_score_source"": ""final_score""}}",124,2026-04-09 11:17:11,
2026-04-08,065350,0.0354639574197193,0.0803330496739167,-0.2993111151411463,-0.2888707288544192,0.1760384860810124,0.1150618803168653,0.0,56600.0,23.618090452261303,5,0.0,100.0,0.039020689903553,0.0473916939792825,136967.4,124664.0,-0.1030110935023771,-0.0467368421052631,43.75484614507542,0.9101727856409628,54220.0,59375.0,64531.66666666666,-0.0122164048865619,-0.0390492359932088,신성델타테크,KOSDAQ,가정용기기와용품,,,,0.0,0.0,,0.0,,0.3,mapping_missing,0.0,False,False,2026-04-08,5872.34,5523.437,0.0407581147205317,-8114.961149999988,neutral,"met_conditions=close_gt_ma20,ma20_gt_ma60,recent_20d_return_gt_0.03; true_count=3; breadth_20d=0.527; recent_20d_return=0.0468; ma60=5370.97; volatility_risk_flag=True",-0.0467368421052631,15.0,18.830049261083744,-0.0122164048865619,-0.0390492359932088,-0.1030110935023771,67.50969229015084,41.87742307253771,0.039020689903553,0.0473916939792825,63.05418719211822,136967.4,124664.0,20.525451559934318,18.7192118226601,0.9,32.3961912235144,feature_v1,49.75369458128079,0.4975369458128079,0.4975369458128079,53.20197044334976,0.5320197044334976,0.5320197044334976,50.78817733990147,50.78817733990147,51.13300492610838,False,17.60384860810124,0.6798029556650246,67.98029556650246,23.618090452261303,23.737373737373737,1.0,1.0,23.737373737373737,23.737373737373737,34.97536945812808,38.91625615763547,63.05418719211822,18.7192118226601,50.0,50.78817733990147,67.98029556650246,32.3961912235144,ranking_builder_v8_return_prob_tech_regime,False,False,False,False,False,False,False,False,False,False,False,False,0,17.41619527517465,0.29513496062645544,neutral_service_balanced,0.24,0.24,0.32,0.32,0.26,0.26,0.18,0.18,0.65,0.0,0.0,34.65437983356632,34.65437983356632,1.0,False,False,1.0,False,34.65437983356632,125,v2,0.0,best_weight_by_regime,neutral,0.0,1.0,34.65437983356632,34.65437983356632,0.0,34.65437983356632,0.0,0.0,,,,,,,,,,,,,,,,,False,False,,,,,False,,,,,4.0,True,30.654379833566317,126,125,final_score,34.65437983356632,125,125,7.775085893643456,16.252216748768472,17.67487684729064,4.2727272727272725,0.0,0.0,0.0,0.0,-11.320526928863524,16.252216748768472,17.67487684729064,7.775085893643456,4.2727272727272725,0.0,0.0,0.0,-11.320526928863524,45.974906762429846,Top-bucket probability score,17.67487684729064,Risk penalty,-11.320526928863524,"요약: live_score 34.7 | live_score_source=final_score | regime=neutral | dominant_driver=prob (Top-bucket probability score 17.7) | top_positive_factor=Top-bucket probability score (17.7) | top_negative_factor=Risk penalty (-11.3)
핵심 driver: Top-bucket probability score (prob_score) contribution 17.7, score 68.0; Primary prediction score (ret_score) contribution 16.3, score 50.8; Tech flow score (tech_score) contribution 7.8, score 32.4
리스크 요인: top_negative_factor=Risk penalty (-11.3); risk_penalty 17.4
운영 상태: theme_overlay: disabled (operational config); confidence: 모델 메타 점수 (calibration 미완), score=NA, label=Experimental, live_score 비반영, research/reference 용도","{""base_score"": 34.7, ""theme_weight"": 0.0, ""weight_source"": ""best_weight_by_regime"", ""regime_applied"": ""neutral"", ""theme"": {""name"": ""(none)"", ""confidence"": 0.0, ""contribution"": 0.0}}",confidence_four_axis_v1,1.0,100.0,95.5,40.477123451261384,41.20238178369925,74.94963813037023,64.4313257372444,64.4313257372444,Medium,Medium,Medium,Medium,core signals disagree; current regime fit is weak,"Confidence score is 64.4 (Medium). data_maturity_score=100.0, model_reliability_score=95.5, signal_agreement_score=40.5, regime_fitness_score=41.2. Reason: core signals disagree; current regime fit is weak.",상위권 진입 확률 우수이 추천 점수를 견인했습니다. 거래 유동성 부족 요인은 함께 점검이 필요합니다.,상위권 진입 확률 우수,거래 유동성 부족 / 예상 손실 폭 부담 큼,신뢰도 Medium: core signals disagree; current regime fit is weak,현재 neutral 체계로 균형형 가중치가 적용됐습니다.,high_probability_score,,,low_liquidity_score,very_high_risk_penalty,상위권 진입 확률 우수,,,거래 유동성 부족,예상 손실 폭 부담 큼,추가 확인 후 판단,"{""drivers"": [""high_probability_score""], ""driver_texts"": [""상위권 진입 확률 우수""], ""drags"": [""low_liquidity_score"", ""very_high_risk_penalty""], ""drag_texts"": [""거래 유동성 부족"", ""예상 손실 폭 부담 큼""], ""confidence_label"": ""Medium"", ""confidence_reason"": ""core signals disagree; current regime fit is weak"", ""regime"": ""neutral"", ""weight_profile"": ""neutral_service_balanced"", ""regime_reason"": ""met_conditions=close_gt_ma20,ma20_gt_ma60,recent_20d_return_gt_0.03; true_count=3; breadth_20d=0.527; recent_20d_return=0.0468; ma60=5370.97; volatility_risk_flag=True"", ""action_note"": ""추가 확인 후 판단"", ""component_snapshot"": {""ret_score"": 50.79, ""prob_score"": 67.98, ""qual_score"": 23.74, ""tech_score"": 32.4, ""valuation_score"": 50.0, ""risk_penalty"": 17.42, ""live_score"": 34.65, ""final_score"": 34.65, ""confidence_score"": 64.43, ""live_rank"": 125.0, ""live_score_source"": ""final_score""}}",125,2026-04-09 11:17:11,
2026-04-08,066970,-0.0295448360840039,-0.1120709938391507,-0.3351206016203893,-0.3862350489653078,0.159633255436422,0.0683859430176198,0.0,184100.0,11.55778894472362,5,0.0,100.0,0.0577989048391781,0.0598570459591866,1105860.2,1205873.0,0.6134969325153374,0.3328024324911316,75.90138239139051,1.090438918047688,173540.0,138130.0,124526.66666666669,0.2489823609226593,0.2670337233310391,엘앤에프,KOSPI,2차전지,,,2차전지,81.95,0.6833480839416057,81.95,81.95,81.95,0.3,,56.00037547901459,True,False,2026-04-08,5872.34,5523.437,0.0407581147205317,-8114.961149999988,neutral,"met_conditions=close_gt_ma20,ma20_gt_ma60,recent_20d_return_gt_0.03; true_count=3; breadth_20d=0.527; recent_20d_return=0.0468; ma60=5370.97; volatility_risk_flag=True",0.2496601772127274,100.0,99.7536945812808,0.24760496511133487,0.26559425215764115,0.4986783117481746,68.19723521721897,91.67985067622593,0.0577989048391781,0.0598570459591866,24.630541871921174,1105860.2,1205873.0,70.935960591133,81.77339901477832,1.0,77.5805585741175,feature_v1,31.03448275862069,0.3103448275862069,0.3103448275862069,18.7192118226601,0.18719211822660098,0.18719211822660098,27.339901477832512,27.339901477832512,26.108374384236452,False,15.9633255436422,0.6403940886699507,64.03940886699507,11.55778894472362,11.616161616161616,1.0,1.0,11.616161616161616,11.616161616161616,80.29556650246306,70.44334975369459,24.630541871921174,81.77339901477832,50.0,27.339901477832512,64.03940886699507,77.5805585741175,ranking_builder_v8_return_prob_tech_regime,False,False,False,False,False,False,False,False,False,False,False,False,0,18.0,0.3555663805583567,neutral_service_balanced,0.24,0.24,0.32,0.32,0.26,0.26,0.18,0.18,0.65,0.0,0.0,34.409257927022416,34.409257927022416,1.0,False,False,1.0,False,34.409257927022416,126,v2,0.0,best_weight_by_regime,neutral,0.0,1.0,34.409257927022416,34.409257927022416,0.0,34.409257927022416,0.0,0.0,,,,,,,,,,,,,,,,,False,False,,,,,False,,,,,10.0,True,24.409257927022416,149,126,final_score,34.409257927022416,126,126,18.6193340577882,8.748768472906404,16.65024630541872,2.090909090909091,0.0,0.0,0.0,0.0,-11.700000000000001,8.748768472906404,16.65024630541872,18.6193340577882,2.090909090909091,0.0,0.0,0.0,-11.700000000000001,46.10925792702242,Tech flow score,18.6193340577882,Risk penalty,-11.700000000000001,"요약: live_score 34.4 | live_score_source=final_score | regime=neutral | dominant_driver=tech (Tech flow score 18.6) | top_positive_factor=Tech flow score (18.6) | top_negative_factor=Risk penalty (-11.7)
핵심 driver: Tech flow score (tech_score) contribution 18.6, score 77.6; Top-bucket probability score (prob_score) contribution 16.7, score 64.0; Primary prediction score (ret_score) contribution 8.7, score 27.3
리스크 요인: top_negative_factor=Risk penalty (-11.7); risk_penalty 18.0
운영 상태: theme_overlay: disabled (operational config); confidence: 모델 메타 점수 (calibration 미완), score=NA, label=Experimental, live_score 비반영, research/reference 용도","{""base_score"": 34.4, ""theme_weight"": 0.0, ""weight_source"": ""best_weight_by_regime"", ""regime_applied"": ""neutral"", ""theme"": {""name"": ""2차전지"", ""confidence"": 0.68, ""contribution"": 0.0}}",confidence_four_axis_v1,1.0,100.0,97.0,45.210680912613235,40.399328115281286,76.4625694454455,66.16413798810154,66.16413798810154,Medium,Medium,Medium,Medium,core signals disagree; current regime fit is weak,"Confidence score is 66.2 (Medium). data_maturity_score=100.0, model_reliability_score=97.0, signal_agreement_score=45.2, regime_fitness_score=40.4. Reason: core signals disagree; current regime fit is weak.",추세 구조 양호와 거래 유동성 양호이 추천 점수를 견인했습니다. 재무 품질 보완 필요 요인은 함께 점검이 필요합니다.,추세 구조 양호 / 거래 유동성 양호,재무 품질 보완 필요 / 예상 손실 폭 부담 큼,신뢰도 Medium: core signals disagree; current regime fit is weak,현재 neutral 체계로 균형형 가중치가 적용됐습니다.,high_tech_score,healthy_liquidity_profile,,weak_quality_score,very_high_risk_penalty,추세 구조 양호,거래 유동성 양호,,재무 품질 보완 필요,예상 손실 폭 부담 큼,추가 확인 후 판단,"{""drivers"": [""high_tech_score"", ""healthy_liquidity_profile""], ""driver_texts"": [""추세 구조 양호"", ""거래 유동성 양호""], ""drags"": [""weak_quality_score"", ""very_high_risk_penalty""], ""drag_texts"": [""재무 품질 보완 필요"", ""예상 손실 폭 부담 큼""], ""confidence_label"": ""Medium"", ""confidence_reason"": ""core signals disagree; current regime fit is weak"", ""regime"": ""neutral"", ""weight_profile"": ""neutral_service_balanced"", ""regime_reason"": ""met_conditions=close_gt_ma20,ma20_gt_ma60,recent_20d_return_gt_0.03; true_count=3; breadth_20d=0.527; recent_20d_return=0.0468; ma60=5370.97; volatility_risk_flag=True"", ""action_note"": ""추가 확인 후 판단"", ""component_snapshot"": {""ret_score"": 27.34, ""prob_score"": 64.04, ""qual_score"": 11.62, ""tech_score"": 77.58, ""valuation_score"": 50.0, ""risk_penalty"": 18.0, ""live_score"": 34.41, ""final_score"": 34.41, ""confidence_score"": 66.16, ""live_rank"": 126.0, ""live_score_source"": ""final_score""}}",126,2026-04-09 11:17:11,
2026-04-08,101490,-0.1338300867289096,-0.0934160925208374,-0.2341182037133919,-0.268657063926649,0.0748720881283487,0.0284322337389931,0.0,90700.0,93.46733668341707,5,0.0,100.0,0.0550046458418164,0.0714069513471003,217919.55,462472.0,0.0534262485481997,0.0820161049806142,56.916617634070406,2.1222143676416367,80340.0,83825.0,82238.33333333333,0.1060975609756098,-0.0309829059829059,에스앤에스텍,KOSDAQ,반도체와반도체장비,,,,0.0,0.0,,0.0,,0.3,mapping_missing,0.0,False,False,2026-04-08,5872.34,5523.437,0.0407581147205317,-8114.961149999988,neutral,"met_conditions=close_gt_ma20,ma20_gt_ma60,recent_20d_return_gt_0.03; true_count=3; breadth_20d=0.527; recent_20d_return=0.0468; ma60=5370.97; volatility_risk_flag=True",0.0820161049806142,55.0,72.57389162561577,0.1060975609756098,-0.0309829059829059,0.0534262485481997,93.83323526814081,78.38441719141943,0.0550046458418164,0.0714069513471003,16.995073891625616,217919.55,462472.0,62.23316912972086,32.51231527093596,1.0,61.940703652464784,feature_v1,8.374384236453201,0.08374384236453201,0.08374384236453201,22.167487684729064,0.22167487684729065,0.22167487684729065,12.512315270935959,12.512315270935959,13.891625615763548,False,7.4872088128348695,0.23645320197044334,23.645320197044335,93.46733668341707,93.43434343434343,1.0,1.0,93.43434343434343,93.43434343434343,76.35467980295566,89.65517241379311,16.995073891625616,32.51231527093596,50.0,12.512315270935959,23.645320197044335,61.940703652464784,ranking_builder_v8_return_prob_tech_regime,False,False,False,False,False,False,False,False,False,False,False,False,0,11.75204973584337,0.24793374779869476,neutral_service_balanced,0.24,0.24,0.32,0.32,0.26,0.26,0.18,0.18,0.65,0.0,0.0,34.196842504406206,34.196842504406206,1.0,False,False,1.0,False,34.196842504406206,127,v2,0.0,best_weight_by_regime,neutral,0.0,1.0,34.196842504406206,34.196842504406206,0.0,34.196842504406206,0.0,0.0,,,,,,,,,,,,,,,,,False,False,,,,,False,,,,,0.0,False,34.196842504406206,109,127,final_score,34.196842504406206,127,127,14.865768876591547,4.003940886699507,6.147783251231528,16.818181818181817,0.0,0.0,0.0,0.0,-7.63883232829819,4.003940886699507,6.147783251231528,14.865768876591547,16.818181818181817,0.0,0.0,0.0,-7.63883232829819,41.8356748327044,Financial quality score,16.818181818181817,Risk penalty,-7.63883232829819,"요약: live_score 34.2 | live_score_source=final_score | regime=neutral | dominant_driver=tech (Tech flow score 14.9) | top_positive_factor=Financial quality score (16.8) | top_negative_factor=Risk penalty (-7.6)
핵심 driver: Financial quality score (qual_score) contribution 16.8, score 93.4; Tech flow score (tech_score) contribution 14.9, score 61.9; Top-bucket probability score (prob_score) contribution 6.1, score 23.6
리스크 요인: top_negative_factor=Risk penalty (-7.6); risk_penalty 11.8
운영 상태: theme_overlay: disabled (operational config); confidence: 모델 메타 점수 (calibration 미완), score=NA, label=Experimental, live_score 비반영, research/reference 용도","{""base_score"": 34.2, ""theme_weight"": 0.0, ""weight_source"": ""best_weight_by_regime"", ""regime_applied"": ""neutral"", ""theme"": {""name"": ""(none)"", ""confidence"": 0.0, ""contribution"": 0.0}}",confidence_four_axis_v1,1.0,100.0,97.0,40.72339155097776,40.68126097924504,75.38303703463119,64.42560881624011,64.42560881624011,Medium,Medium,Medium,Medium,core signals disagree; current regime fit is weak,"Confidence score is 64.4 (Medium). data_maturity_score=100.0, model_reliability_score=97.0, signal_agreement_score=40.7, regime_fitness_score=40.7. Reason: core signals disagree; current regime fit is weak.",재무 품질 양호이 추천 점수를 견인했습니다. 기대수익 매력 낮음 요인은 함께 점검이 필요합니다.,재무 품질 양호,기대수익 매력 낮음 / 방어력 약함,신뢰도 Medium: core signals disagree; current regime fit is weak,현재 neutral 체계로 균형형 가중치가 적용됐습니다.,strong_quality_profile,,,weak_ret_score,weak_safety_score,재무 품질 양호,,,기대수익 매력 낮음,방어력 약함,추가 확인 후 판단,"{""drivers"": [""strong_quality_profile""], ""driver_texts"": [""재무 품질 양호""], ""drags"": [""weak_ret_score"", ""weak_safety_score""], ""drag_texts"": [""기대수익 매력 낮음"", ""방어력 약함""], ""confidence_label"": ""Medium"", ""confidence_reason"": ""core signals disagree; current regime fit is weak"", ""regime"": ""neutral"", ""weight_profile"": ""neutral_service_balanced"", ""regime_reason"": ""met_conditions=close_gt_ma20,ma20_gt_ma60,recent_20d_return_gt_0.03; true_count=3; breadth_20d=0.527; recent_20d_return=0.0468; ma60=5370.97; volatility_risk_flag=True"", ""action_note"": ""추가 확인 후 판단"", ""component_snapshot"": {""ret_score"": 12.51, ""prob_score"": 23.65, ""qual_score"": 93.43, ""tech_score"": 61.94, ""valuation_score"": 50.0, ""risk_penalty"": 11.75, ""live_score"": 34.2, ""final_score"": 34.2, ""confidence_score"": 64.43, ""live_rank"": 127.0, ""live_score_source"": ""final_score""}}",127,2026-04-09 11:17:11,
2026-04-08,051910,0.0249304915848538,-0.0118489268119458,-0.2817041764353301,-0.2511714490307835,0.0589873339020868,0.0511802826833912,0.0,344500.0,53.266331658291456,3,0.4,75.0,0.0434509180303391,0.0490110410355662,298589.75,374125.0,0.0919175911251981,0.1094114805571209,58.10882338605994,1.25297335223329,318300.0,310525.0,325850.0,0.1024,0.0833333333333332,LG화학,KOSPI,정유/화학,,,2차전지,74.5,0.6633480839416059,74.5,74.5,74.5,0.3,,49.419432253649646,True,False,2026-04-08,5872.34,5523.437,0.0407581147205317,-8114.961149999988,neutral,"met_conditions=close_gt_ma20,ma20_gt_ma60,recent_20d_return_gt_0.03; true_count=3; breadth_20d=0.527; recent_20d_return=0.0468; ma60=5370.97; volatility_risk_flag=True",0.1094114805571209,75.0,84.54433497536945,0.1024,0.0833333333333332,0.0919175911251981,96.21764677211988,92.52731809697084,0.0434509180303391,0.0490110410355662,53.44827586206897,298589.75,374125.0,54.679802955665025,41.87192118226601,1.0,76.63948744231418,feature_v1,46.79802955665024,0.46798029556650245,0.46798029556650245,39.90147783251231,0.39901477832512317,0.39901477832512317,44.72906403940887,44.72906403940887,44.039408866995075,False,5.89873339020868,0.16748768472906403,16.748768472906402,53.266331658291456,53.535353535353536,0.8375,0.78,34.9719696969697,34.9719696969697,48.275862068965516,44.827586206896555,53.44827586206897,41.87192118226601,50.0,44.72906403940887,16.748768472906402,76.63948744231418,ranking_builder_v8_return_prob_tech_regime,False,False,False,False,False,False,False,False,False,False,False,False,0,14.338930256821369,0.2694910854735114,neutral_service_balanced,0.24,0.24,0.32,0.32,0.26,0.26,0.18,0.18,0.65,0.0,0.0,34.03610716024255,34.03610716024255,1.0,False,False,1.0,False,34.03610716024255,128,v2,0.0,best_weight_by_regime,neutral,0.0,1.0,34.03610716024255,34.03610716024255,0.0,34.03610716024255,0.0,0.0,,,,,,,,,,,,,,,,,False,False,,,,,False,,,,,4.0,True,30.03610716024255,127,128,final_score,34.03610716024255,128,128,18.393476986155402,14.313300492610837,4.354679802955665,6.294954545454546,0.0,0.0,0.0,0.0,-9.32030466693389,14.313300492610837,4.354679802955665,18.393476986155402,6.294954545454546,0.0,0.0,0.0,-9.32030466693389,43.35641182717645,Tech flow score,18.393476986155402,Risk penalty,-9.32030466693389,"요약: live_score 34.0 | live_score_source=final_score | regime=neutral | dominant_driver=tech (Tech flow score 18.4) | top_positive_factor=Tech flow score (18.4) | top_negative_factor=Risk penalty (-9.3)
핵심 driver: Tech flow score (tech_score) contribution 18.4, score 76.6; Primary prediction score (ret_score) contribution 14.3, score 44.7; Financial quality score (qual_score) contribution 6.3, score 35.0
리스크 요인: top_negative_factor=Risk penalty (-9.3); risk_penalty 14.3
운영 상태: theme_overlay: disabled (operational config); confidence: 모델 메타 점수 (calibration 미완), score=NA, label=Experimental, live_score 비반영, research/reference 용도","{""base_score"": 34.0, ""theme_weight"": 0.0, ""weight_source"": ""best_weight_by_regime"", ""regime_applied"": ""neutral"", ""theme"": {""name"": ""2차전지"", ""confidence"": 0.66, ""contribution"": 0.0}}",confidence_four_axis_v1,1.0,91.25,97.0,35.782784309177664,39.9079681666291,71.40689130228877,58.79470735699689,58.79470735699689,Medium,Medium,Medium,Medium,core signals disagree; current regime fit is weak,"Confidence score is 58.8 (Medium). data_maturity_score=91.2, model_reliability_score=97.0, signal_agreement_score=35.8, regime_fitness_score=39.9. Reason: core signals disagree; current regime fit is weak.",추세 구조 양호이 추천 점수를 견인했습니다. 신호 신뢰도 낮음 요인은 함께 점검이 필요합니다.,추세 구조 양호,신호 신뢰도 낮음 / 상위권 진입 확률 약함,신뢰도 Medium: core signals disagree; current regime fit is weak,현재 neutral 체계로 균형형 가중치가 적용됐습니다.,high_tech_score,,,low_confidence,low_probability_score,추세 구조 양호,,,신호 신뢰도 낮음,상위권 진입 확률 약함,보수적 접근 권장,"{""drivers"": [""high_tech_score""], ""driver_texts"": [""추세 구조 양호""], ""drags"": [""low_confidence"", ""low_probability_score""], ""drag_texts"": [""신호 신뢰도 낮음"", ""상위권 진입 확률 약함""], ""confidence_label"": ""Medium"", ""confidence_reason"": ""core signals disagree; current regime fit is weak"", ""regime"": ""neutral"", ""weight_profile"": ""neutral_service_balanced"", ""regime_reason"": ""met_conditions=close_gt_ma20,ma20_gt_ma60,recent_20d_return_gt_0.03; true_count=3; breadth_20d=0.527; recent_20d_return=0.0468; ma60=5370.97; volatility_risk_flag=True"", ""action_note"": ""보수적 접근 권장"", ""component_snapshot"": {""ret_score"": 44.73, ""prob_score"": 16.75, ""qual_score"": 34.97, ""tech_score"": 76.64, ""valuation_score"": 50.0, ""risk_penalty"": 14.34, ""live_score"": 34.04, ""final_score"": 34.04, ""confidence_score"": 58.79, ""live_rank"": 128.0, ""live_score_source"": ""final_score""}}",128,2026-04-09 11:17:11,
2026-04-08,017670,-0.1079938780970373,-0.3354061257978626,-0.3947620096357224,-0.4170644671200246,0.1815634775521706,0.0956316731938987,0.0,89000.0,17.587939698492463,5,0.0,100.0,0.033911597641507,0.0432234564066045,788435.0,1998469.0,0.1424903722721437,0.1274385609323536,67.55666001944533,2.5347289250223546,81940.0,78940.0,73461.66666666667,0.1337579617834394,0.1152882205513785,SK텔레콤,KOSPI,통신,,,Digital Connectivity,90.0,0.7016378649635036,90.0,90.0,90.0,0.3,,63.14740784671532,True,False,2026-04-08,5872.34,5523.437,0.0407581147205317,-8114.961149999988,neutral,"met_conditions=close_gt_ma20,ma20_gt_ma60,recent_20d_return_gt_0.03; true_count=3; breadth_20d=0.527; recent_20d_return=0.0468; ma60=5370.97; volatility_risk_flag=True",0.1274385609323536,100.0,97.78325123152709,0.1337579617834394,0.1152882205513785,0.1424903722721437,84.88667996110934,92.77339412820837,0.033911597641507,0.0432234564066045,75.1231527093596,788435.0,1998469.0,88.34154351395729,75.36945812807882,1.0,90.08152538329658,feature_v1,11.330049261083744,0.11330049261083744,0.11330049261083744,1.9704433497536946,0.019704433497536946,0.019704433497536946,8.52216748768473,8.52216748768473,7.586206896551724,False,18.15634775521706,0.6945812807881774,69.45812807881774,17.587939698492463,17.67676767676768,1.0,1.0,17.67676767676768,17.67676767676768,21.182266009852217,28.57142857142857,75.1231527093596,75.36945812807882,50.0,8.52216748768473,69.45812807881774,90.08152538329658,ranking_builder_v8_return_prob_tech_regime,False,False,False,False,False,False,False,False,False,False,False,False,0,18.0,0.4036829926294433,neutral_service_balanced,0.24,0.24,0.32,0.32,0.26,0.26,0.18,0.18,0.65,0.0,0.0,33.887591170361084,33.887591170361084,1.0,False,False,1.0,False,33.887591170361084,129,v2,0.0,best_weight_by_regime,neutral,0.0,1.0,33.887591170361084,33.887591170361084,0.0,33.887591170361084,0.0,0.0,,,,,,,,,,,,,,,,,False,False,,,,,False,,,,,10.0,True,23.887591170361084,151,129,final_score,33.887591170361084,129,129,21.619566091991178,2.7270935960591136,18.059113300492612,3.181818181818182,0.0,0.0,0.0,0.0,-11.700000000000001,2.7270935960591136,18.059113300492612,21.619566091991178,3.181818181818182,0.0,0.0,0.0,-11.700000000000001,45.58759117036109,Tech flow score,21.619566091991178,Risk penalty,-11.700000000000001,"요약: live_score 33.9 | live_score_source=final_score | regime=neutral | dominant_driver=tech (Tech flow score 21.6) | top_positive_factor=Tech flow score (21.6) | top_negative_factor=Risk penalty (-11.7)
핵심 driver: Tech flow score (tech_score) contribution 21.6, score 90.1; Top-bucket probability score (prob_score) contribution 18.1, score 69.5; Financial quality score (qual_score) contribution 3.2, score 17.7
리스크 요인: top_negative_factor=Risk penalty (-11.7); risk_penalty 18.0
운영 상태: theme_overlay: disabled (operational config); confidence: 모델 메타 점수 (calibration 미완), score=NA, label=Experimental, live_score 비반영, research/reference 용도","{""base_score"": 33.9, ""theme_weight"": 0.0, ""weight_source"": ""best_weight_by_regime"", ""regime_applied"": ""neutral"", ""theme"": {""name"": ""Digital Connectivity"", ""confidence"": 0.7, ""contribution"": 0.0}}",confidence_four_axis_v1,1.0,100.0,97.0,40.53219263131644,39.90074554041013,75.21815998889062,64.19302616060861,64.19302616060861,Medium,Medium,Medium,Medium,core signals disagree; current regime fit is weak,"Confidence score is 64.2 (Medium). data_maturity_score=100.0, model_reliability_score=97.0, signal_agreement_score=40.5, regime_fitness_score=39.9. Reason: core signals disagree; current regime fit is weak.",추세 구조 양호와 상위권 진입 확률 우수이 추천 점수를 견인했습니다. 기대수익 매력 낮음 요인은 함께 점검이 필요합니다.,추세 구조 양호 / 상위권 진입 확률 우수 / 변동성 관리 양호,기대수익 매력 낮음 / 재무 품질 보완 필요,신뢰도 Medium: core signals disagree; current regime fit is weak,현재 neutral 체계로 균형형 가중치가 적용됐습니다.,high_tech_score,high_probability_score,strong_safety_profile,weak_ret_score,weak_quality_score,추세 구조 양호,상위권 진입 확률 우수,변동성 관리 양호,기대수익 매력 낮음,재무 품질 보완 필요,추가 확인 후 판단,"{""drivers"": [""high_tech_score"", ""high_probability_score"", ""strong_safety_profile""], ""driver_texts"": [""추세 구조 양호"", ""상위권 진입 확률 우수"", ""변동성 관리 양호""], ""drags"": [""weak_ret_score"", ""weak_quality_score""], ""drag_texts"": [""기대수익 매력 낮음"", ""재무 품질 보완 필요""], ""confidence_label"": ""Medium"", ""confidence_reason"": ""core signals disagree; current regime fit is weak"", ""regime"": ""neutral"", ""weight_profile"": ""neutral_service_balanced"", ""regime_reason"": ""met_conditions=close_gt_ma20,ma20_gt_ma60,recent_20d_return_gt_0.03; true_count=3; breadth_20d=0.527; recent_20d_return=0.0468; ma60=5370.97; volatility_risk_flag=True"", ""action_note"": ""추가 확인 후 판단"", ""component_snapshot"": {""ret_score"": 8.52, ""prob_score"": 69.46, ""qual_score"": 17.68, ""tech_score"": 90.08, ""valuation_score"": 50.0, ""risk_penalty"": 18.0, ""live_score"": 33.89, ""final_score"": 33.89, ""confidence_score"": 64.19, ""live_rank"": 129.0, ""live_score_source"": ""final_score""}}",129,2026-04-09 11:17:11,
2026-04-08,039030,-0.049849800887013,-0.0628320756780133,-0.252648114040349,-0.264002431828236,0.0517704047090642,0.0530198471923959,0.0,442000.0,92.964824120603,5,0.0,100.0,0.0532292608113158,0.05862777835446,95592.15,127096.0,0.109159347553325,0.0728155339805824,57.51972182145721,1.329565241497341,408500.0,412000.0,379783.3333333333,0.0160919540229884,-0.0100783874580067,이오테크닉스,KOSDAQ,반도체와반도체장비,,,HBM,30.403125,0.3977033759124087,30.403125,30.403125,30.403125,0.3,,12.09142545078695,True,False,2026-04-08,5872.34,5523.437,0.0407581147205317,-8114.961149999988,neutral,"met_conditions=close_gt_ma20,ma20_gt_ma60,recent_20d_return_gt_0.03; true_count=3; breadth_20d=0.527; recent_20d_return=0.0468; ma60=5370.97; volatility_risk_flag=True",0.0728155339805824,55.0,70.84975369458128,0.0160919540229884,-0.0100783874580067,0.109159347553325,95.03944364291442,75.7303042604823,0.0532292608113158,0.05862777835446,30.78817733990148,95592.15,127096.0,34.318555008210176,11.330049261083744,0.9,53.159356186879506,feature_v1,26.60098522167488,0.2660098522167488,0.2660098522167488,29.064039408866993,0.29064039408866993,0.29064039408866993,27.339901477832505,27.339901477832505,27.586206896551722,False,5.17704047090642,0.12315270935960591,12.31527093596059,92.964824120603,92.92929292929293,1.0,1.0,92.92929292929293,92.92929292929293,72.41379310344827,66.00985221674877,30.78817733990148,11.330049261083744,50.0,27.339901477832505,12.31527093596059,53.159356186879506,ranking_builder_v8_return_prob_tech_regime,False,False,False,False,False,False,False,False,False,False,False,False,0,12.862780938660455,0.2571898411555038,neutral_service_balanced,0.24,0.24,0.32,0.32,0.26,0.26,0.18,0.18,0.65,0.0,0.0,33.075449518250664,33.075449518250664,1.0,False,False,1.0,False,33.075449518250664,130,v2,0.0,best_weight_by_regime,neutral,0.0,1.0,33.075449518250664,33.075449518250664,0.0,33.075449518250664,0.0,0.0,,,,,,,,,,,,,,,,,False,False,,,,,False,,,,,4.0,True,29.075449518250664,129,130,final_score,33.075449518250664,130,130,12.75824548485108,8.748768472906402,3.2019704433497536,16.727272727272727,0.0,0.0,0.0,0.0,-8.360807610129296,8.748768472906402,3.2019704433497536,12.75824548485108,16.727272727272727,0.0,0.0,0.0,-8.360807610129296,41.436257128379964,Financial quality score,16.727272727272727,Risk penalty,-8.360807610129296,"요약: live_score 33.1 | live_score_source=final_score | regime=neutral | dominant_driver=tech (Tech flow score 12.8) | top_positive_factor=Financial quality score (16.7) | top_negative_factor=Risk penalty (-8.4)
핵심 driver: Financial quality score (qual_score) contribution 16.7, score 92.9; Tech flow score (tech_score) contribution 12.8, score 53.2; Primary prediction score (ret_score) contribution 8.7, score 27.3
리스크 요인: top_negative_factor=Risk penalty (-8.4); risk_penalty 12.9
운영 상태: theme_overlay: disabled (operational config); confidence: 모델 메타 점수 (calibration 미완), score=NA, label=Experimental, live_score 비반영, research/reference 용도","{""base_score"": 33.1, ""theme_weight"": 0.0, ""weight_source"": ""best_weight_by_regime"", ""regime_applied"": ""neutral"", ""theme"": {""name"": ""HBM"", ""confidence"": 0.4, ""contribution"": 0.0}}",confidence_four_axis_v1,1.0,100.0,95.5,29.565793402000303,39.53620825204611,71.97187958830699,59.73355901120934,59.73355901120934,Medium,Medium,Medium,Medium,core signals disagree; current regime fit is weak,"Confidence score is 59.7 (Medium). data_maturity_score=100.0, model_reliability_score=95.5, signal_agreement_score=29.6, regime_fitness_score=39.5. Reason: core signals disagree; current regime fit is weak.",재무 품질 양호이 추천 점수를 견인했습니다. 신호 신뢰도 낮음 요인은 함께 점검이 필요합니다.,재무 품질 양호,신호 신뢰도 낮음 / 거래 유동성 부족,신뢰도 Medium: core signals disagree; current regime fit is weak,현재 neutral 체계로 균형형 가중치가 적용됐습니다.,strong_quality_profile,,,low_confidence,low_liquidity_score,재무 품질 양호,,,신호 신뢰도 낮음,거래 유동성 부족,보수적 접근 권장,"{""drivers"": [""strong_quality_profile""], ""driver_texts"": [""재무 품질 양호""], ""drags"": [""low_confidence"", ""low_liquidity_score""], ""drag_texts"": [""신호 신뢰도 낮음"", ""거래 유동성 부족""], ""confidence_label"": ""Medium"", ""confidence_reason"": ""core signals disagree; current regime fit is weak"", ""regime"": ""neutral"", ""weight_profile"": ""neutral_service_balanced"", ""regime_reason"": ""met_conditions=close_gt_ma20,ma20_gt_ma60,recent_20d_return_gt_0.03; true_count=3; breadth_20d=0.527; recent_20d_return=0.0468; ma60=5370.97; volatility_risk_flag=True"", ""action_note"": ""보수적 접근 권장"", ""component_snapshot"": {""ret_score"": 27.34, ""prob_score"": 12.32, ""qual_score"": 92.93, ""tech_score"": 53.16, ""valuation_score"": 50.0, ""risk_penalty"": 12.86, ""live_score"": 33.08, ""final_score"": 33.08, ""confidence_score"": 59.73, ""live_rank"": 130.0, ""live_score_source"": ""final_score""}}",130,2026-04-09 11:17:11,
2026-04-08,064400,-0.0208491518606035,-0.02483577212534,-0.2382251398750556,-0.2699381096722064,0.1067171024063621,0.0686510162300943,0.0,61400.0,61.80904522613066,3,0.4,75.0,0.0390327040298948,0.0430909963876815,483449.45,515698.0,-0.066869300911854,-0.011988092364631,48.3796934050204,1.0667051126027758,58040.0,62145.0,66343.33333333333,0.0319327731092438,-0.0175999999999999,LG씨엔에스,KOSPI,IT서비스,,,Enterprise AI Software,73.54374999999999,0.6758691605839415,73.54374999999999,73.54374999999999,73.54374999999999,0.3,,49.70595257869524,True,False,2026-04-08,5872.34,5523.437,0.0407581147205317,-8114.961149999988,neutral,"met_conditions=close_gt_ma20,ma20_gt_ma60,recent_20d_return_gt_0.03; true_count=3; breadth_20d=0.527; recent_20d_return=0.0468; ma60=5370.97; volatility_risk_flag=True",-0.011988092364631,15.0,28.189655172413794,0.0319327731092438,-0.0175999999999999,-0.066869300911854,76.7593868100408,58.352408278864885,0.0390327040298948,0.0430909963876815,68.22660098522167,483449.45,515698.0,55.500821018062396,58.128078817733986,1.0,50.85068279908054,feature_v1,34.48275862068966,0.3448275862068966,0.3448275862068966,36.45320197044335,0.3645320197044335,0.3645320197044335,35.073891625615765,35.073891625615765,35.27093596059113,False,10.67171024063621,0.3891625615763547,38.91625615763547,61.80904522613066,62.121212121212125,0.8375,0.78,40.58068181818182,40.58068181818182,35.467980295566505,28.078817733990146,68.22660098522167,58.128078817733986,50.0,35.073891625615765,38.91625615763547,50.85068279908054,ranking_builder_v8_return_prob_tech_regime,False,False,False,False,False,False,False,False,False,False,False,False,0,12.109239335269908,0.2509103277939159,neutral_service_balanced,0.24,0.24,0.32,0.32,0.26,0.26,0.18,0.18,0.65,0.0,0.0,32.97955295230888,32.97955295230888,1.0,False,False,1.0,False,32.97955295230888,131,v2,0.0,best_weight_by_regime,neutral,0.0,1.0,32.97955295230888,32.97955295230888,0.0,32.97955295230888,0.0,0.0,,,,,,,,,,,,,,,,,False,False,,,,,False,,,,,4.0,True,28.97955295230888,130,131,final_score,32.97955295230888,131,131,12.204163871779329,11.223645320197045,10.118226600985224,7.304522727272728,0.0,0.0,0.0,0.0,-7.871005567925441,11.223645320197045,10.118226600985224,12.204163871779329,7.304522727272728,0.0,0.0,0.0,-7.871005567925441,40.85055852023432,Tech flow score,12.204163871779329,Risk penalty,-7.871005567925441,"요약: live_score 33.0 | live_score_source=final_score | regime=neutral | dominant_driver=tech (Tech flow score 12.2) | top_positive_factor=Tech flow score (12.2) | top_negative_factor=Risk penalty (-7.9)
핵심 driver: Tech flow score (tech_score) contribution 12.2, score 50.9; Primary prediction score (ret_score) contribution 11.2, score 35.1; Top-bucket probability score (prob_score) contribution 10.1, score 38.9
리스크 요인: top_negative_factor=Risk penalty (-7.9); risk_penalty 12.1
운영 상태: theme_overlay: disabled (operational config); confidence: 모델 메타 점수 (calibration 미완), score=NA, label=Experimental, live_score 비반영, research/reference 용도","{""base_score"": 33.0, ""theme_weight"": 0.0, ""weight_source"": ""best_weight_by_regime"", ""regime_applied"": ""neutral"", ""theme"": {""name"": ""Enterprise AI Software"", ""confidence"": 0.68, ""contribution"": 0.0}}",confidence_four_axis_v1,1.0,91.25,97.0,50.26696264796057,39.750810560216856,75.00436224602267,64.5569471712276,64.5569471712276,Medium,Medium,Medium,Medium,core signals disagree; current regime fit is weak,"Confidence score is 64.6 (Medium). data_maturity_score=91.2, model_reliability_score=97.0, signal_agreement_score=50.3, regime_fitness_score=39.8. Reason: core signals disagree; current regime fit is weak.",변동성 관리 양호이 추천 점수를 견인했습니다. 예상 손실 폭 부담 큼 요인은 함께 점검이 필요합니다.,변동성 관리 양호,예상 손실 폭 부담 큼 / 기대수익 매력 낮음,신뢰도 Medium: core signals disagree; current regime fit is weak,현재 neutral 체계로 균형형 가중치가 적용됐습니다.,strong_safety_profile,,,very_high_risk_penalty,weak_ret_score,변동성 관리 양호,,,예상 손실 폭 부담 큼,기대수익 매력 낮음,보수적 접근 권장,"{""drivers"": [""strong_safety_profile""], ""driver_texts"": [""변동성 관리 양호""], ""drags"": [""very_high_risk_penalty"", ""weak_ret_score""], ""drag_texts"": [""예상 손실 폭 부담 큼"", ""기대수익 매력 낮음""], ""confidence_label"": ""Medium"", ""confidence_reason"": ""core signals disagree; current regime fit is weak"", ""regime"": ""neutral"", ""weight_profile"": ""neutral_service_balanced"", ""regime_reason"": ""met_conditions=close_gt_ma20,ma20_gt_ma60,recent_20d_return_gt_0.03; true_count=3; breadth_20d=0.527; recent_20d_return=0.0468; ma60=5370.97; volatility_risk_flag=True"", ""action_note"": ""보수적 접근 권장"", ""component_snapshot"": {""ret_score"": 35.07, ""prob_score"": 38.92, ""qual_score"": 40.58, ""tech_score"": 50.85, ""valuation_score"": 50.0, ""risk_penalty"": 12.11, ""live_score"": 32.98, ""final_score"": 32.98, ""confidence_score"": 64.56, ""live_rank"": 131.0, ""live_score_source"": ""final_score""}}",131,2026-04-09 11:17:11,
2026-04-08,005930,-0.0429758403097328,-0.0174959385025121,-0.2912194906845862,-0.2981462863006162,0.0673989950587896,0.029298463202306,0.0,210500.0,71.85929648241206,3,0.4,75.0,0.0505870500654487,0.0485191729158911,26990376.7,35890973.0,0.1078947368421052,0.1122853368560106,61.287222192106775,1.329769250682596,192940.0,189250.0,175856.66666666666,0.1102320675105485,0.1137566137566137,삼성전자,KOSPI,전자/부품,,,HBM,44.0625,0.4752033759124087,44.0625,44.0625,44.0625,0.3,,20.93864875114051,True,False,2026-04-08,5872.34,5523.437,0.0407581147205317,-8114.961149999988,neutral,"met_conditions=close_gt_ma20,ma20_gt_ma60,recent_20d_return_gt_0.03; true_count=3; breadth_20d=0.527; recent_20d_return=0.0468; ma60=5370.97; volatility_risk_flag=True",0.1122853368560106,100.0,97.53694581280789,0.1102320675105485,0.1137566137566137,0.1078947368421052,97.42555561578645,94.67658594828158,0.0505870500654487,0.0485191729158911,44.334975369458135,5640545.337999998,7278789.899999994,92.11822660098522,99.50738916256158,1.0,85.08261788978032,feature_v1,28.57142857142857,0.2857142857142857,0.2857142857142857,37.93103448275862,0.3793103448275862,0.3793103448275862,31.379310344827584,31.379310344827584,32.31527093596059,False,6.73989950587896,0.19704433497536947,19.704433497536947,71.85929648241206,71.71717171717171,0.8375,0.78,46.84924242424242,46.84924242424242,66.99507389162561,44.33497536945813,44.334975369458135,100.0,50.0,31.379310344827584,19.704433497536947,85.08261788978032,ranking_builder_v8_return_prob_tech_regime,False,False,False,False,False,False,False,False,False,False,False,False,0,17.278825071719783,0.2939902089309982,neutral_service_balanced,0.24,0.24,0.32,0.32,0.26,0.26,0.18,0.18,0.65,0.0,0.0,32.785987652997484,32.785987652997484,1.0,False,False,1.0,False,32.785987652997484,132,v2,0.0,best_weight_by_regime,neutral,0.0,1.0,32.785987652997484,32.785987652997484,0.0,32.785987652997484,0.0,0.0,,,,,,,,,,,,,,,,,False,False,,,,,False,,,,,4.0,True,28.785987652997484,131,132,final_score,32.785987652997484,132,132,20.419828293547276,10.041379310344826,5.123152709359606,8.432863636363635,0.0,0.0,0.0,0.0,-11.23123629661786,10.041379310344826,5.123152709359606,20.419828293547276,8.432863636363635,0.0,0.0,0.0,-11.23123629661786,44.01722394961534,Tech flow score,20.419828293547276,Risk penalty,-11.23123629661786,"요약: live_score 32.8 | live_score_source=final_score | regime=neutral | dominant_driver=tech (Tech flow score 20.4) | top_positive_factor=Tech flow score (20.4) | top_negative_factor=Risk penalty (-11.2)
핵심 driver: Tech flow score (tech_score) contribution 20.4, score 85.1; Primary prediction score (ret_score) contribution 10.0, score 31.4; Financial quality score (qual_score) contribution 8.4, score 46.8
리스크 요인: top_negative_factor=Risk penalty (-11.2); risk_penalty 17.3
운영 상태: theme_overlay: disabled (operational config); confidence: 모델 메타 점수 (calibration 미완), score=NA, label=Experimental, live_score 비반영, research/reference 용도","{""base_score"": 32.8, ""theme_weight"": 0.0, ""weight_source"": ""best_weight_by_regime"", ""regime_applied"": ""neutral"", ""theme"": {""name"": ""HBM"", ""confidence"": 0.48, ""contribution"": 0.0}}",confidence_four_axis_v1,1.0,91.25,97.0,34.136544682326985,38.50845658731559,70.78540465867908,57.856309190393915,57.856309190393915,Medium,Medium,Medium,Medium,core signals disagree; current regime fit is weak,"Confidence score is 57.9 (Medium). data_maturity_score=91.2, model_reliability_score=97.0, signal_agreement_score=34.1, regime_fitness_score=38.5. Reason: core signals disagree; current regime fit is weak.",추세 구조 양호와 거래 유동성 양호이 추천 점수를 견인했습니다. 신호 신뢰도 낮음 요인은 함께 점검이 필요합니다.,추세 구조 양호 / 거래 유동성 양호,신호 신뢰도 낮음 / 상위권 진입 확률 약함,신뢰도 Medium: core signals disagree; current regime fit is weak,현재 neutral 체계로 균형형 가중치가 적용됐습니다.,high_tech_score,healthy_liquidity_profile,,low_confidence,low_probability_score,추세 구조 양호,거래 유동성 양호,,신호 신뢰도 낮음,상위권 진입 확률 약함,보수적 접근 권장,"{""drivers"": [""high_tech_score"", ""healthy_liquidity_profile""], ""driver_texts"": [""추세 구조 양호"", ""거래 유동성 양호""], ""drags"": [""low_confidence"", ""low_probability_score""], ""drag_texts"": [""신호 신뢰도 낮음"", ""상위권 진입 확률 약함""], ""confidence_label"": ""Medium"", ""confidence_reason"": ""core signals disagree; current regime fit is weak"", ""regime"": ""neutral"", ""weight_profile"": ""neutral_service_balanced"", ""regime_reason"": ""met_conditions=close_gt_ma20,ma20_gt_ma60,recent_20d_return_gt_0.03; true_count=3; breadth_20d=0.527; recent_20d_return=0.0468; ma60=5370.97; volatility_risk_flag=True"", ""action_note"": ""보수적 접근 권장"", ""component_snapshot"": {""ret_score"": 31.38, ""prob_score"": 19.7, ""qual_score"": 46.85, ""tech_score"": 85.08, ""valuation_score"": 50.0, ""risk_penalty"": 17.28, ""live_score"": 32.79, ""final_score"": 32.79, ""confidence_score"": 57.86, ""live_rank"": 132.0, ""live_score_source"": ""final_score""}}",132,2026-04-09 11:17:11,
2026-04-08,000150,0.1864579240605492,0.0990829734395608,-0.2904698239791987,-0.3269142340001934,0.0825865148867115,0.0395547216636488,0.0,1204000.0,37.185929648241206,3,0.4,75.0,0.067299539864821,0.0600442281905734,77757.55,155769.0,0.0935513169845594,0.0678965807796354,56.45020560538698,2.0032652777768845,1084600.0,1127450.0,1006233.3333333334,0.0798206278026905,-0.0368,두산,KOSPI,기계/중공업·방산,,,방산,26.578125,0.5465559936863458,26.578125,26.578125,26.578125,0.3,,14.526433519694908,True,False,2026-04-08,5872.34,5523.437,0.0407581147205317,-8114.961149999988,neutral,"met_conditions=close_gt_ma20,ma20_gt_ma60,recent_20d_return_gt_0.03; true_count=3; breadth_20d=0.527; recent_20d_return=0.0468; ma60=5370.97; volatility_risk_flag=True",0.0678965807796354,55.0,69.37192118226601,0.0798206278026905,-0.0368,0.0935513169845594,92.90041121077395,78.15121117707773,0.067299539864821,0.0600442281905734,18.226600985221673,77757.55,155769.0,41.050903119868636,7.8817733990147785,0.72,41.73656827081077,feature_v1,77.83251231527095,0.7783251231527094,0.7783251231527094,53.69458128078818,0.5369458128078818,0.5369458128078818,70.5911330049261,70.5911330049261,68.17733990147784,False,8.25865148867115,0.27586206896551724,27.586206896551722,37.185929648241206,37.37373737373738,0.8375,0.78,24.414393939393943,24.414393939393943,92.11822660098522,71.42857142857143,18.226600985221673,7.8817733990147785,50.0,70.5911330049261,27.586206896551722,41.73656827081077,ranking_builder_v8_return_prob_tech_regime,False,False,False,False,False,False,False,False,False,False,False,False,0,18.0,0.30504758798759657,neutral_service_balanced,0.24,0.24,0.32,0.32,0.26,0.26,0.18,0.18,0.65,0.0,0.0,32.472943648765295,32.472943648765295,1.0,False,False,1.0,False,32.472943648765295,133,v2,0.0,best_weight_by_regime,neutral,0.0,1.0,32.472943648765295,32.472943648765295,0.0,32.472943648765295,0.0,0.0,,,,,,,,,,,,,,,,,False,False,,,,,False,,,,,4.0,True,28.472943648765295,132,133,final_score,32.472943648765295,133,133,10.016776384994584,22.589162561576355,7.172413793103448,4.394590909090909,0.0,0.0,0.0,0.0,-11.700000000000001,22.589162561576355,7.172413793103448,10.016776384994584,4.394590909090909,0.0,0.0,0.0,-11.700000000000001,44.1729436487653,Primary prediction score,22.589162561576355,Risk penalty,-11.700000000000001,"요약: live_score 32.5 | live_score_source=final_score | regime=neutral | dominant_driver=ret (Primary prediction score 22.6) | top_positive_factor=Primary prediction score (22.6) | top_negative_factor=Risk penalty (-11.7)
핵심 driver: Primary prediction score (ret_score) contribution 22.6, score 70.6; Tech flow score (tech_score) contribution 10.0, score 41.7; Top-bucket probability score (prob_score) contribution 7.2, score 27.6
리스크 요인: top_negative_factor=Risk penalty (-11.7); risk_penalty 18.0
운영 상태: theme_overlay: disabled (operational config); confidence: 모델 메타 점수 (calibration 미완), score=NA, label=Experimental, live_score 비반영, research/reference 용도","{""base_score"": 32.5, ""theme_weight"": 0.0, ""weight_source"": ""best_weight_by_regime"", ""regime_applied"": ""neutral"", ""theme"": {""name"": ""방산"", ""confidence"": 0.55, ""contribution"": 0.0}}",confidence_four_axis_v1,1.0,91.25,92.8,39.89697828034035,38.639823581016906,70.98521810723763,60.18675602833952,60.18675602833952,Medium,Medium,Medium,Medium,core signals disagree; current regime fit is weak,"Confidence score is 60.2 (Medium). data_maturity_score=91.2, model_reliability_score=92.8, signal_agreement_score=39.9, regime_fitness_score=38.6. Reason: core signals disagree; current regime fit is weak.",60일 기대수익 상위권이 추천 점수를 견인했습니다. 거래 유동성 부족 요인은 함께 점검이 필요합니다.,60일 기대수익 상위권,거래 유동성 부족 / 방어력 약함,신뢰도 Medium: core signals disagree; current regime fit is weak,현재 neutral 체계로 균형형 가중치가 적용됐습니다.,high_ret_score,,,low_liquidity_score,weak_safety_score,60일 기대수익 상위권,,,거래 유동성 부족,방어력 약함,추가 확인 후 판단,"{""drivers"": [""high_ret_score""], ""driver_texts"": [""60일 기대수익 상위권""], ""drags"": [""low_liquidity_score"", ""weak_safety_score""], ""drag_texts"": [""거래 유동성 부족"", ""방어력 약함""], ""confidence_label"": ""Medium"", ""confidence_reason"": ""core signals disagree; current regime fit is weak"", ""regime"": ""neutral"", ""weight_profile"": ""neutral_service_balanced"", ""regime_reason"": ""met_conditions=close_gt_ma20,ma20_gt_ma60,recent_20d_return_gt_0.03; true_count=3; breadth_20d=0.527; recent_20d_return=0.0468; ma60=5370.97; volatility_risk_flag=True"", ""action_note"": ""추가 확인 후 판단"", ""component_snapshot"": {""ret_score"": 70.59, ""prob_score"": 27.59, ""qual_score"": 24.41, ""tech_score"": 41.74, ""valuation_score"": 50.0, ""risk_penalty"": 18.0, ""live_score"": 32.47, ""final_score"": 32.47, ""confidence_score"": 60.19, ""live_rank"": 133.0, ""live_score_source"": ""final_score""}}",133,2026-04-09 11:17:11,
2026-04-08,195940,-0.0086846846060033,-0.0780549922851255,-0.2509154415267137,-0.2699151646572696,0.118920823021618,0.0799084677211016,0.0,48950.0,51.75879396984925,5,0.0,100.0,0.0291645755302277,0.0351671482919775,133350.4,108079.0,-0.0081053698074974,-0.0276122367898291,45.80841591644258,0.8104887574390478,47750.0,50340.0,51599.16666666666,-0.034516765285996,-0.0764150943396226,HK이노엔,KOSDAQ,제약,,,바이오,17.578125,0.3833811131386861,17.578125,17.578125,17.578125,0.3,,6.739121129390967,True,False,2026-04-08,5872.34,5523.437,0.0407581147205317,-8114.961149999988,neutral,"met_conditions=close_gt_ma20,ma20_gt_ma60,recent_20d_return_gt_0.03; true_count=3; breadth_20d=0.527; recent_20d_return=0.0468; ma60=5370.97; volatility_risk_flag=True",-0.0276122367898291,15.0,23.75615763546798,-0.034516765285996,-0.0764150943396226,-0.0081053698074974,71.61683183288515,44.382040470536566,0.0291645755302277,0.0351671482919775,85.71428571428571,133350.4,108079.0,16.091954022988503,16.748768472906402,0.9,37.995490531470246,feature_v1,38.42364532019704,0.3842364532019704,0.3842364532019704,25.12315270935961,0.2512315270935961,0.2512315270935961,34.433497536945815,34.433497536945815,33.103448275862064,False,11.8920823021618,0.43842364532019706,43.84236453201971,51.75879396984925,52.02020202020202,1.0,1.0,52.02020202020202,52.02020202020202,12.31527093596059,16.25615763546798,85.71428571428571,16.748768472906402,50.0,34.433497536945815,43.84236453201971,37.995490531470246,ranking_builder_v8_return_prob_tech_regime,False,False,False,False,False,False,False,False,False,False,False,False,0,13.021839693472327,0.25851533077893607,neutral_service_balanced,0.24,0.24,0.32,0.32,0.26,0.26,0.18,0.18,0.65,0.0,0.0,32.43609228058,32.43609228058,1.0,False,False,1.0,False,32.43609228058,134,v2,0.0,best_weight_by_regime,neutral,0.0,1.0,32.43609228058,32.43609228058,0.0,32.43609228058,0.0,0.0,,,,,,,,,,,,,,,,,False,False,,,,,False,,,,,4.0,True,28.43609228058,133,134,final_score,32.43609228058,134,134,9.118917727552859,11.018719211822662,11.399014778325125,9.363636363636363,0.0,0.0,0.0,0.0,-8.464195800757013,11.018719211822662,11.399014778325125,9.118917727552859,9.363636363636363,0.0,0.0,0.0,-8.464195800757013,40.90028808133701,Top-bucket probability score,11.399014778325125,Risk penalty,-8.464195800757013,"요약: live_score 32.4 | live_score_source=final_score | regime=neutral | dominant_driver=prob (Top-bucket probability score 11.4) | top_positive_factor=Top-bucket probability score (11.4) | top_negative_factor=Risk penalty (-8.5)
핵심 driver: Top-bucket probability score (prob_score) contribution 11.4, score 43.8; Primary prediction score (ret_score) contribution 11.0, score 34.4; Financial quality score (qual_score) contribution 9.4, score 52.0
리스크 요인: top_negative_factor=Risk penalty (-8.5); risk_penalty 13.0
운영 상태: theme_overlay: disabled (operational config); confidence: 모델 메타 점수 (calibration 미완), score=NA, label=Experimental, live_score 비반영, research/reference 용도","{""base_score"": 32.4, ""theme_weight"": 0.0, ""weight_source"": ""best_weight_by_regime"", ""regime_applied"": ""neutral"", ""theme"": {""name"": ""바이오"", ""confidence"": 0.38, ""contribution"": 0.0}}",confidence_four_axis_v1,1.0,100.0,95.5,43.473988655023135,39.40465076524105,75.42919477854194,65.27052561505747,65.27052561505747,Medium,Medium,Medium,Medium,core signals disagree; current regime fit is weak,"Confidence score is 65.3 (Medium). data_maturity_score=100.0, model_reliability_score=95.5, signal_agreement_score=43.5, regime_fitness_score=39.4. Reason: core signals disagree; current regime fit is weak.",변동성 관리 양호이 추천 점수를 견인했습니다. 거래 유동성 부족 요인은 함께 점검이 필요합니다.,변동성 관리 양호,거래 유동성 부족 / 예상 손실 폭 부담 큼,신뢰도 Medium: core signals disagree; current regime fit is weak,현재 neutral 체계로 균형형 가중치가 적용됐습니다.,strong_safety_profile,,,low_liquidity_score,very_high_risk_penalty,변동성 관리 양호,,,거래 유동성 부족,예상 손실 폭 부담 큼,추가 확인 후 판단,"{""drivers"": [""strong_safety_profile""], ""driver_texts"": [""변동성 관리 양호""], ""drags"": [""low_liquidity_score"", ""very_high_risk_penalty""], ""drag_texts"": [""거래 유동성 부족"", ""예상 손실 폭 부담 큼""], ""confidence_label"": ""Medium"", ""confidence_reason"": ""core signals disagree; current regime fit is weak"", ""regime"": ""neutral"", ""weight_profile"": ""neutral_service_balanced"", ""regime_reason"": ""met_conditions=close_gt_ma20,ma20_gt_ma60,recent_20d_return_gt_0.03; true_count=3; breadth_20d=0.527; recent_20d_return=0.0468; ma60=5370.97; volatility_risk_flag=True"", ""action_note"": ""추가 확인 후 판단"", ""component_snapshot"": {""ret_score"": 34.43, ""prob_score"": 43.84, ""qual_score"": 52.02, ""tech_score"": 38.0, ""valuation_score"": 50.0, ""risk_penalty"": 13.02, ""live_score"": 32.44, ""final_score"": 32.44, ""confidence_score"": 65.27, ""live_rank"": 134.0, ""live_score_source"": ""final_score""}}",134,2026-04-09 11:17:11,
2026-04-08,000100,-0.007116128549743,-0.0066667079822044,-0.2070973950689673,-0.2559017586592787,0.0996671143377243,0.0445301259569469,0.0,94200.0,52.26130653266332,3,0.4,75.0,0.0305539244493187,0.0299998317889895,227079.25,205545.0,-0.0436548223350253,-0.0281646549056019,43.448956087179205,0.905168570003644,92620.0,96930.0,103796.66666666669,-0.0532663316582914,-0.0475227502527806,유한양행,KOSPI,제약,,,바이오,23.4375,0.4458811131386861,23.4375,23.4375,23.4375,0.3,,10.450338589187956,True,False,2026-04-08,5872.34,5523.437,0.0407581147205317,-8114.961149999988,neutral,"met_conditions=close_gt_ma20,ma20_gt_ma60,recent_20d_return_gt_0.03; true_count=3; breadth_20d=0.527; recent_20d_return=0.0468; ma60=5370.97; volatility_risk_flag=True",-0.0281646549056019,15.0,23.50985221674877,-0.0532663316582914,-0.0475227502527806,-0.0436548223350253,66.89791217435841,41.35501991551078,0.0305539244493187,0.0299998317889895,88.17733990147784,227079.25,205545.0,30.377668308702795,33.99014778325123,1.0,43.719330862054385,feature_v1,38.91625615763547,0.3891625615763547,0.3891625615763547,41.87192118226601,0.4187192118226601,0.4187192118226601,39.80295566502463,39.80295566502463,40.09852216748769,False,9.96671143377243,0.3399014778325123,33.99014778325123,52.26130653266332,52.52525252525253,0.8375,0.78,34.31212121212122,34.31212121212122,16.25615763546798,7.389162561576355,88.17733990147784,33.99014778325123,50.0,39.80295566502463,33.99014778325123,43.719330862054385,ranking_builder_v8_return_prob_tech_regime,False,False,False,False,False,False,False,False,False,False,False,False,0,9.194296860611022,0.22661914050509185,neutral_service_balanced,0.24,0.24,0.32,0.32,0.26,0.26,0.18,0.18,0.65,0.0,0.0,32.266912502130914,32.266912502130914,1.0,False,False,1.0,False,32.266912502130914,135,v2,0.0,best_weight_by_regime,neutral,0.0,1.0,32.266912502130914,32.266912502130914,0.0,32.266912502130914,0.0,0.0,,,,,,,,,,,,,,,,,False,False,,,,,False,,,,,0.0,False,32.266912502130914,119,135,final_score,32.266912502130914,135,135,10.492639406893051,12.736945812807884,8.83743842364532,6.176181818181819,0.0,0.0,0.0,0.0,-5.976292959397164,12.736945812807884,8.83743842364532,10.492639406893051,6.176181818181819,0.0,0.0,0.0,-5.976292959397164,38.24320546152808,Primary prediction score,12.736945812807884,Risk penalty,-5.976292959397164,"요약: live_score 32.3 | live_score_source=final_score | regime=neutral | dominant_driver=ret (Primary prediction score 12.7) | top_positive_factor=Primary prediction score (12.7) | top_negative_factor=Risk penalty (-6.0)
핵심 driver: Primary prediction score (ret_score) contribution 12.7, score 39.8; Tech flow score (tech_score) contribution 10.5, score 43.7; Top-bucket probability score (prob_score) contribution 8.8, score 34.0
리스크 요인: top_negative_factor=Risk penalty (-6.0); risk_penalty 9.2
운영 상태: theme_overlay: disabled (operational config); confidence: 모델 메타 점수 (calibration 미완), score=NA, label=Experimental, live_score 비반영, research/reference 용도","{""base_score"": 32.3, ""theme_weight"": 0.0, ""weight_source"": ""best_weight_by_regime"", ""regime_applied"": ""neutral"", ""theme"": {""name"": ""바이오"", ""confidence"": 0.45, ""contribution"": 0.0}}",confidence_four_axis_v1,1.0,91.25,97.0,39.58124507635905,39.40673738013012,72.28132187610927,60.21384550656964,60.21384550656964,Medium,Medium,Medium,Medium,core signals disagree; current regime fit is weak,"Confidence score is 60.2 (Medium). data_maturity_score=91.2, model_reliability_score=97.0, signal_agreement_score=39.6, regime_fitness_score=39.4. Reason: core signals disagree; current regime fit is weak.",변동성 관리 양호이 추천 점수를 견인했습니다. 최근 변동성 확대 주의 요인은 함께 점검이 필요합니다.,변동성 관리 양호,최근 변동성 확대 주의 / 상위권 진입 확률 약함,신뢰도 Medium: core signals disagree; current regime fit is weak,현재 neutral 체계로 균형형 가중치가 적용됐습니다.,strong_safety_profile,,,elevated_risk_penalty,low_probability_score,변동성 관리 양호,,,최근 변동성 확대 주의,상위권 진입 확률 약함,추가 확인 후 판단,"{""drivers"": [""strong_safety_profile""], ""driver_texts"": [""변동성 관리 양호""], ""drags"": [""elevated_risk_penalty"", ""low_probability_score""], ""drag_texts"": [""최근 변동성 확대 주의"", ""상위권 진입 확률 약함""], ""confidence_label"": ""Medium"", ""confidence_reason"": ""core signals disagree; current regime fit is weak"", ""regime"": ""neutral"", ""weight_profile"": ""neutral_service_balanced"", ""regime_reason"": ""met_conditions=close_gt_ma20,ma20_gt_ma60,recent_20d_return_gt_0.03; true_count=3; breadth_20d=0.527; recent_20d_return=0.0468; ma60=5370.97; volatility_risk_flag=True"", ""action_note"": ""추가 확인 후 판단"", ""component_snapshot"": {""ret_score"": 39.8, ""prob_score"": 33.99, ""qual_score"": 34.31, ""tech_score"": 43.72, ""valuation_score"": 50.0, ""risk_penalty"": 9.19, ""live_score"": 32.27, ""final_score"": 32.27, ""confidence_score"": 60.21, ""live_rank"": 135.0, ""live_score_source"": ""final_score""}}",135,2026-04-09 11:17:11,
2026-04-08,402340,0.0361017361567033,-0.1722815291155807,-0.2177474428693838,-0.216758621573132,0.0227732411474196,0.0183389240884223,0.0,578000.0,79.89949748743719,3,0.4,75.0,0.0642082047151691,0.0594183560472251,603575.4,752399.0,0.023008849557522,0.0567693573452783,55.29642765726332,1.2465700225688456,503300.0,546950.0,530358.3333333334,0.1536926147704591,-0.0446280991735537,SK스퀘어,KOSPI,복합기업,,,,0.0,0.0,,0.0,,0.3,mapping_missing,0.0,False,False,2026-04-08,5872.34,5523.437,0.0407581147205317,-8114.961149999988,neutral,"met_conditions=close_gt_ma20,ma20_gt_ma60,recent_20d_return_gt_0.03; true_count=3; breadth_20d=0.527; recent_20d_return=0.0468; ma60=5370.97; volatility_risk_flag=True",0.0567693573452783,55.0,66.9088669950739,0.1536926147704591,-0.0446280991735537,0.023008849557522,90.59285531452664,73.5102827941489,0.0642082047151691,0.0594183560472251,21.182266009852214,603575.4,752399.0,68.14449917898195,66.00985221674877,1.0,60.25938715529202,feature_v1,50.24630541871922,0.5024630541871922,0.5024630541871922,11.822660098522167,0.11822660098522167,0.11822660098522167,38.71921182266011,38.71921182266011,34.8768472906404,False,2.27732411474196,0.03940886699507389,3.9408866995073892,79.89949748743719,79.7979797979798,0.8375,0.78,52.12803030303031,52.12803030303031,89.65517241379311,67.98029556650246,21.182266009852214,66.00985221674877,50.0,38.71921182266011,3.9408866995073892,60.25938715529202,ranking_builder_v8_return_prob_tech_regime,False,False,False,False,False,False,False,False,False,False,False,False,0,8.082229722105968,0.21735191435088308,neutral_service_balanced,0.24,0.24,0.32,0.32,0.26,0.26,0.18,0.18,0.65,0.0,0.0,32.006627377569814,32.006627377569814,1.0,False,False,1.0,False,32.006627377569814,136,v2,0.0,best_weight_by_regime,neutral,0.0,1.0,32.006627377569814,32.006627377569814,0.0,32.006627377569814,0.0,0.0,,,,,,,,,,,,,,,,,False,False,,,,,False,,,,,0.0,False,32.006627377569814,121,136,final_score,32.006627377569814,136,136,14.462252917270083,12.390147783251235,1.0246305418719213,9.383045454545455,0.0,0.0,0.0,0.0,-5.25344931936888,12.390147783251235,1.0246305418719213,14.462252917270083,9.383045454545455,0.0,0.0,0.0,-5.25344931936888,37.2600766969387,Tech flow score,14.462252917270083,Risk penalty,-5.25344931936888,"요약: live_score 32.0 | live_score_source=final_score | regime=neutral | dominant_driver=tech (Tech flow score 14.5) | top_positive_factor=Tech flow score (14.5) | top_negative_factor=Risk penalty (-5.3)
핵심 driver: Tech flow score (tech_score) contribution 14.5, score 60.3; Primary prediction score (ret_score) contribution 12.4, score 38.7; Financial quality score (qual_score) contribution 9.4, score 52.1
리스크 요인: top_negative_factor=Risk penalty (-5.3); risk_penalty 8.1
운영 상태: theme_overlay: disabled (operational config); confidence: 모델 메타 점수 (calibration 미완), score=NA, label=Experimental, live_score 비반영, research/reference 용도","{""base_score"": 32.0, ""theme_weight"": 0.0, ""weight_source"": ""best_weight_by_regime"", ""regime_applied"": ""neutral"", ""theme"": {""name"": ""(none)"", ""confidence"": 0.0, ""contribution"": 0.0}}",confidence_four_axis_v1,1.0,91.25,97.0,43.10444986326461,38.79140124969921,73.06982265327103,61.500060195245695,61.500060195245695,Medium,Medium,Medium,Medium,core signals disagree; current regime fit is weak,"Confidence score is 61.5 (Medium). data_maturity_score=91.2, model_reliability_score=97.0, signal_agreement_score=43.1, regime_fitness_score=38.8. Reason: core signals disagree; current regime fit is weak.",거래 유동성 양호이 추천 점수를 견인했습니다. 상위권 진입 확률 약함 요인은 함께 점검이 필요합니다.,거래 유동성 양호,상위권 진입 확률 약함 / 방어력 약함,신뢰도 Medium: core signals disagree; current regime fit is weak,현재 neutral 체계로 균형형 가중치가 적용됐습니다.,healthy_liquidity_profile,,,low_probability_score,weak_safety_score,거래 유동성 양호,,,상위권 진입 확률 약함,방어력 약함,추가 확인 후 판단,"{""drivers"": [""healthy_liquidity_profile""], ""driver_texts"": [""거래 유동성 양호""], ""drags"": [""low_probability_score"", ""weak_safety_score""], ""drag_texts"": [""상위권 진입 확률 약함"", ""방어력 약함""], ""confidence_label"": ""Medium"", ""confidence_reason"": ""core signals disagree; current regime fit is weak"", ""regime"": ""neutral"", ""weight_profile"": ""neutral_service_balanced"", ""regime_reason"": ""met_conditions=close_gt_ma20,ma20_gt_ma60,recent_20d_return_gt_0.03; true_count=3; breadth_20d=0.527; recent_20d_return=0.0468; ma60=5370.97; volatility_risk_flag=True"", ""action_note"": ""추가 확인 후 판단"", ""component_snapshot"": {""ret_score"": 38.72, ""prob_score"": 3.94, ""qual_score"": 52.13, ""tech_score"": 60.26, ""valuation_score"": 50.0, ""risk_penalty"": 8.08, ""live_score"": 32.01, ""final_score"": 32.01, ""confidence_score"": 61.5, ""live_rank"": 136.0, ""live_score_source"": ""final_score""}}",136,2026-04-09 11:17:11,
2026-04-08,298380,0.0783063815315452,0.2035659920020689,-0.2863943541636265,-0.3193340263965794,0.1548555909036724,0.1091214211993638,0.0,158400.0,7.035175879396985,5,0.0,100.0,0.0474385351775515,0.0634601091307712,505106.1,494653.0,-0.131578947368421,-0.0943137310958003,40.62887576865234,0.9793051400487938,156640.0,174895.0,188191.66666666663,-0.12,-0.0806732443412652,에이비엘바이오,KOSDAQ,바이오/제약,,,바이오,22.265625,0.4333811131386861,22.265625,22.265625,22.265625,0.3,,9.649501347228558,True,False,2026-04-08,5872.34,5523.437,0.0407581147205317,-8114.961149999988,neutral,"met_conditions=close_gt_ma20,ma20_gt_ma60,recent_20d_return_gt_0.03; true_count=3; breadth_20d=0.527; recent_20d_return=0.0468; ma60=5370.97; volatility_risk_flag=True",-0.0943137310958003,15.0,13.411330049261084,-0.12,-0.0806732443412652,-0.131578947368421,61.257751537304685,26.52133443605031,0.0474385351775515,0.0634601091307712,31.773399014778327,505106.1,494653.0,52.052545155993435,60.09852216748769,1.0,27.468427643750612,feature_v1,59.11330049261084,0.5911330049261084,0.5911330049261084,69.45812807881774,0.6945812807881774,0.6945812807881774,62.216748768472904,62.216748768472904,63.2512315270936,False,15.48555909036724,0.6009852216748769,60.09852216748769,7.035175879396985,7.07070707070707,1.0,1.0,7.07070707070707,7.07070707070707,59.60591133004927,76.84729064039408,31.773399014778327,60.09852216748769,50.0,62.216748768472904,60.09852216748769,27.468427643750612,ranking_builder_v8_return_prob_tech_regime,False,False,False,False,False,False,False,False,False,False,False,False,0,17.948426766816922,0.2995702230568077,neutral_service_balanced,0.24,0.24,0.32,0.32,0.26,0.26,0.18,0.18,0.65,0.0,0.0,31.73364787825455,31.73364787825455,1.0,False,False,1.0,False,31.73364787825455,137,v2,0.0,best_weight_by_regime,neutral,0.0,1.0,31.73364787825455,31.73364787825455,0.0,31.73364787825455,0.0,0.0,,,,,,,,,,,,,,,,,False,False,,,,,False,,,,,10.0,True,21.73364787825455,159,137,final_score,31.73364787825455,137,137,6.592422634500147,19.90935960591133,15.625615763546799,1.2727272727272725,0.0,0.0,0.0,0.0,-11.666477398431,19.90935960591133,15.625615763546799,6.592422634500147,1.2727272727272725,0.0,0.0,0.0,-11.666477398431,43.40012527668555,Primary prediction score,19.90935960591133,Risk penalty,-11.666477398431,"요약: live_score 31.7 | live_score_source=final_score | regime=neutral | dominant_driver=ret (Primary prediction score 19.9) | top_positive_factor=Primary prediction score (19.9) | top_negative_factor=Risk penalty (-11.7)
핵심 driver: Primary prediction score (ret_score) contribution 19.9, score 62.2; Top-bucket probability score (prob_score) contribution 15.6, score 60.1; Tech flow score (tech_score) contribution 6.6, score 27.5
리스크 요인: top_negative_factor=Risk penalty (-11.7); risk_penalty 17.9
운영 상태: theme_overlay: disabled (operational config); confidence: 모델 메타 점수 (calibration 미완), score=NA, label=Experimental, live_score 비반영, research/reference 용도","{""base_score"": 31.7, ""theme_weight"": 0.0, ""weight_source"": ""best_weight_by_regime"", ""regime_applied"": ""neutral"", ""theme"": {""name"": ""바이오"", ""confidence"": 0.43, ""contribution"": 0.0}}",confidence_four_axis_v1,1.0,100.0,97.0,48.45618749067025,38.50371579088809,76.98960424130077,67.08321815444572,67.08321815444572,Medium,Medium,Medium,Medium,core signals disagree; current regime fit is weak,"Confidence score is 67.1 (Medium). data_maturity_score=100.0, model_reliability_score=97.0, signal_agreement_score=48.5, regime_fitness_score=38.5. Reason: core signals disagree; current regime fit is weak.",뚜렷한 추천 강점은 제한적입니다. 재무 품질 보완 필요 요인은 함께 점검이 필요합니다.,뚜렷한 강점 제한적,재무 품질 보완 필요 / 예상 손실 폭 부담 큼,신뢰도 Medium: core signals disagree; current regime fit is weak,현재 neutral 체계로 균형형 가중치가 적용됐습니다.,,,,weak_quality_score,very_high_risk_penalty,,,,재무 품질 보완 필요,예상 손실 폭 부담 큼,추가 확인 후 판단,"{""drivers"": [], ""driver_texts"": [], ""drags"": [""weak_quality_score"", ""very_high_risk_penalty""], ""drag_texts"": [""재무 품질 보완 필요"", ""예상 손실 폭 부담 큼""], ""confidence_label"": ""Medium"", ""confidence_reason"": ""core signals disagree; current regime fit is weak"", ""regime"": ""neutral"", ""weight_profile"": ""neutral_service_balanced"", ""regime_reason"": ""met_conditions=close_gt_ma20,ma20_gt_ma60,recent_20d_return_gt_0.03; true_count=3; breadth_20d=0.527; recent_20d_return=0.0468; ma60=5370.97; volatility_risk_flag=True"", ""action_note"": ""추가 확인 후 판단"", ""component_snapshot"": {""ret_score"": 62.22, ""prob_score"": 60.1, ""qual_score"": 7.07, ""tech_score"": 27.47, ""valuation_score"": 50.0, ""risk_penalty"": 17.95, ""live_score"": 31.73, ""final_score"": 31.73, ""confidence_score"": 67.08, ""live_rank"": 137.0, ""live_score_source"": ""final_score""}}",137,2026-04-09 11:17:11,
2026-04-08,247540,-0.0492124680394348,-0.0396714971314384,-0.3551186730472825,-0.3848355684037303,0.1252380425246554,0.1041606058881745,0.0,208500.0,32.1608040201005,3,0.4,75.0,0.0378975072472734,0.0581483134524772,523432.15,585119.0,0.0556962025316456,0.0633414932680538,55.91830367492624,1.117850709017396,199880.0,196080.0,195311.66666666663,0.0321782178217822,0.0270935960591132,에코프로비엠,KOSDAQ,전기제품,,,2차전지,87.5375,0.6983480839416059,87.5375,87.5375,87.5375,0.3,,61.131645398038316,True,False,2026-04-08,5872.34,5523.437,0.0407581147205317,-8114.961149999988,neutral,"met_conditions=close_gt_ma20,ma20_gt_ma60,recent_20d_return_gt_0.03; true_count=3; breadth_20d=0.527; recent_20d_return=0.0468; ma60=5370.97; volatility_risk_flag=True",0.0633414932680538,100.0,91.37931034482759,0.0321782178217822,0.0270935960591132,0.0556962025316456,91.83660734985249,79.73255085224145,0.0378975072472734,0.0581483134524772,52.70935960591133,523432.15,585119.0,59.93431855500821,61.083743842364534,1.0,74.85220560616628,feature_v1,27.586206896551722,0.27586206896551724,0.27586206896551724,33.497536945812804,0.33497536945812806,0.33497536945812806,29.35960591133005,29.35960591133005,29.950738916256157,False,12.52380425246554,0.4630541871921182,46.30541871921182,32.1608040201005,32.323232323232325,0.8375,0.78,21.115151515151517,21.115151515151517,29.55665024630542,65.02463054187191,52.70935960591133,61.083743842364534,50.0,29.35960591133005,46.30541871921182,74.85220560616628,ranking_builder_v8_return_prob_tech_regime,False,False,False,False,False,False,False,False,False,False,False,False,0,18.0,0.3670054311898616,neutral_service_balanced,0.24,0.24,0.32,0.32,0.26,0.26,0.18,0.18,0.65,0.0,0.0,31.49973937682786,31.49973937682786,1.0,False,False,1.0,False,31.49973937682786,138,v2,0.0,best_weight_by_regime,neutral,0.0,1.0,31.49973937682786,31.49973937682786,0.0,31.49973937682786,0.0,0.0,,,,,,,,,,,,,,,,,False,False,,,,,False,,,,,4.0,True,27.49973937682786,136,138,final_score,31.49973937682786,138,138,17.964529345479907,9.395073891625616,12.039408866995075,3.800727272727273,0.0,0.0,0.0,0.0,-11.700000000000001,9.395073891625616,12.039408866995075,17.964529345479907,3.800727272727273,0.0,0.0,0.0,-11.700000000000001,43.19973937682787,Tech flow score,17.964529345479907,Risk penalty,-11.700000000000001,"요약: live_score 31.5 | live_score_source=final_score | regime=neutral | dominant_driver=tech (Tech flow score 18.0) | top_positive_factor=Tech flow score (18.0) | top_negative_factor=Risk penalty (-11.7)
핵심 driver: Tech flow score (tech_score) contribution 18.0, score 74.9; Top-bucket probability score (prob_score) contribution 12.0, score 46.3; Primary prediction score (ret_score) contribution 9.4, score 29.4
리스크 요인: top_negative_factor=Risk penalty (-11.7); risk_penalty 18.0
운영 상태: theme_overlay: disabled (operational config); confidence: 모델 메타 점수 (calibration 미완), score=NA, label=Experimental, live_score 비반영, research/reference 용도","{""base_score"": 31.5, ""theme_weight"": 0.0, ""weight_source"": ""best_weight_by_regime"", ""regime_applied"": ""neutral"", ""theme"": {""name"": ""2차전지"", ""confidence"": 0.7, ""contribution"": 0.0}}",confidence_four_axis_v1,1.0,91.25,97.0,37.62888377269557,37.68285551144075,71.53464926989,59.08812461136638,59.08812461136638,Medium,Medium,Medium,Medium,core signals disagree; current regime fit is weak,"Confidence score is 59.1 (Medium). data_maturity_score=91.2, model_reliability_score=97.0, signal_agreement_score=37.6, regime_fitness_score=37.7. Reason: core signals disagree; current regime fit is weak.",추세 구조 양호이 추천 점수를 견인했습니다. 신호 신뢰도 낮음 요인은 함께 점검이 필요합니다.,추세 구조 양호,신호 신뢰도 낮음 / 재무 품질 보완 필요,신뢰도 Medium: core signals disagree; current regime fit is weak,현재 neutral 체계로 균형형 가중치가 적용됐습니다.,high_tech_score,,,low_confidence,weak_quality_score,추세 구조 양호,,,신호 신뢰도 낮음,재무 품질 보완 필요,보수적 접근 권장,"{""drivers"": [""high_tech_score""], ""driver_texts"": [""추세 구조 양호""], ""drags"": [""low_confidence"", ""weak_quality_score""], ""drag_texts"": [""신호 신뢰도 낮음"", ""재무 품질 보완 필요""], ""confidence_label"": ""Medium"", ""confidence_reason"": ""core signals disagree; current regime fit is weak"", ""regime"": ""neutral"", ""weight_profile"": ""neutral_service_balanced"", ""regime_reason"": ""met_conditions=close_gt_ma20,ma20_gt_ma60,recent_20d_return_gt_0.03; true_count=3; breadth_20d=0.527; recent_20d_return=0.0468; ma60=5370.97; volatility_risk_flag=True"", ""action_note"": ""보수적 접근 권장"", ""component_snapshot"": {""ret_score"": 29.36, ""prob_score"": 46.31, ""qual_score"": 21.12, ""tech_score"": 74.85, ""valuation_score"": 50.0, ""risk_penalty"": 18.0, ""live_score"": 31.5, ""final_score"": 31.5, ""confidence_score"": 59.09, ""live_rank"": 138.0, ""live_score_source"": ""final_score""}}",138,2026-04-09 11:17:11,
2026-04-08,088980,0.0258234471741289,0.0592264048667181,-0.0546645391297887,-0.0609408740926497,0.0242673579974819,0.0189905096242941,0.0,11310.0,,,,,0.0063357748655542,0.0078470703470028,1269557.2,1220497.0,0.0008849557522123,-0.0047956355316995,47.457672158968585,0.9613564477441426,11290.0,11364.5,11340.666666666666,-0.0026455026455026,-0.0156657963446474,맥쿼리인프라,KOSPI,소비재/유통,,,,0.0,0.0,,0.0,,0.3,mapping_missing,0.0,False,False,2026-04-08,5872.34,5523.437,0.0407581147205317,-8114.961149999988,neutral,"met_conditions=close_gt_ma20,ma20_gt_ma60,recent_20d_return_gt_0.03; true_count=3; breadth_20d=0.527; recent_20d_return=0.0468; ma60=5370.97; volatility_risk_flag=True",-0.0047956355316995,35.0,40.4064039408867,-0.0026455026455026,-0.0156657963446474,0.0008849557522123,74.91534431793717,58.13770307455819,0.019485076176623945,0.021453461997271328,99.01477832512315,1269557.2,1220497.0,66.00985221674877,85.22167487684729,1.0,62.17455075589832,feature_v1,47.29064039408867,0.4729064039408867,0.4729064039408867,50.24630541871922,0.5024630541871922,0.5024630541871922,48.17733990147783,48.17733990147783,48.47290640394088,False,2.4267357997481898,0.04433497536945813,4.433497536945813,,,,,,0.0,0.49261083743842365,0.49261083743842365,99.50738916256158,85.22167487684729,50.0,48.17733990147783,4.433497536945813,62.17455075589832,ranking_builder_v8_return_prob_tech_regime,False,True,False,False,False,False,False,False,True,False,False,False,1,0.0,0.0571750731149331,neutral_service_balanced,0.24,0.24,0.32,0.32,0.26,0.26,0.18,0.18,0.65,0.0,0.0,31.491350309494415,31.491350309494415,1.0,False,False,1.0,False,31.491350309494415,139,v2,0.0,best_weight_by_regime,neutral,0.0,1.0,31.491350309494415,31.491350309494415,0.0,31.491350309494415,0.0,0.0,,,,,,,,,,,,,,,,,False,False,,,,,False,,,,,6.0,True,25.491350309494415,143,139,final_score,31.491350309494415,139,139,14.921892181415597,15.416748768472905,1.1527093596059115,0.0,0.0,0.0,0.0,0.0,-0.0,15.416748768472905,1.1527093596059115,14.921892181415597,0.0,0.0,0.0,0.0,-0.0,31.49135030949441,Primary prediction score,15.416748768472905,,,"요약: live_score 31.5 | live_score_source=final_score | regime=neutral | dominant_driver=ret (Primary prediction score 15.4) | top_positive_factor=Primary prediction score (15.4)
핵심 driver: Primary prediction score (ret_score) contribution 15.4, score 48.2; Tech flow score (tech_score) contribution 14.9, score 62.2; Top-bucket probability score (prob_score) contribution 1.2, score 4.4
리스크 요인: risk_penalty 0.0; qual_score low (0.0)
운영 상태: theme_overlay: disabled (operational config); confidence: 모델 메타 점수 (calibration 미완), score=NA, label=Experimental, live_score 비반영, research/reference 용도","{""base_score"": 31.5, ""theme_weight"": 0.0, ""weight_source"": ""best_weight_by_regime"", ""regime_applied"": ""neutral"", ""theme"": {""name"": ""(none)"", ""confidence"": 0.0, ""contribution"": 0.0}}",confidence_four_axis_v1,0.8571428571428571,67.21428571428572,97.0,35.0976347732305,38.98860473246045,63.88698511746241,48.722489141498585,48.722489141498585,Medium,Low,Low,Low,fallback_count=1; core signals disagree,"Confidence score is 48.7 (Low). data_maturity_score=67.2, model_reliability_score=97.0, signal_agreement_score=35.1, regime_fitness_score=39.0. Reason: fallback_count=1; core signals disagree.",변동성 관리 양호와 거래 유동성 양호이 추천 점수를 견인했습니다. 신호 신뢰도 낮음 요인은 함께 점검이 필요합니다.,변동성 관리 양호 / 거래 유동성 양호,신호 신뢰도 낮음 / 재무 품질 보완 필요,신뢰도 Low: fallback_count=1; core signals disagree,현재 neutral 체계로 균형형 가중치가 적용됐습니다.,strong_safety_profile,healthy_liquidity_profile,,low_confidence,weak_quality_score,변동성 관리 양호,거래 유동성 양호,,신호 신뢰도 낮음,재무 품질 보완 필요,보수적 접근 권장,"{""drivers"": [""strong_safety_profile"", ""healthy_liquidity_profile""], ""driver_texts"": [""변동성 관리 양호"", ""거래 유동성 양호""], ""drags"": [""low_confidence"", ""weak_quality_score""], ""drag_texts"": [""신호 신뢰도 낮음"", ""재무 품질 보완 필요""], ""confidence_label"": ""Low"", ""confidence_reason"": ""fallback_count=1; core signals disagree"", ""regime"": ""neutral"", ""weight_profile"": ""neutral_service_balanced"", ""regime_reason"": ""met_conditions=close_gt_ma20,ma20_gt_ma60,recent_20d_return_gt_0.03; true_count=3; breadth_20d=0.527; recent_20d_return=0.0468; ma60=5370.97; volatility_risk_flag=True"", ""action_note"": ""보수적 접근 권장"", ""component_snapshot"": {""ret_score"": 48.18, ""prob_score"": 4.43, ""qual_score"": 0.0, ""tech_score"": 62.17, ""valuation_score"": 50.0, ""risk_penalty"": 0.0, ""live_score"": 31.49, ""final_score"": 31.49, ""confidence_score"": 48.72, ""live_rank"": 139.0, ""live_score_source"": ""final_score""}}",139,2026-04-09 11:17:11,
2026-04-08,263750,-0.0241832140852091,-0.1812873622145512,-0.3298083032779778,-0.4067849676055506,0.1321199302625101,0.0334270177823376,0.0,56500.0,85.92964824120602,4,0.1999999999999999,80.0,0.1109787466509823,0.0746405007959519,3233421.6,1362628.0,-0.0798045602605863,-0.0304174353254107,48.58313440350695,0.4214198358791195,60700.0,58272.5,53232.5,-0.2152777777777778,0.1254980079681276,펄어비스,KOSDAQ,게임엔터테인먼트,,,,0.0,0.0,,0.0,,0.3,mapping_missing,0.0,False,False,2026-04-08,5872.34,5523.437,0.0407581147205317,-8114.961149999988,neutral,"met_conditions=close_gt_ma20,ma20_gt_ma60,recent_20d_return_gt_0.03; true_count=3; breadth_20d=0.527; recent_20d_return=0.0468; ma60=5370.97; volatility_risk_flag=True",-0.0304174353254107,35.0,32.77093596059113,-0.2146131199778332,0.1254980079681276,-0.0798045602605863,77.1662688070139,50.81866079781259,0.11094544222653377,0.0746405007959519,3.448275862068968,3233421.6,1362628.0,62.068965517241374,95.56650246305419,1.0,37.61781206741175,feature_v1,32.51231527093596,0.3251231527093596,0.3251231527093596,10.344827586206897,0.10344827586206896,0.10344827586206896,25.86206896551724,25.86206896551724,23.64532019704433,False,13.21199302625101,0.5172413793103449,51.724137931034484,85.92964824120602,85.85858585858585,0.87,0.89,66.48030303030302,66.48030303030302,99.01477832512316,93.59605911330048,3.694581280788178,95.56650246305419,50.0,25.86206896551724,51.724137931034484,37.61781206741175,ranking_builder_v8_return_prob_tech_regime,False,False,False,False,False,False,False,False,False,False,False,False,0,18.0,0.3605989690090069,neutral_service_balanced,0.24,0.24,0.32,0.32,0.26,0.26,0.18,0.18,0.65,0.0,0.0,31.01886737266784,31.01886737266784,1.0,False,False,1.0,False,31.01886737266784,140,v2,0.0,best_weight_by_regime,neutral,0.0,1.0,31.01886737266784,31.01886737266784,0.0,31.01886737266784,0.0,0.0,,,,,,,,,,,,,,,,,False,False,,,,,False,,,,,4.0,True,27.01886737266784,137,140,final_score,31.01886737266784,140,140,9.02827489617882,8.275862068965516,13.448275862068966,11.966454545454543,0.0,0.0,0.0,0.0,-11.700000000000001,8.275862068965516,13.448275862068966,9.02827489617882,11.966454545454543,0.0,0.0,0.0,-11.700000000000001,42.718867372667845,Top-bucket probability score,13.448275862068966,Risk penalty,-11.700000000000001,"요약: live_score 31.0 | live_score_source=final_score | regime=neutral | dominant_driver=prob (Top-bucket probability score 13.4) | top_positive_factor=Top-bucket probability score (13.4) | top_negative_factor=Risk penalty (-11.7)
핵심 driver: Top-bucket probability score (prob_score) contribution 13.4, score 51.7; Financial quality score (qual_score) contribution 12.0, score 66.5; Tech flow score (tech_score) contribution 9.0, score 37.6
리스크 요인: top_negative_factor=Risk penalty (-11.7); risk_penalty 18.0
운영 상태: theme_overlay: disabled (operational config); confidence: 모델 메타 점수 (calibration 미완), score=NA, label=Experimental, live_score 비반영, research/reference 용도","{""base_score"": 31.0, ""theme_weight"": 0.0, ""weight_source"": ""best_weight_by_regime"", ""regime_applied"": ""neutral"", ""theme"": {""name"": ""(none)"", ""confidence"": 0.0, ""contribution"": 0.0}}",confidence_four_axis_v1,1.0,93.0,97.0,47.814529780564264,37.815583312123934,74.62596994195965,63.8889285746505,63.8889285746505,Medium,Medium,Medium,Medium,core signals disagree; current regime fit is weak,"Confidence score is 63.9 (Medium). data_maturity_score=93.0, model_reliability_score=97.0, signal_agreement_score=47.8, regime_fitness_score=37.8. Reason: core signals disagree; current regime fit is weak.",거래 유동성 양호와 재무 품질 양호이 추천 점수를 견인했습니다. 방어력 약함 요인은 함께 점검이 필요합니다.,거래 유동성 양호 / 재무 품질 양호,방어력 약함 / 예상 손실 폭 부담 큼,신뢰도 Medium: core signals disagree; current regime fit is weak,현재 neutral 체계로 균형형 가중치가 적용됐습니다.,healthy_liquidity_profile,strong_quality_profile,,weak_safety_score,very_high_risk_penalty,거래 유동성 양호,재무 품질 양호,,방어력 약함,예상 손실 폭 부담 큼,추가 확인 후 판단,"{""drivers"": [""healthy_liquidity_profile"", ""strong_quality_profile""], ""driver_texts"": [""거래 유동성 양호"", ""재무 품질 양호""], ""drags"": [""weak_safety_score"", ""very_high_risk_penalty""], ""drag_texts"": [""방어력 약함"", ""예상 손실 폭 부담 큼""], ""confidence_label"": ""Medium"", ""confidence_reason"": ""core signals disagree; current regime fit is weak"", ""regime"": ""neutral"", ""weight_profile"": ""neutral_service_balanced"", ""regime_reason"": ""met_conditions=close_gt_ma20,ma20_gt_ma60,recent_20d_return_gt_0.03; true_count=3; breadth_20d=0.527; recent_20d_return=0.0468; ma60=5370.97; volatility_risk_flag=True"", ""action_note"": ""추가 확인 후 판단"", ""component_snapshot"": {""ret_score"": 25.86, ""prob_score"": 51.72, ""qual_score"": 66.48, ""tech_score"": 37.62, ""valuation_score"": 50.0, ""risk_penalty"": 18.0, ""live_score"": 31.02, ""final_score"": 31.02, ""confidence_score"": 63.89, ""live_rank"": 140.0, ""live_score_source"": ""final_score""}}",140,2026-04-09 11:17:11,
2026-04-08,083650,-0.0876303837378482,-0.1050013554322016,-0.3079399545990037,-0.3290518193402097,0.1285117298484298,0.0740563491132791,0.0,94700.0,76.38190954773869,5,0.0,100.0,0.0437241795797614,0.0546386719184648,415335.75,375633.0,-0.0567729083665338,-0.0431443871880368,50.718290381100175,0.9044080602259738,91960.0,98970.0,83435.0,-0.0491967871485943,-0.0963740458015267,비에이치아이,KOSDAQ,에너지장비및서비스,,,전력설비,32.5,0.4166200856700044,32.5,32.5,32.5,0.3,,13.540152784275143,True,False,2026-04-08,5872.34,5523.437,0.0407581147205317,-8114.961149999988,neutral,"met_conditions=close_gt_ma20,ma20_gt_ma60,recent_20d_return_gt_0.03; true_count=3; breadth_20d=0.527; recent_20d_return=0.0468; ma60=5370.97; volatility_risk_flag=True",-0.0431443871880368,35.0,29.81527093596059,-0.0491967871485943,-0.0963740458015267,-0.0567729083665338,81.43658076220035,39.07835701321019,0.0437241795797614,0.0546386719184648,46.55172413793103,415335.75,375633.0,44.00656814449919,53.20197044334976,1.0,38.53333628467282,feature_v1,18.7192118226601,0.18719211822660098,0.18719211822660098,20.19704433497537,0.2019704433497537,0.2019704433497537,19.16256157635468,19.16256157635468,19.310344827586206,False,12.851172984842979,0.49261083743842365,49.26108374384236,76.38190954773869,76.26262626262627,1.0,1.0,76.26262626262627,76.26262626262627,48.76847290640394,58.128078817733986,46.55172413793103,53.20197044334976,50.0,19.16256157635468,49.26108374384236,38.53333628467282,ranking_builder_v8_return_prob_tech_regime,False,False,False,False,False,False,False,False,False,False,False,False,0,18.0,0.31638470049548606,neutral_service_balanced,0.24,0.24,0.32,0.32,0.26,0.26,0.18,0.18,0.65,0.0,0.0,30.215174913426715,30.215174913426715,1.0,False,False,1.0,False,30.215174913426715,141,v2,0.0,best_weight_by_regime,neutral,0.0,1.0,30.215174913426715,30.215174913426715,0.0,30.215174913426715,0.0,0.0,,,,,,,,,,,,,,,,,False,False,,,,,False,,,,,4.0,True,26.215174913426715,139,141,final_score,30.215174913426715,141,141,9.248000708321477,6.132019704433498,12.807881773399014,13.727272727272728,0.0,0.0,0.0,0.0,-11.700000000000001,6.132019704433498,12.807881773399014,9.248000708321477,13.727272727272728,0.0,0.0,0.0,-11.700000000000001,41.91517491342672,Financial quality score,13.727272727272728,Risk penalty,-11.700000000000001,"요약: live_score 30.2 | live_score_source=final_score | regime=neutral | dominant_driver=prob (Top-bucket probability score 12.8) | top_positive_factor=Financial quality score (13.7) | top_negative_factor=Risk penalty (-11.7)
핵심 driver: Financial quality score (qual_score) contribution 13.7, score 76.3; Top-bucket probability score (prob_score) contribution 12.8, score 49.3; Tech flow score (tech_score) contribution 9.2, score 38.5
리스크 요인: top_negative_factor=Risk penalty (-11.7); risk_penalty 18.0
운영 상태: theme_overlay: disabled (operational config); confidence: 모델 메타 점수 (calibration 미완), score=NA, label=Experimental, live_score 비반영, research/reference 용도","{""base_score"": 30.2, ""theme_weight"": 0.0, ""weight_source"": ""best_weight_by_regime"", ""regime_applied"": ""neutral"", ""theme"": {""name"": ""전력설비"", ""confidence"": 0.42, ""contribution"": 0.0}}",confidence_four_axis_v1,1.0,100.0,97.0,42.869980594118516,37.096864798856245,75.38202486835806,64.56736519741865,64.56736519741865,Medium,Medium,Medium,Medium,core signals disagree; current regime fit is weak,"Confidence score is 64.6 (Medium). data_maturity_score=100.0, model_reliability_score=97.0, signal_agreement_score=42.9, regime_fitness_score=37.1. Reason: core signals disagree; current regime fit is weak.",재무 품질 양호이 추천 점수를 견인했습니다. 기대수익 매력 낮음 요인은 함께 점검이 필요합니다.,재무 품질 양호,기대수익 매력 낮음 / 예상 손실 폭 부담 큼,신뢰도 Medium: core signals disagree; current regime fit is weak,현재 neutral 체계로 균형형 가중치가 적용됐습니다.,strong_quality_profile,,,weak_ret_score,very_high_risk_penalty,재무 품질 양호,,,기대수익 매력 낮음,예상 손실 폭 부담 큼,추가 확인 후 판단,"{""drivers"": [""strong_quality_profile""], ""driver_texts"": [""재무 품질 양호""], ""drags"": [""weak_ret_score"", ""very_high_risk_penalty""], ""drag_texts"": [""기대수익 매력 낮음"", ""예상 손실 폭 부담 큼""], ""confidence_label"": ""Medium"", ""confidence_reason"": ""core signals disagree; current regime fit is weak"", ""regime"": ""neutral"", ""weight_profile"": ""neutral_service_balanced"", ""regime_reason"": ""met_conditions=close_gt_ma20,ma20_gt_ma60,recent_20d_return_gt_0.03; true_count=3; breadth_20d=0.527; recent_20d_return=0.0468; ma60=5370.97; volatility_risk_flag=True"", ""action_note"": ""추가 확인 후 판단"", ""component_snapshot"": {""ret_score"": 19.16, ""prob_score"": 49.26, ""qual_score"": 76.26, ""tech_score"": 38.53, ""valuation_score"": 50.0, ""risk_penalty"": 18.0, ""live_score"": 30.22, ""final_score"": 30.22, ""confidence_score"": 64.57, ""live_rank"": 141.0, ""live_score_source"": ""final_score""}}",141,2026-04-09 11:17:11,
2026-04-08,007660,-0.2150610399154318,-0.0365246021493492,-0.3583121472695068,-0.3970455121210457,0.0659883084947101,0.0362745084945392,0.0,120100.0,93.96984924623116,5,0.0,100.0,0.0611285602255181,0.0596671226645628,983251.75,1260441.0,0.0918181818181818,0.0697425848401176,55.88663243627637,1.281910761918298,107060.0,112270.0,113225.0,0.1048758049678013,-0.0016625103906899,이수페타시스,KOSPI,전자장비와기기,,,AI서버기판,77.7875,0.7055019160583942,77.7875,77.7875,77.7875,0.3,,54.87923029539233,True,False,2026-04-08,5872.34,5523.437,0.0407581147205317,-8114.961149999988,neutral,"met_conditions=close_gt_ma20,ma20_gt_ma60,recent_20d_return_gt_0.03; true_count=3; breadth_20d=0.527; recent_20d_return=0.0468; ma60=5370.97; volatility_risk_flag=True",0.0697425848401176,55.0,70.35714285714286,0.1048758049678013,-0.0016625103906899,0.0918181818181818,91.77326487255274,84.02706006050272,0.0611285602255181,0.0596671226645628,22.660098522167488,983251.75,1260441.0,77.83251231527093,79.80295566502463,1.0,66.72351043004294,feature_v1,1.9704433497536946,0.019704433497536946,0.019704433497536946,33.99014778325123,0.3399014778325123,0.3399014778325123,11.576354679802954,11.576354679802954,14.77832512315271,False,6.59883084947101,0.1921182266009852,19.21182266009852,93.96984924623116,93.93939393939394,1.0,1.0,93.93939393939394,93.93939393939394,85.22167487684729,69.45812807881774,22.660098522167488,79.80295566502463,50.0,11.576354679802954,19.21182266009852,66.72351043004294,ranking_builder_v8_return_prob_tech_regime,False,False,False,False,False,False,False,False,False,False,False,False,0,18.0,0.37380549321012235,neutral_service_balanced,0.24,0.24,0.32,0.32,0.26,0.26,0.18,0.18,0.65,0.0,0.0,29.922240801463765,29.922240801463765,1.0,False,False,1.0,False,29.922240801463765,142,v2,0.0,best_weight_by_regime,neutral,0.0,1.0,29.922240801463765,29.922240801463765,0.0,29.922240801463765,0.0,0.0,,,,,,,,,,,,,,,,,False,False,,,,,False,,,,,4.0,True,25.922240801463765,141,142,final_score,29.922240801463765,142,142,16.013642503210303,3.7044334975369453,4.995073891625616,16.909090909090907,0.0,0.0,0.0,0.0,-11.700000000000001,3.7044334975369453,4.995073891625616,16.013642503210303,16.909090909090907,0.0,0.0,0.0,-11.700000000000001,41.622240801463775,Financial quality score,16.909090909090907,Risk penalty,-11.700000000000001,"요약: live_score 29.9 | live_score_source=final_score | regime=neutral | dominant_driver=tech (Tech flow score 16.0) | top_positive_factor=Financial quality score (16.9) | top_negative_factor=Risk penalty (-11.7)
핵심 driver: Financial quality score (qual_score) contribution 16.9, score 93.9; Tech flow score (tech_score) contribution 16.0, score 66.7; Top-bucket probability score (prob_score) contribution 5.0, score 19.2
리스크 요인: top_negative_factor=Risk penalty (-11.7); risk_penalty 18.0
운영 상태: theme_overlay: disabled (operational config); confidence: 모델 메타 점수 (calibration 미완), score=NA, label=Experimental, live_score 비반영, research/reference 용도","{""base_score"": 29.9, ""theme_weight"": 0.0, ""weight_source"": ""best_weight_by_regime"", ""regime_applied"": ""neutral"", ""theme"": {""name"": ""AI서버기판"", ""confidence"": 0.71, ""contribution"": 0.0}}",confidence_four_axis_v1,1.0,100.0,97.0,40.29108822212271,36.22722186508009,74.60685533529268,63.36187966186511,63.36187966186511,Medium,Medium,Medium,Medium,core signals disagree; current regime fit is weak,"Confidence score is 63.4 (Medium). data_maturity_score=100.0, model_reliability_score=97.0, signal_agreement_score=40.3, regime_fitness_score=36.2. Reason: core signals disagree; current regime fit is weak.",재무 품질 양호와 추세 구조 양호이 추천 점수를 견인했습니다. 기대수익 매력 낮음 요인은 함께 점검이 필요합니다.,재무 품질 양호 / 추세 구조 양호 / 거래 유동성 양호,기대수익 매력 낮음 / 상위권 진입 확률 약함,신뢰도 Medium: core signals disagree; current regime fit is weak,현재 neutral 체계로 균형형 가중치가 적용됐습니다.,strong_quality_profile,high_tech_score,healthy_liquidity_profile,weak_ret_score,low_probability_score,재무 품질 양호,추세 구조 양호,거래 유동성 양호,기대수익 매력 낮음,상위권 진입 확률 약함,추가 확인 후 판단,"{""drivers"": [""strong_quality_profile"", ""high_tech_score"", ""healthy_liquidity_profile""], ""driver_texts"": [""재무 품질 양호"", ""추세 구조 양호"", ""거래 유동성 양호""], ""drags"": [""weak_ret_score"", ""low_probability_score""], ""drag_texts"": [""기대수익 매력 낮음"", ""상위권 진입 확률 약함""], ""confidence_label"": ""Medium"", ""confidence_reason"": ""core signals disagree; current regime fit is weak"", ""regime"": ""neutral"", ""weight_profile"": ""neutral_service_balanced"", ""regime_reason"": ""met_conditions=close_gt_ma20,ma20_gt_ma60,recent_20d_return_gt_0.03; true_count=3; breadth_20d=0.527; recent_20d_return=0.0468; ma60=5370.97; volatility_risk_flag=True"", ""action_note"": ""추가 확인 후 판단"", ""component_snapshot"": {""ret_score"": 11.58, ""prob_score"": 19.21, ""qual_score"": 93.94, ""tech_score"": 66.72, ""valuation_score"": 50.0, ""risk_penalty"": 18.0, ""live_score"": 29.92, ""final_score"": 29.92, ""confidence_score"": 63.36, ""live_rank"": 142.0, ""live_score_source"": ""final_score""}}",142,2026-04-09 11:17:11,
2026-04-08,240810,-0.0024928468010988,-0.1823795285863233,-0.2922471260925307,-0.3921467915220865,0.1387880055771379,0.0135042327497932,0.0,121400.0,70.35175879396985,2,0.6,35.0,0.0602562186821879,0.0817099066863172,530116.1,774227.0,0.0116666666666667,0.0175600352038891,52.71473563452437,1.460485731333193,114100.0,119305.0,109011.66666666669,0.0296861747243426,-0.0690184049079755,원익IPS,KOSDAQ,반도체와반도체장비,,,HBM,34.36875,0.4202033759124088,34.36875,34.36875,34.36875,0.3,,14.4418647758896,True,False,2026-04-08,5872.34,5523.437,0.0407581147205317,-8114.961149999988,neutral,"met_conditions=close_gt_ma20,ma20_gt_ma60,recent_20d_return_gt_0.03; true_count=3; breadth_20d=0.527; recent_20d_return=0.0468; ma60=5370.97; volatility_risk_flag=True",0.0175600352038891,55.0,57.30295566502463,0.0296861747243426,-0.0690184049079755,0.0116666666666667,85.42947126904873,60.273623974897646,0.0602562186821879,0.0817099066863172,10.098522167487687,530116.1,774227.0,72.08538587848933,61.57635467980296,1.0,51.119167405992506,feature_v1,40.39408866995074,0.4039408866995074,0.4039408866995074,9.35960591133005,0.09359605911330049,0.09359605911330049,31.08374384236453,31.08374384236453,27.980295566502466,False,13.878800557713792,0.5566502463054187,55.66502463054187,70.35175879396985,70.2020202020202,0.5774999999999999,0.6699999999999999,27.162916666666657,27.162916666666657,83.74384236453201,96.05911330049261,10.098522167487687,61.57635467980296,50.0,31.08374384236453,55.66502463054187,51.119167405992506,ranking_builder_v8_return_prob_tech_regime,False,False,False,False,False,False,False,False,False,False,False,False,0,18.0,0.332206992264353,neutral_service_balanced,0.24,0.24,0.32,0.32,0.26,0.26,0.18,0.18,0.65,0.0,0.0,29.877629610935735,29.877629610935735,1.0,False,False,1.0,False,29.877629610935735,143,v2,0.0,best_weight_by_regime,neutral,0.0,1.0,29.877629610935735,29.877629610935735,0.0,29.877629610935735,0.0,0.0,,,,,,,,,,,,,,,,,False,False,,,,,False,,,,,4.0,True,25.877629610935735,142,143,final_score,29.877629610935735,143,143,12.2686001774382,9.94679802955665,14.472906403940888,4.889324999999998,0.0,0.0,0.0,0.0,-11.700000000000001,9.94679802955665,14.472906403940888,12.2686001774382,4.889324999999998,0.0,0.0,0.0,-11.700000000000001,41.57762961093574,Top-bucket probability score,14.472906403940888,Risk penalty,-11.700000000000001,"요약: live_score 29.9 | live_score_source=final_score | regime=neutral | dominant_driver=prob (Top-bucket probability score 14.5) | top_positive_factor=Top-bucket probability score (14.5) | top_negative_factor=Risk penalty (-11.7)
핵심 driver: Top-bucket probability score (prob_score) contribution 14.5, score 55.7; Tech flow score (tech_score) contribution 12.3, score 51.1; Primary prediction score (ret_score) contribution 9.9, score 31.1
리스크 요인: top_negative_factor=Risk penalty (-11.7); risk_penalty 18.0
운영 상태: theme_overlay: disabled (operational config); confidence: 모델 메타 점수 (calibration 미완), score=NA, label=Experimental, live_score 비반영, research/reference 용도","{""base_score"": 29.9, ""theme_weight"": 0.0, ""weight_source"": ""best_weight_by_regime"", ""regime_applied"": ""neutral"", ""theme"": {""name"": ""HBM"", ""confidence"": 0.42, ""contribution"": 0.0}}",confidence_four_axis_v1,1.0,77.25,97.0,33.949367610837434,36.632954335057285,66.25728505296794,51.80633791134643,51.80633791134643,Medium,Medium,Medium,Medium,core signals disagree; current regime fit is weak,"Confidence score is 51.8 (Medium). data_maturity_score=77.2, model_reliability_score=97.0, signal_agreement_score=33.9, regime_fitness_score=36.6. Reason: core signals disagree; current regime fit is weak.",뚜렷한 추천 강점은 제한적입니다. 재무 데이터 일부 부족 요인은 함께 점검이 필요합니다.,뚜렷한 강점 제한적,재무 데이터 일부 부족 / 신호 신뢰도 낮음,신뢰도 Medium: core signals disagree; current regime fit is weak,현재 neutral 체계로 균형형 가중치가 적용됐습니다.,,,,partial_quality_coverage,low_confidence,,,,재무 데이터 일부 부족,신호 신뢰도 낮음,추가 확인 후 판단,"{""drivers"": [], ""driver_texts"": [], ""drags"": [""partial_quality_coverage"", ""low_confidence""], ""drag_texts"": [""재무 데이터 일부 부족"", ""신호 신뢰도 낮음""], ""confidence_label"": ""Medium"", ""confidence_reason"": ""core signals disagree; current regime fit is weak"", ""regime"": ""neutral"", ""weight_profile"": ""neutral_service_balanced"", ""regime_reason"": ""met_conditions=close_gt_ma20,ma20_gt_ma60,recent_20d_return_gt_0.03; true_count=3; breadth_20d=0.527; recent_20d_return=0.0468; ma60=5370.97; volatility_risk_flag=True"", ""action_note"": ""추가 확인 후 판단"", ""component_snapshot"": {""ret_score"": 31.08, ""prob_score"": 55.67, ""qual_score"": 27.16, ""tech_score"": 51.12, ""valuation_score"": 50.0, ""risk_penalty"": 18.0, ""live_score"": 29.88, ""final_score"": 29.88, ""confidence_score"": 51.81, ""live_rank"": 143.0, ""live_score_source"": ""final_score""}}",143,2026-04-09 11:17:11,
2026-04-08,031980,-0.1179144260012431,-0.004225885932819,-0.2559338584763966,-0.2337222376269158,0.0157218922379905,0.0080875548218957,0.0,107400.0,99.49748743718592,5,0.0,100.0,0.0633584402286633,0.0671063953914137,198247.3,237658.0,0.028735632183908,0.0499046874236277,56.906434903458845,1.1987956456405713,97500.0,102295.0,85093.33333333333,-0.0289330922242314,0.0417070805043646,피에스케이홀딩스,KOSDAQ,반도체와반도체장비,,,,0.0,0.0,,0.0,,0.3,mapping_missing,0.0,False,False,2026-04-08,5872.34,5523.437,0.0407581147205317,-8114.961149999988,neutral,"met_conditions=close_gt_ma20,ma20_gt_ma60,recent_20d_return_gt_0.03; true_count=3; breadth_20d=0.527; recent_20d_return=0.0468; ma60=5370.97; volatility_risk_flag=True",0.0499046874236277,55.0,66.16995073891626,-0.0289330922242314,0.0417070805043646,0.028735632183908,93.81286980691769,69.51233075222203,0.0633584402286633,0.0671063953914137,14.532019704433495,198247.3,237658.0,43.185550082101805,29.55665024630542,1.0,53.564537438154545,feature_v1,9.852216748768473,0.09852216748768473,0.09852216748768473,42.364532019704434,0.4236453201970443,0.4236453201970443,19.60591133004926,19.60591133004926,22.85714285714286,False,1.57218922379905,0.009852216748768473,0.9852216748768473,99.49748743718592,99.4949494949495,1.0,1.0,99.4949494949495,99.4949494949495,88.66995073891626,82.26600985221675,14.532019704433495,29.55665024630542,50.0,19.60591133004926,0.9852216748768473,53.564537438154545,ranking_builder_v8_return_prob_tech_regime,False,False,False,False,False,False,False,False,False,False,False,False,0,11.645905216392512,0.24704921013660427,neutral_service_balanced,0.24,0.24,0.32,0.32,0.26,0.26,0.18,0.18,0.65,0.0,0.0,29.724790764676616,29.724790764676616,1.0,False,False,1.0,False,29.724790764676616,144,v2,0.0,best_weight_by_regime,neutral,0.0,1.0,29.724790764676616,29.724790764676616,0.0,29.724790764676616,0.0,0.0,,,,,,,,,,,,,,,,,False,False,,,,,False,,,,,0.0,False,29.724790764676616,128,144,final_score,29.724790764676616,144,144,12.85548898515709,6.2738916256157635,0.2561576354679803,17.90909090909091,0.0,0.0,0.0,0.0,-7.569838390655133,6.2738916256157635,0.2561576354679803,12.85548898515709,17.90909090909091,0.0,0.0,0.0,-7.569838390655133,37.29462915533174,Financial quality score,17.90909090909091,Risk penalty,-7.569838390655133,"요약: live_score 29.7 | live_score_source=final_score | regime=neutral | dominant_driver=tech (Tech flow score 12.9) | top_positive_factor=Financial quality score (17.9) | top_negative_factor=Risk penalty (-7.6)
핵심 driver: Financial quality score (qual_score) contribution 17.9, score 99.5; Tech flow score (tech_score) contribution 12.9, score 53.6; Primary prediction score (ret_score) contribution 6.3, score 19.6
리스크 요인: top_negative_factor=Risk penalty (-7.6); risk_penalty 11.6
운영 상태: theme_overlay: disabled (operational config); confidence: 모델 메타 점수 (calibration 미완), score=NA, label=Experimental, live_score 비반영, research/reference 용도","{""base_score"": 29.7, ""theme_weight"": 0.0, ""weight_source"": ""best_weight_by_regime"", ""regime_applied"": ""neutral"", ""theme"": {""name"": ""(none)"", ""confidence"": 0.0, ""contribution"": 0.0}}",confidence_four_axis_v1,1.0,100.0,97.0,24.197081653978206,36.59427097027872,70.63841105903636,56.99768685564703,56.99768685564703,Medium,Medium,Medium,Medium,core signals disagree; current regime fit is weak,"Confidence score is 57.0 (Medium). data_maturity_score=100.0, model_reliability_score=97.0, signal_agreement_score=24.2, regime_fitness_score=36.6. Reason: core signals disagree; current regime fit is weak.",재무 품질 양호이 추천 점수를 견인했습니다. 신호 신뢰도 낮음 요인은 함께 점검이 필요합니다.,재무 품질 양호,신호 신뢰도 낮음 / 상위권 진입 확률 약함,신뢰도 Medium: core signals disagree; current regime fit is weak,현재 neutral 체계로 균형형 가중치가 적용됐습니다.,strong_quality_profile,,,low_confidence,low_probability_score,재무 품질 양호,,,신호 신뢰도 낮음,상위권 진입 확률 약함,보수적 접근 권장,"{""drivers"": [""strong_quality_profile""], ""driver_texts"": [""재무 품질 양호""], ""drags"": [""low_confidence"", ""low_probability_score""], ""drag_texts"": [""신호 신뢰도 낮음"", ""상위권 진입 확률 약함""], ""confidence_label"": ""Medium"", ""confidence_reason"": ""core signals disagree; current regime fit is weak"", ""regime"": ""neutral"", ""weight_profile"": ""neutral_service_balanced"", ""regime_reason"": ""met_conditions=close_gt_ma20,ma20_gt_ma60,recent_20d_return_gt_0.03; true_count=3; breadth_20d=0.527; recent_20d_return=0.0468; ma60=5370.97; volatility_risk_flag=True"", ""action_note"": ""보수적 접근 권장"", ""component_snapshot"": {""ret_score"": 19.61, ""prob_score"": 0.99, ""qual_score"": 99.49, ""tech_score"": 53.56, ""valuation_score"": 50.0, ""risk_penalty"": 11.65, ""live_score"": 29.72, ""final_score"": 29.72, ""confidence_score"": 57.0, ""live_rank"": 144.0, ""live_score_source"": ""final_score""}}",144,2026-04-09 11:17:11,
2026-04-08,161390,-0.0779281512200442,-0.0853229364419468,-0.2695810211984967,-0.3232469911042229,0.0935231338070913,0.0804677451154722,0.0,61500.0,57.78894472361809,3,0.4,75.0,0.0479333223256027,0.0401108219846448,374919.05,742410.0,0.0423728813559323,0.0993922059349303,56.13328919159957,1.9801874564656023,54820.0,55940.0,62608.333333333336,0.0904255319148936,0.0585197934595524,한국타이어앤테크놀로지,KOSPI,자동차부품,,,,0.0,0.0,,0.0,,0.3,mapping_missing,0.0,False,False,2026-04-08,5872.34,5523.437,0.0407581147205317,-8114.961149999988,neutral,"met_conditions=close_gt_ma20,ma20_gt_ma60,recent_20d_return_gt_0.03; true_count=3; breadth_20d=0.527; recent_20d_return=0.0468; ma60=5370.97; volatility_risk_flag=True",0.0993922059349303,55.0,73.80541871921181,0.0904255319148936,0.0585197934595524,0.0423728813559323,92.26657838319915,86.12083178791801,0.0479333223256027,0.0401108219846448,57.14285714285714,374919.05,742410.0,71.42857142857143,51.231527093596064,1.0,74.42677388439199,feature_v1,20.19704433497537,0.2019704433497537,0.2019704433497537,24.137931034482758,0.2413793103448276,0.2413793103448276,21.379310344827587,21.379310344827587,21.773399014778327,False,9.35231338070913,0.3251231527093596,32.51231527093596,57.78894472361809,58.080808080808076,0.8375,0.78,37.94128787878788,37.94128787878788,61.083743842364534,24.63054187192118,57.14285714285714,51.231527093596064,50.0,21.379310344827587,32.51231527093596,74.42677388439199,ranking_builder_v8_return_prob_tech_regime,False,False,False,False,False,False,False,False,False,False,False,False,0,16.925689099294463,0.2910474091607872,neutral_service_balanced,0.24,0.24,0.32,0.32,0.26,0.26,0.18,0.18,0.65,0.0,0.0,28.984740916682668,28.984740916682668,1.0,False,False,1.0,False,28.984740916682668,145,v2,0.0,best_weight_by_regime,neutral,0.0,1.0,28.984740916682668,28.984740916682668,0.0,28.984740916682668,0.0,0.0,,,,,,,,,,,,,,,,,False,False,,,,,False,,,,,4.0,True,24.984740916682668,144,145,final_score,28.984740916682668,145,145,17.862425732254078,6.841379310344828,8.453201970443349,6.829431818181819,0.0,0.0,0.0,0.0,-11.001697914541401,6.841379310344828,8.453201970443349,17.862425732254078,6.829431818181819,0.0,0.0,0.0,-11.001697914541401,39.98643883122407,Tech flow score,17.862425732254078,Risk penalty,-11.001697914541401,"요약: live_score 29.0 | live_score_source=final_score | regime=neutral | dominant_driver=tech (Tech flow score 17.9) | top_positive_factor=Tech flow score (17.9) | top_negative_factor=Risk penalty (-11.0)
핵심 driver: Tech flow score (tech_score) contribution 17.9, score 74.4; Top-bucket probability score (prob_score) contribution 8.5, score 32.5; Primary prediction score (ret_score) contribution 6.8, score 21.4
리스크 요인: top_negative_factor=Risk penalty (-11.0); risk_penalty 16.9
운영 상태: theme_overlay: disabled (operational config); confidence: 모델 메타 점수 (calibration 미완), score=NA, label=Experimental, live_score 비반영, research/reference 용도","{""base_score"": 29.0, ""theme_weight"": 0.0, ""weight_source"": ""best_weight_by_regime"", ""regime_applied"": ""neutral"", ""theme"": {""name"": ""(none)"", ""confidence"": 0.0, ""contribution"": 0.0}}",confidence_four_axis_v1,1.0,91.25,97.0,37.83576093813068,35.46133066619784,71.25313983446235,58.72657050849184,58.72657050849184,Medium,Medium,Medium,Medium,core signals disagree; current regime fit is weak,"Confidence score is 58.7 (Medium). data_maturity_score=91.2, model_reliability_score=97.0, signal_agreement_score=37.8, regime_fitness_score=35.5. Reason: core signals disagree; current regime fit is weak.",추세 구조 양호이 추천 점수를 견인했습니다. 신호 신뢰도 낮음 요인은 함께 점검이 필요합니다.,추세 구조 양호,신호 신뢰도 낮음 / 기대수익 매력 낮음,신뢰도 Medium: core signals disagree; current regime fit is weak,현재 neutral 체계로 균형형 가중치가 적용됐습니다.,high_tech_score,,,low_confidence,weak_ret_score,추세 구조 양호,,,신호 신뢰도 낮음,기대수익 매력 낮음,보수적 접근 권장,"{""drivers"": [""high_tech_score""], ""driver_texts"": [""추세 구조 양호""], ""drags"": [""low_confidence"", ""weak_ret_score""], ""drag_texts"": [""신호 신뢰도 낮음"", ""기대수익 매력 낮음""], ""confidence_label"": ""Medium"", ""confidence_reason"": ""core signals disagree; current regime fit is weak"", ""regime"": ""neutral"", ""weight_profile"": ""neutral_service_balanced"", ""regime_reason"": ""met_conditions=close_gt_ma20,ma20_gt_ma60,recent_20d_return_gt_0.03; true_count=3; breadth_20d=0.527; recent_20d_return=0.0468; ma60=5370.97; volatility_risk_flag=True"", ""action_note"": ""보수적 접근 권장"", ""component_snapshot"": {""ret_score"": 21.38, ""prob_score"": 32.51, ""qual_score"": 37.94, ""tech_score"": 74.43, ""valuation_score"": 50.0, ""risk_penalty"": 16.93, ""live_score"": 28.98, ""final_score"": 28.98, ""confidence_score"": 58.73, ""live_rank"": 145.0, ""live_score_source"": ""final_score""}}",145,2026-04-09 11:17:11,
2026-04-08,028300,-0.0778422452497723,-0.2249722237651933,-0.334756519425436,-0.386250914686723,0.130369679500222,0.0801316732598625,0.0,54900.0,15.07537688442211,5,0.0,100.0,0.0339256918352343,0.0469538347767268,663152.85,1622701.0,0.1296296296296295,0.0755742763383455,58.15504421414049,2.446948693653356,52060.0,51042.5,52748.333333333336,0.0338983050847456,0.072265625,HLB,KOSDAQ,건강관리장비와용품,,,바이오,21.09375,0.4208811131386861,21.09375,21.09375,21.09375,0.3,,8.87796098026916,True,False,2026-04-08,5872.34,5523.437,0.0407581147205317,-8114.961149999988,neutral,"met_conditions=close_gt_ma20,ma20_gt_ma60,recent_20d_return_gt_0.03; true_count=3; breadth_20d=0.527; recent_20d_return=0.0468; ma60=5370.97; volatility_risk_flag=True",0.0755742763383455,75.0,81.0960591133005,0.0338983050847456,0.072265625,0.1296296296296295,96.31008842828098,87.50116742726729,0.0339256918352343,0.0469538347767268,70.6896551724138,663152.85,1622701.0,85.05747126436783,68.96551724137932,1.0,81.85077805767163,feature_v1,20.689655172413794,0.20689655172413793,0.20689655172413793,3.9408866995073892,0.03940886699507389,0.03940886699507389,15.665024630541872,15.665024630541872,13.990147783251231,False,13.036967950022198,0.5073891625615764,50.73891625615764,15.07537688442211,15.151515151515152,1.0,1.0,15.151515151515152,15.151515151515152,21.67487684729064,36.94581280788177,70.6896551724138,68.96551724137932,50.0,15.665024630541872,50.73891625615764,81.85077805767163,ranking_builder_v8_return_prob_tech_regime,False,False,False,False,False,False,False,False,False,False,False,False,0,18.0,0.3553542775299508,neutral_service_balanced,0.24,0.24,0.32,0.32,0.26,0.26,0.18,0.18,0.65,0.0,0.0,28.8763855694883,28.8763855694883,1.0,False,False,1.0,False,28.8763855694883,146,v2,0.0,best_weight_by_regime,neutral,0.0,1.0,28.8763855694883,28.8763855694883,0.0,28.8763855694883,0.0,0.0,,,,,,,,,,,,,,,,,False,False,,,,,False,,,,,10.0,True,18.8763855694883,168,146,final_score,28.8763855694883,146,146,19.64418673384119,5.012807881773399,13.192118226600986,2.7272727272727275,0.0,0.0,0.0,0.0,-11.700000000000001,5.012807881773399,13.192118226600986,19.64418673384119,2.7272727272727275,0.0,0.0,0.0,-11.700000000000001,40.5763855694883,Tech flow score,19.64418673384119,Risk penalty,-11.700000000000001,"요약: live_score 28.9 | live_score_source=final_score | regime=neutral | dominant_driver=tech (Tech flow score 19.6) | top_positive_factor=Tech flow score (19.6) | top_negative_factor=Risk penalty (-11.7)
핵심 driver: Tech flow score (tech_score) contribution 19.6, score 81.9; Top-bucket probability score (prob_score) contribution 13.2, score 50.7; Primary prediction score (ret_score) contribution 5.0, score 15.7
리스크 요인: top_negative_factor=Risk penalty (-11.7); risk_penalty 18.0
운영 상태: theme_overlay: disabled (operational config); confidence: 모델 메타 점수 (calibration 미완), score=NA, label=Experimental, live_score 비반영, research/reference 용도","{""base_score"": 28.9, ""theme_weight"": 0.0, ""weight_source"": ""best_weight_by_regime"", ""regime_applied"": ""neutral"", ""theme"": {""name"": ""바이오"", ""confidence"": 0.42, ""contribution"": 0.0}}",confidence_four_axis_v1,1.0,100.0,97.0,33.74022112815306,35.3579448338063,72.8387470071092,60.567677418022484,60.567677418022484,Medium,Medium,Medium,Medium,core signals disagree; current regime fit is weak,"Confidence score is 60.6 (Medium). data_maturity_score=100.0, model_reliability_score=97.0, signal_agreement_score=33.7, regime_fitness_score=35.4. Reason: core signals disagree; current regime fit is weak.",추세 구조 양호와 변동성 관리 양호이 추천 점수를 견인했습니다. 재무 품질 보완 필요 요인은 함께 점검이 필요합니다.,추세 구조 양호 / 변동성 관리 양호 / 거래 유동성 양호,재무 품질 보완 필요 / 기대수익 매력 낮음,신뢰도 Medium: core signals disagree; current regime fit is weak,현재 neutral 체계로 균형형 가중치가 적용됐습니다.,high_tech_score,strong_safety_profile,healthy_liquidity_profile,weak_quality_score,weak_ret_score,추세 구조 양호,변동성 관리 양호,거래 유동성 양호,재무 품질 보완 필요,기대수익 매력 낮음,추가 확인 후 판단,"{""drivers"": [""high_tech_score"", ""strong_safety_profile"", ""healthy_liquidity_profile""], ""driver_texts"": [""추세 구조 양호"", ""변동성 관리 양호"", ""거래 유동성 양호""], ""drags"": [""weak_quality_score"", ""weak_ret_score""], ""drag_texts"": [""재무 품질 보완 필요"", ""기대수익 매력 낮음""], ""confidence_label"": ""Medium"", ""confidence_reason"": ""core signals disagree; current regime fit is weak"", ""regime"": ""neutral"", ""weight_profile"": ""neutral_service_balanced"", ""regime_reason"": ""met_conditions=close_gt_ma20,ma20_gt_ma60,recent_20d_return_gt_0.03; true_count=3; breadth_20d=0.527; recent_20d_return=0.0468; ma60=5370.97; volatility_risk_flag=True"", ""action_note"": ""추가 확인 후 판단"", ""component_snapshot"": {""ret_score"": 15.67, ""prob_score"": 50.74, ""qual_score"": 15.15, ""tech_score"": 81.85, ""valuation_score"": 50.0, ""risk_penalty"": 18.0, ""live_score"": 28.88, ""final_score"": 28.88, ""confidence_score"": 60.57, ""live_rank"": 146.0, ""live_score_source"": ""final_score""}}",146,2026-04-09 11:17:11,
2026-04-08,010950,-0.0314055800138534,-0.0770496723411153,-0.3044283062673342,-0.3284687436913673,0.1330087914464498,0.0793217411862729,0.0,112100.0,24.12060301507537,5,0.0,100.0,0.0423180373729741,0.0542795350514774,634144.8,618205.0,-0.0218150087260035,0.0132875350266654,50.49860276284987,0.9748641004388904,112580.0,110630.0,107078.33333333331,-0.008841732979664,-0.0105913503971756,S-Oil,KOSPI,정유/화학,,,,0.0,0.0,,0.0,,0.3,mapping_missing,0.0,False,False,2026-04-08,5872.34,5523.437,0.0407581147205317,-8114.961149999988,neutral,"met_conditions=close_gt_ma20,ma20_gt_ma60,recent_20d_return_gt_0.03; true_count=3; breadth_20d=0.527; recent_20d_return=0.0468; ma60=5370.97; volatility_risk_flag=True",0.0132875350266654,55.0,54.5935960591133,-0.008841732979664,-0.0105913503971756,-0.0218150087260035,80.99720552569974,57.810877736104736,0.0423180373729741,0.0542795350514774,49.01477832512315,634144.8,618205.0,56.15763546798029,66.99507389162561,1.0,54.83848701059232,feature_v1,30.541871921182267,0.3054187192118227,0.3054187192118227,25.615763546798032,0.2561576354679803,0.2561576354679803,29.064039408867,29.064039408867,28.571428571428573,False,13.30087914464498,0.5270935960591133,52.70935960591133,24.12060301507537,24.242424242424242,1.0,1.0,24.242424242424242,24.242424242424242,44.33497536945813,57.635467980295566,49.01477832512315,66.99507389162561,50.0,29.064039408867,52.70935960591133,54.83848701059232,ranking_builder_v8_return_prob_tech_regime,False,False,False,False,False,False,False,False,False,False,False,False,0,18.0,0.31404448123694745,neutral_service_balanced,0.24,0.24,0.32,0.32,0.26,0.26,0.18,0.18,0.65,0.0,0.0,28.829799354552904,28.829799354552904,1.0,False,False,1.0,False,28.829799354552904,147,v2,0.0,best_weight_by_regime,neutral,0.0,1.0,28.829799354552904,28.829799354552904,0.0,28.829799354552904,0.0,0.0,,,,,,,,,,,,,,,,,False,False,,,,,False,,,,,4.0,True,24.829799354552904,145,147,final_score,28.829799354552904,147,147,13.161236882542156,9.30049261083744,13.704433497536947,4.363636363636363,0.0,0.0,0.0,0.0,-11.700000000000001,9.30049261083744,13.704433497536947,13.161236882542156,4.363636363636363,0.0,0.0,0.0,-11.700000000000001,40.52979935455291,Top-bucket probability score,13.704433497536947,Risk penalty,-11.700000000000001,"요약: live_score 28.8 | live_score_source=final_score | regime=neutral | dominant_driver=prob (Top-bucket probability score 13.7) | top_positive_factor=Top-bucket probability score (13.7) | top_negative_factor=Risk penalty (-11.7)
핵심 driver: Top-bucket probability score (prob_score) contribution 13.7, score 52.7; Tech flow score (tech_score) contribution 13.2, score 54.8; Primary prediction score (ret_score) contribution 9.3, score 29.1
리스크 요인: top_negative_factor=Risk penalty (-11.7); risk_penalty 18.0
운영 상태: theme_overlay: disabled (operational config); confidence: 모델 메타 점수 (calibration 미완), score=NA, label=Experimental, live_score 비반영, research/reference 용도","{""base_score"": 28.8, ""theme_weight"": 0.0, ""weight_source"": ""best_weight_by_regime"", ""regime_applied"": ""neutral"", ""theme"": {""name"": ""(none)"", ""confidence"": 0.0, ""contribution"": 0.0}}",confidence_four_axis_v1,1.0,100.0,97.0,33.321181169549575,35.63466262080782,72.77549468550856,60.455404991981396,60.455404991981396,Medium,Medium,Medium,Medium,core signals disagree; current regime fit is weak,"Confidence score is 60.5 (Medium). data_maturity_score=100.0, model_reliability_score=97.0, signal_agreement_score=33.3, regime_fitness_score=35.6. Reason: core signals disagree; current regime fit is weak.",거래 유동성 양호이 추천 점수를 견인했습니다. 예상 손실 폭 부담 큼 요인은 함께 점검이 필요합니다.,거래 유동성 양호,예상 손실 폭 부담 큼 / 재무 품질 보완 필요,신뢰도 Medium: core signals disagree; current regime fit is weak,현재 neutral 체계로 균형형 가중치가 적용됐습니다.,healthy_liquidity_profile,,,very_high_risk_penalty,weak_quality_score,거래 유동성 양호,,,예상 손실 폭 부담 큼,재무 품질 보완 필요,보수적 접근 권장,"{""drivers"": [""healthy_liquidity_profile""], ""driver_texts"": [""거래 유동성 양호""], ""drags"": [""very_high_risk_penalty"", ""weak_quality_score""], ""drag_texts"": [""예상 손실 폭 부담 큼"", ""재무 품질 보완 필요""], ""confidence_label"": ""Medium"", ""confidence_reason"": ""core signals disagree; current regime fit is weak"", ""regime"": ""neutral"", ""weight_profile"": ""neutral_service_balanced"", ""regime_reason"": ""met_conditions=close_gt_ma20,ma20_gt_ma60,recent_20d_return_gt_0.03; true_count=3; breadth_20d=0.527; recent_20d_return=0.0468; ma60=5370.97; volatility_risk_flag=True"", ""action_note"": ""보수적 접근 권장"", ""component_snapshot"": {""ret_score"": 29.06, ""prob_score"": 52.71, ""qual_score"": 24.24, ""tech_score"": 54.84, ""valuation_score"": 50.0, ""risk_penalty"": 18.0, ""live_score"": 28.83, ""final_score"": 28.83, ""confidence_score"": 60.46, ""live_rank"": 147.0, ""live_score_source"": ""final_score""}}",147,2026-04-09 11:17:11,
2026-04-08,084370,-0.1125336608044844,-0.0360303815934657,-0.2725749661917397,-0.293559284768538,0.0713121182884258,0.0617602337451509,0.0,133600.0,73.86934673366834,5,0.0,100.0,0.0536915538408357,0.0671822360816614,182644.75,235603.0,0.075684380032206,0.0790727727970277,57.42306966209563,1.2899522159821184,123480.0,123810.0,112121.66666666669,0.0800323362974939,-0.0169242089771891,유진테크,KOSDAQ,반도체,,,반도체장비,30.0375,0.4332412001656977,30.0375,30.0375,30.0375,0.3,,13.013482549977146,True,False,2026-04-08,5872.34,5523.437,0.0407581147205317,-8114.961149999988,neutral,"met_conditions=close_gt_ma20,ma20_gt_ma60,recent_20d_return_gt_0.03; true_count=3; breadth_20d=0.527; recent_20d_return=0.0468; ma60=5370.97; volatility_risk_flag=True",0.0790727727970277,55.0,71.83497536945814,0.0800323362974939,-0.0169242089771891,0.075684380032206,94.84613932419126,80.23862842710693,0.0536915538408357,0.0671822360816614,21.67487684729064,182644.75,235603.0,45.484400656814444,26.60098522167488,1.0,60.791648028305154,feature_v1,10.344827586206897,0.10344827586206896,0.10344827586206896,34.48275862068966,0.3448275862068966,0.3448275862068966,17.586206896551722,17.586206896551722,20.000000000000004,False,7.131211828842581,0.20689655172413793,20.689655172413794,73.86934673366834,73.73737373737373,1.0,1.0,73.73737373737373,73.73737373737373,73.39901477832512,83.2512315270936,21.67487684729064,26.60098522167488,50.0,17.586206896551722,20.689655172413794,60.791648028305154,ranking_builder_v8_return_prob_tech_regime,False,False,False,False,False,False,False,False,False,False,False,False,0,15.716243234695082,0.280968693622459,neutral_service_balanced,0.24,0.24,0.32,0.32,0.26,0.26,0.18,0.18,0.65,0.0,0.0,28.65406124869284,28.65406124869284,1.0,False,False,1.0,False,28.65406124869284,148,v2,0.0,best_weight_by_regime,neutral,0.0,1.0,28.65406124869284,28.65406124869284,0.0,28.65406124869284,0.0,0.0,,,,,,,,,,,,,,,,,False,False,,,,,False,,,,,4.0,True,24.65406124869284,147,148,final_score,28.65406124869284,148,148,14.589995526793237,5.627586206896551,5.379310344827586,13.272727272727272,0.0,0.0,0.0,0.0,-10.215558102551803,5.627586206896551,5.379310344827586,14.589995526793237,13.272727272727272,0.0,0.0,0.0,-10.215558102551803,38.869619351244644,Tech flow score,14.589995526793237,Risk penalty,-10.215558102551803,"요약: live_score 28.7 | live_score_source=final_score | regime=neutral | dominant_driver=tech (Tech flow score 14.6) | top_positive_factor=Tech flow score (14.6) | top_negative_factor=Risk penalty (-10.2)
핵심 driver: Tech flow score (tech_score) contribution 14.6, score 60.8; Financial quality score (qual_score) contribution 13.3, score 73.7; Primary prediction score (ret_score) contribution 5.6, score 17.6
리스크 요인: top_negative_factor=Risk penalty (-10.2); risk_penalty 15.7
운영 상태: theme_overlay: disabled (operational config); confidence: 모델 메타 점수 (calibration 미완), score=NA, label=Experimental, live_score 비반영, research/reference 용도","{""base_score"": 28.7, ""theme_weight"": 0.0, ""weight_source"": ""best_weight_by_regime"", ""regime_applied"": ""neutral"", ""theme"": {""name"": ""반도체장비"", ""confidence"": 0.43, ""contribution"": 0.0}}",confidence_four_axis_v1,1.0,100.0,97.0,48.15464994775339,35.368469086257896,76.44393284987703,66.33555379635294,66.33555379635294,Medium,Medium,Medium,Medium,core signals disagree; current regime fit is weak,"Confidence score is 66.3 (Medium). data_maturity_score=100.0, model_reliability_score=97.0, signal_agreement_score=48.2, regime_fitness_score=35.4. Reason: core signals disagree; current regime fit is weak.",재무 품질 양호이 추천 점수를 견인했습니다. 기대수익 매력 낮음 요인은 함께 점검이 필요합니다.,재무 품질 양호,기대수익 매력 낮음 / 상위권 진입 확률 약함,신뢰도 Medium: core signals disagree; current regime fit is weak,현재 neutral 체계로 균형형 가중치가 적용됐습니다.,strong_quality_profile,,,weak_ret_score,low_probability_score,재무 품질 양호,,,기대수익 매력 낮음,상위권 진입 확률 약함,추가 확인 후 판단,"{""drivers"": [""strong_quality_profile""], ""driver_texts"": [""재무 품질 양호""], ""drags"": [""weak_ret_score"", ""low_probability_score""], ""drag_texts"": [""기대수익 매력 낮음"", ""상위권 진입 확률 약함""], ""confidence_label"": ""Medium"", ""confidence_reason"": ""core signals disagree; current regime fit is weak"", ""regime"": ""neutral"", ""weight_profile"": ""neutral_service_balanced"", ""regime_reason"": ""met_conditions=close_gt_ma20,ma20_gt_ma60,recent_20d_return_gt_0.03; true_count=3; breadth_20d=0.527; recent_20d_return=0.0468; ma60=5370.97; volatility_risk_flag=True"", ""action_note"": ""추가 확인 후 판단"", ""component_snapshot"": {""ret_score"": 17.59, ""prob_score"": 20.69, ""qual_score"": 73.74, ""tech_score"": 60.79, ""valuation_score"": 50.0, ""risk_penalty"": 15.72, ""live_score"": 28.65, ""final_score"": 28.65, ""confidence_score"": 66.34, ""live_rank"": 148.0, ""live_score_source"": ""final_score""}}",148,2026-04-09 11:17:11,
2026-04-08,122870,-0.0227804153494861,-0.0632302072601623,-0.2601948008177679,-0.3142604805400477,0.1278734332622182,0.2366507976696787,0.0,51300.0,67.33668341708542,3,0.4,75.0,0.0287742261215779,0.0341973067368982,179924.55,135310.0,-0.1933962264150943,-0.0876756179975102,32.16969807846459,0.7520374512538729,50740.0,56230.0,65735.0,-0.0375234521575984,-0.0888099467140319,와이지엔터테인먼트,KOSDAQ,인터넷/플랫폼·콘텐츠,,,,0.0,0.0,,0.0,,0.3,mapping_missing,0.0,False,False,2026-04-08,5872.34,5523.437,0.0407581147205317,-8114.961149999988,neutral,"met_conditions=close_gt_ma20,ma20_gt_ma60,recent_20d_return_gt_0.03; true_count=3; breadth_20d=0.527; recent_20d_return=0.0468; ma60=5370.97; volatility_risk_flag=True",-0.0876756179975102,15.0,13.903940886699509,-0.0375234521575984,-0.0888099467140319,-0.1933962264150943,44.33939615692918,24.631647068788947,0.0287742261215779,0.0341973067368982,88.17733990147784,179924.55,135310.0,18.88341543513957,25.615763546798032,1.0,33.26023903565249,feature_v1,33.497536945812804,0.33497536945812806,0.33497536945812806,28.078817733990146,0.28078817733990147,0.28078817733990147,31.871921182266007,31.871921182266007,31.330049261083744,False,12.78734332622182,0.4876847290640394,48.76847290640394,67.33668341708542,67.67676767676768,0.8375,0.78,44.20984848484849,44.20984848484849,10.83743842364532,12.807881773399016,88.17733990147784,25.615763546798032,50.0,31.871921182266007,48.76847290640394,33.26023903565249,ranking_builder_v8_return_prob_tech_regime,False,False,False,False,False,False,False,False,False,False,False,False,0,15.818528724801578,0.28182107270667983,neutral_service_balanced,0.24,0.24,0.32,0.32,0.26,0.26,0.18,0.18,0.65,0.0,0.0,28.537004158698444,28.537004158698444,1.0,False,False,1.0,False,28.537004158698444,149,v2,0.0,best_weight_by_regime,neutral,0.0,1.0,28.537004158698444,28.537004158698444,0.0,28.537004158698444,0.0,0.0,,,,,,,,,,,,,,,,,False,False,,,,,False,,,,,4.0,True,24.537004158698444,148,149,final_score,28.537004158698444,149,149,7.982457368556597,10.199014778325122,12.679802955665025,7.9577727272727286,0.0,0.0,0.0,0.0,-10.282043671121025,10.199014778325122,12.679802955665025,7.982457368556597,7.9577727272727286,0.0,0.0,0.0,-10.282043671121025,38.81904782981947,Top-bucket probability score,12.679802955665025,Risk penalty,-10.282043671121025,"요약: live_score 28.5 | live_score_source=final_score | regime=neutral | dominant_driver=prob (Top-bucket probability score 12.7) | top_positive_factor=Top-bucket probability score (12.7) | top_negative_factor=Risk penalty (-10.3)
핵심 driver: Top-bucket probability score (prob_score) contribution 12.7, score 48.8; Primary prediction score (ret_score) contribution 10.2, score 31.9; Tech flow score (tech_score) contribution 8.0, score 33.3
리스크 요인: top_negative_factor=Risk penalty (-10.3); risk_penalty 15.8
운영 상태: theme_overlay: disabled (operational config); confidence: 모델 메타 점수 (calibration 미완), score=NA, label=Experimental, live_score 비반영, research/reference 용도","{""base_score"": 28.5, ""theme_weight"": 0.0, ""weight_source"": ""best_weight_by_regime"", ""regime_applied"": ""neutral"", ""theme"": {""name"": ""(none)"", ""confidence"": 0.0, ""contribution"": 0.0}}",confidence_four_axis_v1,1.0,91.25,97.0,37.43103448275862,35.8085091767433,71.20403499720113,58.63411562845211,58.63411562845211,Medium,Medium,Medium,Medium,core signals disagree; current regime fit is weak,"Confidence score is 58.6 (Medium). data_maturity_score=91.2, model_reliability_score=97.0, signal_agreement_score=37.4, regime_fitness_score=35.8. Reason: core signals disagree; current regime fit is weak.",변동성 관리 양호이 추천 점수를 견인했습니다. 신호 신뢰도 낮음 요인은 함께 점검이 필요합니다.,변동성 관리 양호,신호 신뢰도 낮음 / 예상 손실 폭 부담 큼,신뢰도 Medium: core signals disagree; current regime fit is weak,현재 neutral 체계로 균형형 가중치가 적용됐습니다.,strong_safety_profile,,,low_confidence,very_high_risk_penalty,변동성 관리 양호,,,신호 신뢰도 낮음,예상 손실 폭 부담 큼,보수적 접근 권장,"{""drivers"": [""strong_safety_profile""], ""driver_texts"": [""변동성 관리 양호""], ""drags"": [""low_confidence"", ""very_high_risk_penalty""], ""drag_texts"": [""신호 신뢰도 낮음"", ""예상 손실 폭 부담 큼""], ""confidence_label"": ""Medium"", ""confidence_reason"": ""core signals disagree; current regime fit is weak"", ""regime"": ""neutral"", ""weight_profile"": ""neutral_service_balanced"", ""regime_reason"": ""met_conditions=close_gt_ma20,ma20_gt_ma60,recent_20d_return_gt_0.03; true_count=3; breadth_20d=0.527; recent_20d_return=0.0468; ma60=5370.97; volatility_risk_flag=True"", ""action_note"": ""보수적 접근 권장"", ""component_snapshot"": {""ret_score"": 31.87, ""prob_score"": 48.77, ""qual_score"": 44.21, ""tech_score"": 33.26, ""valuation_score"": 50.0, ""risk_penalty"": 15.82, ""live_score"": 28.54, ""final_score"": 28.54, ""confidence_score"": 58.63, ""live_rank"": 149.0, ""live_score_source"": ""final_score""}}",149,2026-04-09 11:17:11,
2026-04-08,310210,0.1853163051409398,0.1333309433455907,-0.2495952625127313,-0.3979365385530317,0.111842042496144,0.0359222029229189,0.0,280000.0,1.507537688442211,5,0.0,100.0,0.0490782713315756,0.0626145458274095,102238.5,119536.0,-0.1489361702127659,-0.1019884541372674,44.69779080418988,1.169187732605623,277200.0,311800.0,264806.6666666667,-0.122257053291536,-0.0666666666666666,보로노이,KOSDAQ,제약,,,,0.0,0.0,,0.0,,0.3,mapping_missing,0.0,False,False,2026-04-08,5872.34,5523.437,0.0407581147205317,-8114.961149999988,neutral,"met_conditions=close_gt_ma20,ma20_gt_ma60,recent_20d_return_gt_0.03; true_count=3; breadth_20d=0.527; recent_20d_return=0.0468; ma60=5370.97; volatility_risk_flag=True",-0.1019884541372674,35.0,22.426108374384235,-0.122257053291536,-0.0666666666666666,-0.1489361702127659,69.39558160837976,29.29470820997671,0.0490782713315756,0.0626145458274095,30.541871921182267,102238.5,119536.0,28.4072249589491,12.31527093596059,0.9,24.61539466249734,feature_v1,77.33990147783251,0.7733990147783252,0.7733990147783252,59.11330049261084,0.5911330049261084,0.5911330049261084,71.87192118226601,71.87192118226601,70.04926108374384,False,11.1842042496144,0.4187192118226601,41.87192118226601,1.507537688442211,1.5151515151515151,1.0,1.0,1.5151515151515151,1.5151515151515151,63.54679802955665,75.36945812807882,30.541871921182267,12.31527093596059,50.0,71.87192118226601,41.87192118226601,24.61539466249734,ranking_builder_v8_return_prob_tech_regime,False,False,False,False,False,False,False,False,False,False,False,False,0,18.0,0.30893177292885143,neutral_service_balanced,0.24,0.24,0.32,0.32,0.26,0.26,0.18,0.18,0.65,0.0,0.0,28.366136277440916,28.366136277440916,1.0,False,False,1.0,False,28.366136277440916,150,v2,0.0,best_weight_by_regime,neutral,0.0,1.0,28.366136277440916,28.366136277440916,0.0,28.366136277440916,0.0,0.0,,,,,,,,,,,,,,,,,False,False,,,,,False,,,,,10.0,True,18.366136277440916,170,150,final_score,28.366136277440916,150,150,5.907694718999362,22.999014778325122,10.886699507389162,0.2727272727272727,0.0,0.0,0.0,0.0,-11.700000000000001,22.999014778325122,10.886699507389162,5.907694718999362,0.2727272727272727,0.0,0.0,0.0,-11.700000000000001,40.06613627744092,Primary prediction score,22.999014778325122,Risk penalty,-11.700000000000001,"요약: live_score 28.4 | live_score_source=final_score | regime=neutral | dominant_driver=ret (Primary prediction score 23.0) | top_positive_factor=Primary prediction score (23.0) | top_negative_factor=Risk penalty (-11.7)
핵심 driver: Primary prediction score (ret_score) contribution 23.0, score 71.9; Top-bucket probability score (prob_score) contribution 10.9, score 41.9; Tech flow score (tech_score) contribution 5.9, score 24.6
리스크 요인: top_negative_factor=Risk penalty (-11.7); risk_penalty 18.0
운영 상태: theme_overlay: disabled (operational config); confidence: 모델 메타 점수 (calibration 미완), score=NA, label=Experimental, live_score 비반영, research/reference 용도","{""base_score"": 28.4, ""theme_weight"": 0.0, ""weight_source"": ""best_weight_by_regime"", ""regime_applied"": ""neutral"", ""theme"": {""name"": ""(none)"", ""confidence"": 0.0, ""contribution"": 0.0}}",confidence_four_axis_v1,1.0,100.0,95.5,32.642969099865645,35.33890218970203,72.11157760342172,60.12496807788666,60.12496807788666,Medium,Medium,Medium,Medium,core signals disagree; current regime fit is weak,"Confidence score is 60.1 (Medium). data_maturity_score=100.0, model_reliability_score=95.5, signal_agreement_score=32.6, regime_fitness_score=35.3. Reason: core signals disagree; current regime fit is weak.",60일 기대수익 상위권이 추천 점수를 견인했습니다. 재무 품질 보완 필요 요인은 함께 점검이 필요합니다.,60일 기대수익 상위권,재무 품질 보완 필요 / 거래 유동성 부족,신뢰도 Medium: core signals disagree; current regime fit is weak,현재 neutral 체계로 균형형 가중치가 적용됐습니다.,high_ret_score,,,weak_quality_score,low_liquidity_score,60일 기대수익 상위권,,,재무 품질 보완 필요,거래 유동성 부족,추가 확인 후 판단,"{""drivers"": [""high_ret_score""], ""driver_texts"": [""60일 기대수익 상위권""], ""drags"": [""weak_quality_score"", ""low_liquidity_score""], ""drag_texts"": [""재무 품질 보완 필요"", ""거래 유동성 부족""], ""confidence_label"": ""Medium"", ""confidence_reason"": ""core signals disagree; current regime fit is weak"", ""regime"": ""neutral"", ""weight_profile"": ""neutral_service_balanced"", ""regime_reason"": ""met_conditions=close_gt_ma20,ma20_gt_ma60,recent_20d_return_gt_0.03; true_count=3; breadth_20d=0.527; recent_20d_return=0.0468; ma60=5370.97; volatility_risk_flag=True"", ""action_note"": ""추가 확인 후 판단"", ""component_snapshot"": {""ret_score"": 71.87, ""prob_score"": 41.87, ""qual_score"": 1.52, ""tech_score"": 24.62, ""valuation_score"": 50.0, ""risk_penalty"": 18.0, ""live_score"": 28.37, ""final_score"": 28.37, ""confidence_score"": 60.12, ""live_rank"": 150.0, ""live_score_source"": ""final_score""}}",150,2026-04-09 11:17:11,
2026-04-08,055550,-0.0769406166895597,-0.0628363258228934,-0.1987083977394089,-0.2740116549933452,0.0738645188410106,0.0211273221865498,0.0,96700.0,28.39195979899497,1,0.8,15.0,0.0324261923916419,0.0292908105473414,1482281.05,1289184.0,0.0614709110867179,0.0464235472351477,57.163104543453485,0.8697297992172267,92900.0,92410.0,90645.0,0.0364415862808145,0.0499457111834962,신한지주,KOSPI,금융,,,,0.0,0.0,,0.0,,0.3,mapping_missing,0.0,False,False,2026-04-08,5872.34,5523.437,0.0407581147205317,-8114.961149999988,neutral,"met_conditions=close_gt_ma20,ma20_gt_ma60,recent_20d_return_gt_0.03; true_count=3; breadth_20d=0.527; recent_20d_return=0.0468; ma60=5370.97; volatility_risk_flag=True",0.0464235472351477,100.0,87.93103448275862,0.0364415862808145,0.0499457111834962,0.0614709110867179,94.32620908690697,82.69485276433758,0.0324261923916419,0.0292908105473414,87.93103448275863,1482281.05,1289184.0,64.69622331691296,88.66995073891626,1.0,82.6131492064344,feature_v1,21.182266009852217,0.21182266009852216,0.21182266009852216,28.57142857142857,0.2857142857142857,0.2857142857142857,23.39901477832512,23.39901477832512,24.137931034482758,False,7.38645188410106,0.22660098522167488,22.660098522167488,28.39195979899497,28.535353535353536,0.4475,0.5599999999999999,7.150959595959596,7.150959595959596,19.704433497536947,4.433497536945813,87.93103448275863,88.66995073891626,50.0,23.39901477832512,22.660098522167488,82.6131492064344,ranking_builder_v8_return_prob_tech_regime,False,False,False,False,False,False,False,False,False,False,False,False,0,9.459564076918006,0.2288297006409834,neutral_service_balanced,0.24,0.24,0.32,0.32,0.26,0.26,0.18,0.18,0.65,0.0,0.0,28.34492223164786,28.34492223164786,1.0,False,False,1.0,False,28.34492223164786,151,v2,0.0,best_weight_by_regime,neutral,0.0,1.0,28.34492223164786,28.34492223164786,0.0,28.34492223164786,0.0,0.0,,,,,,,,,,,,,,,,,False,False,,,,,False,,,,,6.0,True,22.34492223164786,157,151,final_score,28.34492223164786,151,151,19.827155809544255,7.487684729064039,5.891625615763547,1.2871727272727271,0.0,0.0,0.0,0.0,-6.148716649996705,7.487684729064039,5.891625615763547,19.827155809544255,1.2871727272727271,0.0,0.0,0.0,-6.148716649996705,34.493638881644564,Tech flow score,19.827155809544255,Risk penalty,-6.148716649996705,"요약: live_score 28.3 | live_score_source=final_score | regime=neutral | dominant_driver=tech (Tech flow score 19.8) | top_positive_factor=Tech flow score (19.8) | top_negative_factor=Risk penalty (-6.1)
핵심 driver: Tech flow score (tech_score) contribution 19.8, score 82.6; Primary prediction score (ret_score) contribution 7.5, score 23.4; Top-bucket probability score (prob_score) contribution 5.9, score 22.7
리스크 요인: top_negative_factor=Risk penalty (-6.1); risk_penalty 9.5
운영 상태: theme_overlay: disabled (operational config); confidence: 모델 메타 점수 (calibration 미완), score=NA, label=Experimental, live_score 비반영, research/reference 용도","{""base_score"": 28.3, ""theme_weight"": 0.0, ""weight_source"": ""best_weight_by_regime"", ""regime_applied"": ""neutral"", ""theme"": {""name"": ""(none)"", ""confidence"": 0.0, ""contribution"": 0.0}}",confidence_four_axis_v1,1.0,70.25,97.0,24.861343116857558,35.35055510861298,61.692919045506336,45.11464826846562,45.11464826846562,Medium,Low,Low,Low,core signals disagree; current regime fit is weak,"Confidence score is 45.1 (Low). data_maturity_score=70.2, model_reliability_score=97.0, signal_agreement_score=24.9, regime_fitness_score=35.4. Reason: core signals disagree; current regime fit is weak.",추세 구조 양호와 변동성 관리 양호이 추천 점수를 견인했습니다. 재무 데이터 일부 부족 요인은 함께 점검이 필요합니다.,추세 구조 양호 / 변동성 관리 양호 / 거래 유동성 양호,재무 데이터 일부 부족 / 신호 신뢰도 낮음,신뢰도 Low: core signals disagree; current regime fit is weak,현재 neutral 체계로 균형형 가중치가 적용됐습니다.,high_tech_score,strong_safety_profile,healthy_liquidity_profile,partial_quality_coverage,low_confidence,추세 구조 양호,변동성 관리 양호,거래 유동성 양호,재무 데이터 일부 부족,신호 신뢰도 낮음,추가 확인 후 판단,"{""drivers"": [""high_tech_score"", ""strong_safety_profile"", ""healthy_liquidity_profile""], ""driver_texts"": [""추세 구조 양호"", ""변동성 관리 양호"", ""거래 유동성 양호""], ""drags"": [""partial_quality_coverage"", ""low_confidence""], ""drag_texts"": [""재무 데이터 일부 부족"", ""신호 신뢰도 낮음""], ""confidence_label"": ""Low"", ""confidence_reason"": ""core signals disagree; current regime fit is weak"", ""regime"": ""neutral"", ""weight_profile"": ""neutral_service_balanced"", ""regime_reason"": ""met_conditions=close_gt_ma20,ma20_gt_ma60,recent_20d_return_gt_0.03; true_count=3; breadth_20d=0.527; recent_20d_return=0.0468; ma60=5370.97; volatility_risk_flag=True"", ""action_note"": ""추가 확인 후 판단"", ""component_snapshot"": {""ret_score"": 23.4, ""prob_score"": 22.66, ""qual_score"": 7.15, ""tech_score"": 82.61, ""valuation_score"": 50.0, ""risk_penalty"": 9.46, ""live_score"": 28.34, ""final_score"": 28.34, ""confidence_score"": 45.11, ""live_rank"": 151.0, ""live_score_source"": ""final_score""}}",151,2026-04-09 11:17:11,
2026-04-08,298040,0.0809386961794162,0.2070869685424154,-0.2910475567917253,-0.278524902298325,0.0304654591033755,0.0019249240787811,0.0,2930000.0,46.733668341708544,3,0.4,75.0,0.0549759770460614,0.0490993185972658,42745.45,72386.0,0.1567311488353731,0.1045141833945906,60.129110175048886,1.6934200014270526,2650200.0,2652750.0,2495366.6666666665,0.1044101017715792,-0.020066889632107,효성중공업,KOSPI,전기장비,,,,0.0,0.0,,0.0,,0.3,mapping_missing,0.0,False,False,2026-04-08,5872.34,5523.437,0.0407581147205317,-8114.961149999988,neutral,"met_conditions=close_gt_ma20,ma20_gt_ma60,recent_20d_return_gt_0.03; true_count=3; breadth_20d=0.527; recent_20d_return=0.0468; ma60=5370.97; volatility_risk_flag=True",0.1045141833945906,55.0,74.29802955665025,0.1044101017715792,-0.020066889632107,0.1567311488353731,99.74177964990223,84.78766166124403,0.0549759770460614,0.0490993185972658,39.40886699507389,42745.45,72386.0,33.004926108374384,1.9704433497536946,0.72,46.65427398986502,feature_v1,61.57635467980296,0.6157635467980296,0.6157635467980296,70.44334975369459,0.7044334975369458,0.7044334975369458,64.23645320197045,64.23645320197045,65.1231527093596,False,3.04654591033755,0.06403940886699508,6.403940886699508,46.733668341708544,46.96969696969697,0.8375,0.78,30.682954545454546,30.682954545454546,75.86206896551724,45.320197044334975,39.40886699507389,1.9704433497536946,50.0,64.23645320197045,6.403940886699508,46.65427398986502,ranking_builder_v8_return_prob_tech_regime,False,False,False,False,False,False,False,False,False,False,False,False,0,16.324619399323822,0.2860384949943652,neutral_service_balanced,0.24,0.24,0.32,0.32,0.26,0.26,0.18,0.18,0.65,0.0,0.0,28.329644621361346,28.329644621361346,1.0,False,False,1.0,False,28.329644621361346,152,v2,0.0,best_weight_by_regime,neutral,0.0,1.0,28.329644621361346,28.329644621361346,0.0,28.329644621361346,0.0,0.0,,,,,,,,,,,,,,,,,False,False,,,,,False,,,,,4.0,True,24.329644621361346,150,152,final_score,28.329644621361346,152,152,11.197025757567603,20.555665024630542,1.665024630541872,5.522931818181818,0.0,0.0,0.0,0.0,-10.611002609560485,20.555665024630542,1.665024630541872,11.197025757567603,5.522931818181818,0.0,0.0,0.0,-10.611002609560485,38.94064723092183,Primary prediction score,20.555665024630542,Risk penalty,-10.611002609560485,"요약: live_score 28.3 | live_score_source=final_score | regime=neutral | dominant_driver=ret (Primary prediction score 20.6) | top_positive_factor=Primary prediction score (20.6) | top_negative_factor=Risk penalty (-10.6)
핵심 driver: Primary prediction score (ret_score) contribution 20.6, score 64.2; Tech flow score (tech_score) contribution 11.2, score 46.7; Financial quality score (qual_score) contribution 5.5, score 30.7
리스크 요인: top_negative_factor=Risk penalty (-10.6); risk_penalty 16.3
운영 상태: theme_overlay: disabled (operational config); confidence: 모델 메타 점수 (calibration 미완), score=NA, label=Experimental, live_score 비반영, research/reference 용도","{""base_score"": 28.3, ""theme_weight"": 0.0, ""weight_source"": ""best_weight_by_regime"", ""regime_applied"": ""neutral"", ""theme"": {""name"": ""(none)"", ""confidence"": 0.0, ""contribution"": 0.0}}",confidence_four_axis_v1,1.0,91.25,92.8,36.40024630541872,34.88020063505613,69.5470916716131,58.03613864917871,58.03613864917871,Medium,Medium,Medium,Medium,core signals disagree; current regime fit is weak,"Confidence score is 58.0 (Medium). data_maturity_score=91.2, model_reliability_score=92.8, signal_agreement_score=36.4, regime_fitness_score=34.9. Reason: core signals disagree; current regime fit is weak.",뚜렷한 추천 강점은 제한적입니다. 신호 신뢰도 낮음 요인은 함께 점검이 필요합니다.,뚜렷한 강점 제한적,신호 신뢰도 낮음 / 거래 유동성 부족,신뢰도 Medium: core signals disagree; current regime fit is weak,현재 neutral 체계로 균형형 가중치가 적용됐습니다.,,,,low_confidence,low_liquidity_score,,,,신호 신뢰도 낮음,거래 유동성 부족,보수적 접근 권장,"{""drivers"": [], ""driver_texts"": [], ""drags"": [""low_confidence"", ""low_liquidity_score""], ""drag_texts"": [""신호 신뢰도 낮음"", ""거래 유동성 부족""], ""confidence_label"": ""Medium"", ""confidence_reason"": ""core signals disagree; current regime fit is weak"", ""regime"": ""neutral"", ""weight_profile"": ""neutral_service_balanced"", ""regime_reason"": ""met_conditions=close_gt_ma20,ma20_gt_ma60,recent_20d_return_gt_0.03; true_count=3; breadth_20d=0.527; recent_20d_return=0.0468; ma60=5370.97; volatility_risk_flag=True"", ""action_note"": ""보수적 접근 권장"", ""component_snapshot"": {""ret_score"": 64.24, ""prob_score"": 6.4, ""qual_score"": 30.68, ""tech_score"": 46.65, ""valuation_score"": 50.0, ""risk_penalty"": 16.32, ""live_score"": 28.33, ""final_score"": 28.33, ""confidence_score"": 58.04, ""live_rank"": 152.0, ""live_score_source"": ""final_score""}}",152,2026-04-09 11:17:11,
2026-04-08,226950,-0.021045712842426,0.1078840061979664,-0.2453438469041941,-0.269295494663347,0.1571791660688008,0.2587042796389291,0.0,164000.0,8.040201005025125,5,0.0,100.0,0.054622362316947,0.067668277810741,339107.65,225479.0,-0.0888888888888889,-0.101320620307962,45.2203458158192,0.6649186475150295,164120.0,182490.0,159375.0,-0.1820448877805486,-0.1257995735607675,올릭스,KOSDAQ,생명과학도구및서비스,,,바이오,23.4375,0.4458811131386861,23.4375,23.4375,23.4375,0.3,,10.450338589187956,True,False,2026-04-08,5872.34,5523.437,0.0407581147205317,-8114.961149999988,neutral,"met_conditions=close_gt_ma20,ma20_gt_ma60,recent_20d_return_gt_0.03; true_count=3; breadth_20d=0.527; recent_20d_return=0.0468; ma60=5370.97; volatility_risk_flag=True",-0.101320620307962,35.0,22.67241379310345,-0.1820448877805486,-0.1257995735607675,-0.0888888888888889,70.4406916316384,26.846626109880045,0.054622362316947,0.067668277810741,20.443349753694584,339107.65,225479.0,30.377668308702795,47.29064039408867,1.0,24.84336347343339,feature_v1,33.99014778325123,0.3399014778325123,0.3399014778325123,55.172413793103445,0.5517241379310345,0.5517241379310345,40.3448275862069,40.3448275862069,42.463054187192114,False,15.717916606880081,0.6206896551724138,62.06896551724138,8.040201005025125,8.080808080808081,1.0,1.0,8.080808080808081,8.080808080808081,75.36945812807882,83.74384236453201,20.443349753694584,47.29064039408867,50.0,40.3448275862069,62.06896551724138,24.84336347343339,ranking_builder_v8_return_prob_tech_regime,False,False,False,False,False,False,False,False,False,False,False,False,0,12.59094072094263,0.25492450600785527,neutral_service_balanced,0.24,0.24,0.32,0.32,0.26,0.26,0.18,0.18,0.65,0.0,0.0,28.281117081625727,28.281117081625727,1.0,False,False,1.0,False,28.281117081625727,153,v2,0.0,best_weight_by_regime,neutral,0.0,1.0,28.281117081625727,28.281117081625727,0.0,28.281117081625727,0.0,0.0,,,,,,,,,,,,,,,,,False,False,,,,,False,,,,,10.0,True,18.281117081625727,171,153,final_score,28.281117081625727,153,153,5.962407233624013,12.910344827586208,16.137931034482758,1.4545454545454546,0.0,0.0,0.0,0.0,-8.18411146861271,12.910344827586208,16.137931034482758,5.962407233624013,1.4545454545454546,0.0,0.0,0.0,-8.18411146861271,36.465228550238436,Top-bucket probability score,16.137931034482758,Risk penalty,-8.18411146861271,"요약: live_score 28.3 | live_score_source=final_score | regime=neutral | dominant_driver=prob (Top-bucket probability score 16.1) | top_positive_factor=Top-bucket probability score (16.1) | top_negative_factor=Risk penalty (-8.2)
핵심 driver: Top-bucket probability score (prob_score) contribution 16.1, score 62.1; Primary prediction score (ret_score) contribution 12.9, score 40.3; Tech flow score (tech_score) contribution 6.0, score 24.8
리스크 요인: top_negative_factor=Risk penalty (-8.2); risk_penalty 12.6
운영 상태: theme_overlay: disabled (operational config); confidence: 모델 메타 점수 (calibration 미완), score=NA, label=Experimental, live_score 비반영, research/reference 용도","{""base_score"": 28.3, ""theme_weight"": 0.0, ""weight_source"": ""best_weight_by_regime"", ""regime_applied"": ""neutral"", ""theme"": {""name"": ""바이오"", ""confidence"": 0.45, ""contribution"": 0.0}}",confidence_four_axis_v1,1.0,100.0,97.0,37.55355276907001,36.06074495526341,73.89749993555701,62.23357009868069,62.23357009868069,Medium,Medium,Medium,Medium,core signals disagree; current regime fit is weak,"Confidence score is 62.2 (Medium). data_maturity_score=100.0, model_reliability_score=97.0, signal_agreement_score=37.6, regime_fitness_score=36.1. Reason: core signals disagree; current regime fit is weak.",뚜렷한 추천 강점은 제한적입니다. 재무 품질 보완 필요 요인은 함께 점검이 필요합니다.,뚜렷한 강점 제한적,재무 품질 보완 필요 / 방어력 약함,신뢰도 Medium: core signals disagree; current regime fit is weak,현재 neutral 체계로 균형형 가중치가 적용됐습니다.,,,,weak_quality_score,weak_safety_score,,,,재무 품질 보완 필요,방어력 약함,추가 확인 후 판단,"{""drivers"": [], ""driver_texts"": [], ""drags"": [""weak_quality_score"", ""weak_safety_score""], ""drag_texts"": [""재무 품질 보완 필요"", ""방어력 약함""], ""confidence_label"": ""Medium"", ""confidence_reason"": ""core signals disagree; current regime fit is weak"", ""regime"": ""neutral"", ""weight_profile"": ""neutral_service_balanced"", ""regime_reason"": ""met_conditions=close_gt_ma20,ma20_gt_ma60,recent_20d_return_gt_0.03; true_count=3; breadth_20d=0.527; recent_20d_return=0.0468; ma60=5370.97; volatility_risk_flag=True"", ""action_note"": ""추가 확인 후 판단"", ""component_snapshot"": {""ret_score"": 40.34, ""prob_score"": 62.07, ""qual_score"": 8.08, ""tech_score"": 24.84, ""valuation_score"": 50.0, ""risk_penalty"": 12.59, ""live_score"": 28.28, ""final_score"": 28.28, ""confidence_score"": 62.23, ""live_rank"": 153.0, ""live_score_source"": ""final_score""}}",153,2026-04-09 11:17:11,
2026-04-08,006400,-0.099967905642114,-0.1097883585935154,-0.2019788489737901,-0.2291897408898269,0.029011949084334,0.0141405830199351,0.0,471500.0,50.75376884422111,3,0.4,75.0,0.0293047714977204,0.0519270020282069,678567.0,821542.0,0.1787499999999999,0.1411629454831489,67.589948462622,1.2107013751037112,452600.0,413175.0,385775.0,0.0914351851851851,0.1670792079207921,삼성SDI,KOSPI,2차전지,,,2차전지,89.39999999999999,0.7033480839416058,89.39999999999999,89.39999999999999,89.39999999999999,0.3,,62.87931870437955,True,False,2026-04-08,5872.34,5523.437,0.0407581147205317,-8114.961149999988,neutral,"met_conditions=close_gt_ma20,ma20_gt_ma60,recent_20d_return_gt_0.03; true_count=3; breadth_20d=0.527; recent_20d_return=0.0468; ma60=5370.97; volatility_risk_flag=True",0.1411629454831489,100.0,98.27586206896552,0.0914351851851851,0.1670792079207921,0.1787499999999999,84.82010307475599,92.26413906918161,0.0293047714977204,0.0519270020282069,68.47290640394088,678567.0,821542.0,68.9655172413793,69.95073891625616,1.0,85.81461616189827,feature_v1,14.285714285714285,0.14285714285714285,0.14285714285714285,19.21182266009852,0.1921182266009852,0.1921182266009852,15.763546798029553,15.763546798029553,16.25615763546798,False,2.9011949084334,0.059113300492610835,5.911330049261084,50.75376884422111,51.010101010101,0.8375,0.78,33.32234848484848,33.32234848484848,12.807881773399016,50.24630541871922,68.47290640394088,69.95073891625616,50.0,15.763546798029553,5.911330049261084,85.81461616189827,ranking_builder_v8_return_prob_tech_regime,False,False,False,False,False,False,False,False,False,False,False,False,0,7.543584688824576,0.21286320574020481,neutral_service_balanced,0.24,0.24,0.32,0.32,0.26,0.26,0.18,0.18,0.65,0.0,0.0,28.271481346569676,28.271481346569676,1.0,False,False,1.0,False,28.271481346569676,154,v2,0.0,best_weight_by_regime,neutral,0.0,1.0,28.271481346569676,28.271481346569676,0.0,28.271481346569676,0.0,0.0,,,,,,,,,,,,,,,,,False,False,,,,,False,,,,,0.0,False,28.271481346569676,134,154,final_score,28.271481346569676,154,154,20.595507878855585,5.044334975369457,1.536945812807882,5.998022727272727,0.0,0.0,0.0,0.0,-4.903330047735975,5.044334975369457,1.536945812807882,20.595507878855585,5.998022727272727,0.0,0.0,0.0,-4.903330047735975,33.17481139430566,Tech flow score,20.595507878855585,Risk penalty,-4.903330047735975,"요약: live_score 28.3 | live_score_source=final_score | regime=neutral | dominant_driver=tech (Tech flow score 20.6) | top_positive_factor=Tech flow score (20.6) | top_negative_factor=Risk penalty (-4.9)
핵심 driver: Tech flow score (tech_score) contribution 20.6, score 85.8; Financial quality score (qual_score) contribution 6.0, score 33.3; Primary prediction score (ret_score) contribution 5.0, score 15.8
리스크 요인: top_negative_factor=Risk penalty (-4.9); risk_penalty 7.5
운영 상태: theme_overlay: disabled (operational config); confidence: 모델 메타 점수 (calibration 미완), score=NA, label=Experimental, live_score 비반영, research/reference 용도","{""base_score"": 28.3, ""theme_weight"": 0.0, ""weight_source"": ""best_weight_by_regime"", ""regime_applied"": ""neutral"", ""theme"": {""name"": ""2차전지"", ""confidence"": 0.7, ""contribution"": 0.0}}",confidence_four_axis_v1,1.0,91.25,97.0,23.529014166208842,35.297954846009965,67.6519467684537,52.97119663568553,52.97119663568553,Medium,Medium,Medium,Medium,core signals disagree; current regime fit is weak,"Confidence score is 53.0 (Medium). data_maturity_score=91.2, model_reliability_score=97.0, signal_agreement_score=23.5, regime_fitness_score=35.3. Reason: core signals disagree; current regime fit is weak.",추세 구조 양호와 변동성 관리 양호이 추천 점수를 견인했습니다. 신호 신뢰도 낮음 요인은 함께 점검이 필요합니다.,추세 구조 양호 / 변동성 관리 양호 / 거래 유동성 양호,신호 신뢰도 낮음 / 상위권 진입 확률 약함,신뢰도 Medium: core signals disagree; current regime fit is weak,현재 neutral 체계로 균형형 가중치가 적용됐습니다.,high_tech_score,strong_safety_profile,healthy_liquidity_profile,low_confidence,low_probability_score,추세 구조 양호,변동성 관리 양호,거래 유동성 양호,신호 신뢰도 낮음,상위권 진입 확률 약함,보수적 접근 권장,"{""drivers"": [""high_tech_score"", ""strong_safety_profile"", ""healthy_liquidity_profile""], ""driver_texts"": [""추세 구조 양호"", ""변동성 관리 양호"", ""거래 유동성 양호""], ""drags"": [""low_confidence"", ""low_probability_score""], ""drag_texts"": [""신호 신뢰도 낮음"", ""상위권 진입 확률 약함""], ""confidence_label"": ""Medium"", ""confidence_reason"": ""core signals disagree; current regime fit is weak"", ""regime"": ""neutral"", ""weight_profile"": ""neutral_service_balanced"", ""regime_reason"": ""met_conditions=close_gt_ma20,ma20_gt_ma60,recent_20d_return_gt_0.03; true_count=3; breadth_20d=0.527; recent_20d_return=0.0468; ma60=5370.97; volatility_risk_flag=True"", ""action_note"": ""보수적 접근 권장"", ""component_snapshot"": {""ret_score"": 15.76, ""prob_score"": 5.91, ""qual_score"": 33.32, ""tech_score"": 85.81, ""valuation_score"": 50.0, ""risk_penalty"": 7.54, ""live_score"": 28.27, ""final_score"": 28.27, ""confidence_score"": 52.97, ""live_rank"": 154.0, ""live_score_source"": ""final_score""}}",154,2026-04-09 11:17:11,
2026-04-08,066570,-0.0738846272904573,-0.1140363247940736,-0.2476100678513606,-0.2631707983409749,0.0840325249407899,0.0432846581615289,0.0,116700.0,48.24120603015075,3,0.4,75.0,0.0382198556271781,0.0528327902289908,732735.85,1193144.0,-0.010178117048346,0.0372872316785921,53.86680794718809,1.6283412364769652,110060.0,112505.0,111110.0,0.0373333333333334,0.0174367916303399,LG전자,KOSPI,전자/부품,,,,0.0,0.0,,0.0,,0.3,mapping_missing,0.0,False,False,2026-04-08,5872.34,5523.437,0.0407581147205317,-8114.961149999988,neutral,"met_conditions=close_gt_ma20,ma20_gt_ma60,recent_20d_return_gt_0.03; true_count=3; breadth_20d=0.527; recent_20d_return=0.0468; ma60=5370.97; volatility_risk_flag=True",0.0372872316785921,55.0,63.214285714285715,0.0373333333333334,0.0174367916303399,-0.010178117048346,87.73361589437619,71.93340397359404,0.0382198556271781,0.0528327902289908,57.14285714285714,732735.85,1193144.0,81.11658456486043,73.39901477832512,1.0,67.73703621834413,feature_v1,21.67487684729064,0.21674876847290642,0.21674876847290642,18.226600985221676,0.18226600985221675,0.18226600985221675,20.64039408866995,20.64039408866995,20.295566502463053,False,8.40325249407899,0.28078817733990147,28.078817733990146,48.24120603015075,48.484848484848484,0.8375,0.78,31.672727272727276,31.672727272727276,31.527093596059114,54.187192118226605,57.14285714285714,73.39901477832512,50.0,20.64039408866995,28.078817733990146,67.73703621834413,ranking_builder_v8_return_prob_tech_regime,False,False,False,False,False,False,False,False,False,False,False,False,0,12.460123205664758,0.25383436004720633,neutral_service_balanced,0.24,0.24,0.32,0.32,0.26,0.26,0.18,0.18,0.65,0.0,0.0,27.76431823702323,27.76431823702323,1.0,False,False,1.0,False,27.76431823702323,155,v2,0.0,best_weight_by_regime,neutral,0.0,1.0,27.76431823702323,27.76431823702323,0.0,27.76431823702323,0.0,0.0,,,,,,,,,,,,,,,,,False,False,,,,,False,,,,,4.0,True,23.76431823702323,152,155,final_score,27.76431823702323,155,155,16.25688869240259,6.604926108374384,7.300492610837439,5.701090909090909,0.0,0.0,0.0,0.0,-8.099080083682093,6.604926108374384,7.300492610837439,16.25688869240259,5.701090909090909,0.0,0.0,0.0,-8.099080083682093,35.86339832070532,Tech flow score,16.25688869240259,Risk penalty,-8.099080083682093,"요약: live_score 27.8 | live_score_source=final_score | regime=neutral | dominant_driver=tech (Tech flow score 16.3) | top_positive_factor=Tech flow score (16.3) | top_negative_factor=Risk penalty (-8.1)
핵심 driver: Tech flow score (tech_score) contribution 16.3, score 67.7; Top-bucket probability score (prob_score) contribution 7.3, score 28.1; Primary prediction score (ret_score) contribution 6.6, score 20.6
리스크 요인: top_negative_factor=Risk penalty (-8.1); risk_penalty 12.5
운영 상태: theme_overlay: disabled (operational config); confidence: 모델 메타 점수 (calibration 미완), score=NA, label=Experimental, live_score 비반영, research/reference 용도","{""base_score"": 27.8, ""theme_weight"": 0.0, ""weight_source"": ""best_weight_by_regime"", ""regime_applied"": ""neutral"", ""theme"": {""name"": ""(none)"", ""confidence"": 0.0, ""contribution"": 0.0}}",confidence_four_axis_v1,1.0,91.25,97.0,33.371007361097746,34.826521404513905,70.04173005095151,56.813707225341886,56.813707225341886,Medium,Medium,Medium,Medium,core signals disagree; current regime fit is weak,"Confidence score is 56.8 (Medium). data_maturity_score=91.2, model_reliability_score=97.0, signal_agreement_score=33.4, regime_fitness_score=34.8. Reason: core signals disagree; current regime fit is weak.",추세 구조 양호와 거래 유동성 양호이 추천 점수를 견인했습니다. 신호 신뢰도 낮음 요인은 함께 점검이 필요합니다.,추세 구조 양호 / 거래 유동성 양호,신호 신뢰도 낮음 / 기대수익 매력 낮음,신뢰도 Medium: core signals disagree; current regime fit is weak,현재 neutral 체계로 균형형 가중치가 적용됐습니다.,high_tech_score,healthy_liquidity_profile,,low_confidence,weak_ret_score,추세 구조 양호,거래 유동성 양호,,신호 신뢰도 낮음,기대수익 매력 낮음,보수적 접근 권장,"{""drivers"": [""high_tech_score"", ""healthy_liquidity_profile""], ""driver_texts"": [""추세 구조 양호"", ""거래 유동성 양호""], ""drags"": [""low_confidence"", ""weak_ret_score""], ""drag_texts"": [""신호 신뢰도 낮음"", ""기대수익 매력 낮음""], ""confidence_label"": ""Medium"", ""confidence_reason"": ""core signals disagree; current regime fit is weak"", ""regime"": ""neutral"", ""weight_profile"": ""neutral_service_balanced"", ""regime_reason"": ""met_conditions=close_gt_ma20,ma20_gt_ma60,recent_20d_return_gt_0.03; true_count=3; breadth_20d=0.527; recent_20d_return=0.0468; ma60=5370.97; volatility_risk_flag=True"", ""action_note"": ""보수적 접근 권장"", ""component_snapshot"": {""ret_score"": 20.64, ""prob_score"": 28.08, ""qual_score"": 31.67, ""tech_score"": 67.74, ""valuation_score"": 50.0, ""risk_penalty"": 12.46, ""live_score"": 27.76, ""final_score"": 27.76, ""confidence_score"": 56.81, ""live_rank"": 155.0, ""live_score_source"": ""final_score""}}",155,2026-04-09 11:17:11,
2026-04-08,403870,-0.0668065480702377,-0.1819228865159518,-0.3947872841384274,-0.410218586293745,0.037412751660479,0.0174815868632965,0.0,45900.0,100.0,5,0.0,100.0,0.0560123834827893,0.0595466698665684,2930775.55,2603515.0,0.0527522935779816,0.0138045278851464,53.30712647803129,0.888336536040776,42400.0,45275.0,42442.5,0.0314606741573033,-0.0773869346733668,HPSP,KOSDAQ,반도체와반도체장비,,,반도체장비,31.05,0.4407412001656978,31.05,31.05,31.05,0.3,,13.685014265144916,True,False,2026-04-08,5872.34,5523.437,0.0407581147205317,-8114.961149999988,neutral,"met_conditions=close_gt_ma20,ma20_gt_ma60,recent_20d_return_gt_0.03; true_count=3; breadth_20d=0.527; recent_20d_return=0.0468; ma60=5370.97; volatility_risk_flag=True",0.0138045278851464,55.0,55.08620689655172,0.0314606741573033,-0.0773869346733668,0.0527522935779816,86.61425295606259,64.51070609615851,0.0560123834827893,0.0595466698665684,26.35467980295566,2930775.55,2603515.0,70.60755336617406,94.58128078817734,1.0,54.96667816813823,feature_v1,23.15270935960591,0.2315270935960591,0.2315270935960591,9.852216748768473,0.09852216748768473,0.09852216748768473,19.16256157635468,19.16256157635468,17.832512315270936,False,3.7412751660479,0.07881773399014778,7.8817733990147785,100.0,100.0,1.0,1.0,100.0,100.0,78.32512315270937,68.96551724137932,26.35467980295566,94.58128078817734,50.0,19.16256157635468,7.8817733990147785,54.96667816813823,ranking_builder_v8_return_prob_tech_regime,False,False,False,False,False,False,False,False,False,False,False,False,0,18.0,0.40095980500055445,neutral_service_balanced,0.24,0.24,0.32,0.32,0.26,0.26,0.18,0.18,0.65,0.0,0.0,27.673283548530513,27.673283548530513,1.0,False,False,1.0,False,27.673283548530513,156,v2,0.0,best_weight_by_regime,neutral,0.0,1.0,27.673283548530513,27.673283548530513,0.0,27.673283548530513,0.0,0.0,,,,,,,,,,,,,,,,,False,False,,,,,False,,,,,4.0,True,23.673283548530513,153,156,final_score,27.673283548530513,156,156,13.192002760353175,6.132019704433498,2.0492610837438425,18.0,0.0,0.0,0.0,0.0,-11.700000000000001,6.132019704433498,2.0492610837438425,13.192002760353175,18.0,0.0,0.0,0.0,-11.700000000000001,39.373283548530516,Financial quality score,18.0,Risk penalty,-11.700000000000001,"요약: live_score 27.7 | live_score_source=final_score | regime=neutral | dominant_driver=tech (Tech flow score 13.2) | top_positive_factor=Financial quality score (18.0) | top_negative_factor=Risk penalty (-11.7)
핵심 driver: Financial quality score (qual_score) contribution 18.0, score 100.0; Tech flow score (tech_score) contribution 13.2, score 55.0; Primary prediction score (ret_score) contribution 6.1, score 19.2
리스크 요인: top_negative_factor=Risk penalty (-11.7); risk_penalty 18.0
운영 상태: theme_overlay: disabled (operational config); confidence: 모델 메타 점수 (calibration 미완), score=NA, label=Experimental, live_score 비반영, research/reference 용도","{""base_score"": 27.7, ""theme_weight"": 0.0, ""weight_source"": ""best_weight_by_regime"", ""regime_applied"": ""neutral"", ""theme"": {""name"": ""반도체장비"", ""confidence"": 0.44, ""contribution"": 0.0}}",confidence_four_axis_v1,1.0,100.0,97.0,26.114532019704434,34.250478490770504,70.76620477854168,57.29590850603587,57.29590850603587,Medium,Medium,Medium,Medium,core signals disagree; current regime fit is weak,"Confidence score is 57.3 (Medium). data_maturity_score=100.0, model_reliability_score=97.0, signal_agreement_score=26.1, regime_fitness_score=34.3. Reason: core signals disagree; current regime fit is weak.",재무 품질 양호와 거래 유동성 양호이 추천 점수를 견인했습니다. 신호 신뢰도 낮음 요인은 함께 점검이 필요합니다.,재무 품질 양호 / 거래 유동성 양호,신호 신뢰도 낮음 / 상위권 진입 확률 약함,신뢰도 Medium: core signals disagree; current regime fit is weak,현재 neutral 체계로 균형형 가중치가 적용됐습니다.,strong_quality_profile,healthy_liquidity_profile,,low_confidence,low_probability_score,재무 품질 양호,거래 유동성 양호,,신호 신뢰도 낮음,상위권 진입 확률 약함,보수적 접근 권장,"{""drivers"": [""strong_quality_profile"", ""healthy_liquidity_profile""], ""driver_texts"": [""재무 품질 양호"", ""거래 유동성 양호""], ""drags"": [""low_confidence"", ""low_probability_score""], ""drag_texts"": [""신호 신뢰도 낮음"", ""상위권 진입 확률 약함""], ""confidence_label"": ""Medium"", ""confidence_reason"": ""core signals disagree; current regime fit is weak"", ""regime"": ""neutral"", ""weight_profile"": ""neutral_service_balanced"", ""regime_reason"": ""met_conditions=close_gt_ma20,ma20_gt_ma60,recent_20d_return_gt_0.03; true_count=3; breadth_20d=0.527; recent_20d_return=0.0468; ma60=5370.97; volatility_risk_flag=True"", ""action_note"": ""보수적 접근 권장"", ""component_snapshot"": {""ret_score"": 19.16, ""prob_score"": 7.88, ""qual_score"": 100.0, ""tech_score"": 54.97, ""valuation_score"": 50.0, ""risk_penalty"": 18.0, ""live_score"": 27.67, ""final_score"": 27.67, ""confidence_score"": 57.3, ""live_rank"": 156.0, ""live_score_source"": ""final_score""}}",156,2026-04-09 11:17:11,
2026-04-08,222800,-0.1702313022455366,-0.1959427871073129,-0.3464403954570642,-0.3958900926560227,0.1588658807573251,0.0458625400424203,0.0,68000.0,19.597989949748744,5,0.0,100.0,0.0753677304462457,0.0657243365303104,829437.9,2071095.0,0.275797373358349,0.2136897059479718,63.53158669957072,2.4969862119876605,55780.0,56027.5,53655.0,0.2854442344045369,0.0862619808306708,심텍,KOSDAQ,전자장비와기기,,,AI서버기판,79.375,0.7105019160583941,79.375,79.375,79.375,0.3,,56.39608958713503,True,False,2026-04-08,5872.34,5523.437,0.0407581147205317,-8114.961149999988,neutral,"met_conditions=close_gt_ma20,ma20_gt_ma60,recent_20d_return_gt_0.03; true_count=3; breadth_20d=0.527; recent_20d_return=0.0468; ma60=5370.97; volatility_risk_flag=True",0.2136897059479718,55.0,76.76108374384236,0.24760496511133487,0.0862619808306708,0.275797373358349,92.93682660085857,95.89430517238213,0.0753677304462457,0.0657243365303104,12.31527093596059,829437.9,2071095.0,89.16256157635469,77.83251231527095,1.0,72.42877035713178,feature_v1,4.926108374384237,0.04926108374384237,0.04926108374384237,7.8817733990147785,0.07881773399014778,0.07881773399014778,5.8128078817733995,5.8128078817733995,6.108374384236454,False,15.886588075732512,0.6354679802955665,63.54679802955665,19.597989949748744,19.696969696969695,1.0,1.0,19.696969696969695,19.696969696969695,95.07389162561576,80.29556650246306,12.31527093596059,77.83251231527095,50.0,5.8128078817733995,63.54679802955665,72.42877035713178,ranking_builder_v8_return_prob_tech_regime,False,False,False,False,False,False,False,False,False,False,False,False,0,18.0,0.3662202743366476,neutral_service_balanced,0.24,0.24,0.32,0.32,0.26,0.26,0.18,0.18,0.65,0.0,0.0,27.610625441018385,27.610625441018385,1.0,False,False,1.0,False,27.610625441018385,157,v2,0.0,best_weight_by_regime,neutral,0.0,1.0,27.610625441018385,27.610625441018385,0.0,27.610625441018385,0.0,0.0,,,,,,,,,,,,,,,,,False,False,,,,,False,,,,,10.0,True,17.610625441018385,173,157,final_score,27.610625441018385,157,157,17.38290488571163,1.860098522167488,16.52216748768473,3.545454545454545,0.0,0.0,0.0,0.0,-11.700000000000001,1.860098522167488,16.52216748768473,17.38290488571163,3.545454545454545,0.0,0.0,0.0,-11.700000000000001,39.31062544101839,Tech flow score,17.38290488571163,Risk penalty,-11.700000000000001,"요약: live_score 27.6 | live_score_source=final_score | regime=neutral | dominant_driver=tech (Tech flow score 17.4) | top_positive_factor=Tech flow score (17.4) | top_negative_factor=Risk penalty (-11.7)
핵심 driver: Tech flow score (tech_score) contribution 17.4, score 72.4; Top-bucket probability score (prob_score) contribution 16.5, score 63.5; Financial quality score (qual_score) contribution 3.5, score 19.7
리스크 요인: top_negative_factor=Risk penalty (-11.7); risk_penalty 18.0
운영 상태: theme_overlay: disabled (operational config); confidence: 모델 메타 점수 (calibration 미완), score=NA, label=Experimental, live_score 비반영, research/reference 용도","{""base_score"": 27.6, ""theme_weight"": 0.0, ""weight_source"": ""best_weight_by_regime"", ""regime_applied"": ""neutral"", ""theme"": {""name"": ""AI서버기판"", ""confidence"": 0.71, ""contribution"": 0.0}}",confidence_four_axis_v1,1.0,100.0,97.0,45.01521125739249,34.51608695693165,75.53121585788786,64.90930189434333,64.90930189434333,Medium,Medium,Medium,Medium,core signals disagree; current regime fit is weak,"Confidence score is 64.9 (Medium). data_maturity_score=100.0, model_reliability_score=97.0, signal_agreement_score=45.0, regime_fitness_score=34.5. Reason: core signals disagree; current regime fit is weak.",추세 구조 양호와 거래 유동성 양호이 추천 점수를 견인했습니다. 기대수익 매력 낮음 요인은 함께 점검이 필요합니다.,추세 구조 양호 / 거래 유동성 양호,기대수익 매력 낮음 / 방어력 약함,신뢰도 Medium: core signals disagree; current regime fit is weak,현재 neutral 체계로 균형형 가중치가 적용됐습니다.,high_tech_score,healthy_liquidity_profile,,weak_ret_score,weak_safety_score,추세 구조 양호,거래 유동성 양호,,기대수익 매력 낮음,방어력 약함,추가 확인 후 판단,"{""drivers"": [""high_tech_score"", ""healthy_liquidity_profile""], ""driver_texts"": [""추세 구조 양호"", ""거래 유동성 양호""], ""drags"": [""weak_ret_score"", ""weak_safety_score""], ""drag_texts"": [""기대수익 매력 낮음"", ""방어력 약함""], ""confidence_label"": ""Medium"", ""confidence_reason"": ""core signals disagree; current regime fit is weak"", ""regime"": ""neutral"", ""weight_profile"": ""neutral_service_balanced"", ""regime_reason"": ""met_conditions=close_gt_ma20,ma20_gt_ma60,recent_20d_return_gt_0.03; true_count=3; breadth_20d=0.527; recent_20d_return=0.0468; ma60=5370.97; volatility_risk_flag=True"", ""action_note"": ""추가 확인 후 판단"", ""component_snapshot"": {""ret_score"": 5.81, ""prob_score"": 63.55, ""qual_score"": 19.7, ""tech_score"": 72.43, ""valuation_score"": 50.0, ""risk_penalty"": 18.0, ""live_score"": 27.61, ""final_score"": 27.61, ""confidence_score"": 64.91, ""live_rank"": 157.0, ""live_score_source"": ""final_score""}}",157,2026-04-09 11:17:11,
2026-04-08,180640,-0.012059429415951,0.0242475587816204,-0.2863699060833546,-0.3157052536074921,0.139463931591455,0.1524359304508721,0.0,114700.0,27.63819095477387,3,0.4,75.0,0.0466055317738239,0.0525728779021174,123533.0,197272.0,-0.048922056384743,-0.0202861413623745,47.04473211753714,1.5969174228748593,109920.0,117075.0,124335.0,-0.0196581196581197,-0.0947119179163378,한진칼,KOSPI,자동차/모빌리티,,,,0.0,0.0,,0.0,,0.3,mapping_missing,0.0,False,False,2026-04-08,5872.34,5523.437,0.0407581147205317,-8114.961149999988,neutral,"met_conditions=close_gt_ma20,ma20_gt_ma60,recent_20d_return_gt_0.03; true_count=3; breadth_20d=0.527; recent_20d_return=0.0468; ma60=5370.97; volatility_risk_flag=True",-0.0202861413623745,15.0,25.972906403940886,-0.0196581196581197,-0.0947119179163378,-0.048922056384743,74.08946423507427,41.92138083709369,0.0466055317738239,0.0525728779021174,44.58128078817734,123533.0,197272.0,44.66338259441707,16.25615763546798,0.9,34.27210688486678,feature_v1,37.4384236453202,0.37438423645320196,0.37438423645320196,45.812807881773395,0.458128078817734,0.458128078817734,39.95073891625616,39.95073891625616,40.78817733990148,False,13.9463931591455,0.5615763546798029,56.15763546798029,27.63819095477387,27.77777777777778,0.8375,0.78,18.145833333333336,18.145833333333336,58.128078817733986,52.70935960591133,44.58128078817734,16.25615763546798,50.0,39.95073891625616,56.15763546798029,34.27210688486678,ranking_builder_v8_return_prob_tech_regime,False,False,False,False,False,False,False,False,False,False,False,False,0,17.77248541116115,0.2981040450930096,neutral_service_balanced,0.24,0.24,0.32,0.32,0.26,0.26,0.18,0.18,0.65,0.0,0.0,27.324661809990126,27.324661809990126,1.0,False,False,1.0,False,27.324661809990126,158,v2,0.0,best_weight_by_regime,neutral,0.0,1.0,27.324661809990126,27.324661809990126,0.0,27.324661809990126,0.0,0.0,,,,,,,,,,,,,,,,,False,False,,,,,False,,,,,10.0,True,17.324661809990126,175,158,final_score,27.324661809990126,158,158,8.225305652368027,12.78423645320197,14.600985221674877,3.2662500000000003,0.0,0.0,0.0,0.0,-11.552115517254748,12.78423645320197,14.600985221674877,8.225305652368027,3.2662500000000003,0.0,0.0,0.0,-11.552115517254748,38.876777327244874,Top-bucket probability score,14.600985221674877,Risk penalty,-11.552115517254748,"요약: live_score 27.3 | live_score_source=final_score | regime=neutral | dominant_driver=prob (Top-bucket probability score 14.6) | top_positive_factor=Top-bucket probability score (14.6) | top_negative_factor=Risk penalty (-11.6)
핵심 driver: Top-bucket probability score (prob_score) contribution 14.6, score 56.2; Primary prediction score (ret_score) contribution 12.8, score 40.0; Tech flow score (tech_score) contribution 8.2, score 34.3
리스크 요인: top_negative_factor=Risk penalty (-11.6); risk_penalty 17.8
운영 상태: theme_overlay: disabled (operational config); confidence: 모델 메타 점수 (calibration 미완), score=NA, label=Experimental, live_score 비반영, research/reference 용도","{""base_score"": 27.3, ""theme_weight"": 0.0, ""weight_source"": ""best_weight_by_regime"", ""regime_applied"": ""neutral"", ""theme"": {""name"": ""(none)"", ""confidence"": 0.0, ""contribution"": 0.0}}",confidence_four_axis_v1,1.0,91.25,95.5,31.09645935960591,34.573470511732914,68.98513541666142,55.853277846188945,55.853277846188945,Medium,Medium,Medium,Medium,core signals disagree; current regime fit is weak,"Confidence score is 55.9 (Medium). data_maturity_score=91.2, model_reliability_score=95.5, signal_agreement_score=31.1, regime_fitness_score=34.6. Reason: core signals disagree; current regime fit is weak.",뚜렷한 추천 강점은 제한적입니다. 신호 신뢰도 낮음 요인은 함께 점검이 필요합니다.,뚜렷한 강점 제한적,신호 신뢰도 낮음 / 거래 유동성 부족,신뢰도 Medium: core signals disagree; current regime fit is weak,현재 neutral 체계로 균형형 가중치가 적용됐습니다.,,,,low_confidence,low_liquidity_score,,,,신호 신뢰도 낮음,거래 유동성 부족,보수적 접근 권장,"{""drivers"": [], ""driver_texts"": [], ""drags"": [""low_confidence"", ""low_liquidity_score""], ""drag_texts"": [""신호 신뢰도 낮음"", ""거래 유동성 부족""], ""confidence_label"": ""Medium"", ""confidence_reason"": ""core signals disagree; current regime fit is weak"", ""regime"": ""neutral"", ""weight_profile"": ""neutral_service_balanced"", ""regime_reason"": ""met_conditions=close_gt_ma20,ma20_gt_ma60,recent_20d_return_gt_0.03; true_count=3; breadth_20d=0.527; recent_20d_return=0.0468; ma60=5370.97; volatility_risk_flag=True"", ""action_note"": ""보수적 접근 권장"", ""component_snapshot"": {""ret_score"": 39.95, ""prob_score"": 56.16, ""qual_score"": 18.15, ""tech_score"": 34.27, ""valuation_score"": 50.0, ""risk_penalty"": 17.77, ""live_score"": 27.32, ""final_score"": 27.32, ""confidence_score"": 55.85, ""live_rank"": 158.0, ""live_score_source"": ""final_score""}}",158,2026-04-09 11:17:11,
2026-04-08,319660,-0.1510516561761997,-0.2815741287176826,-0.3424932514588913,-0.3550961032645261,0.0652283975650454,0.0206313573973363,0.0,84900.0,92.46231155778896,5,0.0,100.0,0.0580904369767139,0.0685888923241713,445091.6,431956.0,0.4463373083475297,0.0815975539843301,60.62282771280243,0.9704878726086944,79100.0,78495.0,61978.333333333336,-0.0173611111111111,0.0083135391923989,피에스케이,KOSDAQ,반도체와반도체장비,,,HBM,36.13125,0.4302033759124087,36.13125,36.13125,36.13125,0.3,,15.543785725935217,True,False,2026-04-08,5872.34,5523.437,0.0407581147205317,-8114.961149999988,neutral,"met_conditions=close_gt_ma20,ma20_gt_ma60,recent_20d_return_gt_0.03; true_count=3; breadth_20d=0.527; recent_20d_return=0.0468; ma60=5370.97; volatility_risk_flag=True",0.0815975539843301,100.0,94.82758620689656,-0.0173611111111111,0.0083135391923989,0.4463373083475297,98.75434457439513,75.1811969810372,0.0580904369767139,0.0685888923241713,17.241379310344826,445091.6,431956.0,48.93267651888342,55.66502463054187,1.0,65.54987214533347,feature_v1,6.403940886699508,0.06403940886699508,0.06403940886699508,2.955665024630542,0.029556650246305417,0.029556650246305417,5.369458128078818,5.369458128078818,5.024630541871922,False,6.522839756504541,0.18719211822660098,18.7192118226601,92.46231155778896,92.42424242424242,1.0,1.0,92.42424242424242,92.42424242424242,80.78817733990148,84.72906403940887,17.241379310344826,55.66502463054187,50.0,5.369458128078818,18.7192118226601,65.54987214533347,ranking_builder_v8_return_prob_tech_regime,False,False,False,False,False,False,False,False,False,False,False,False,0,18.0,0.34753439218114524,neutral_service_balanced,0.24,0.24,0.32,0.32,0.26,0.26,0.18,0.18,0.65,0.0,0.0,27.25355462612052,27.25355462612052,1.0,False,False,1.0,False,27.25355462612052,159,v2,0.0,best_weight_by_regime,neutral,0.0,1.0,27.25355462612052,27.25355462612052,0.0,27.25355462612052,0.0,0.0,,,,,,,,,,,,,,,,,False,False,,,,,False,,,,,4.0,True,23.25355462612052,154,159,final_score,27.25355462612052,159,159,15.73196931488003,1.7182266009852216,4.866995073891626,16.636363636363637,0.0,0.0,0.0,0.0,-11.700000000000001,1.7182266009852216,4.866995073891626,15.73196931488003,16.636363636363637,0.0,0.0,0.0,-11.700000000000001,38.953554626120514,Financial quality score,16.636363636363637,Risk penalty,-11.700000000000001,"요약: live_score 27.3 | live_score_source=final_score | regime=neutral | dominant_driver=tech (Tech flow score 15.7) | top_positive_factor=Financial quality score (16.6) | top_negative_factor=Risk penalty (-11.7)
핵심 driver: Financial quality score (qual_score) contribution 16.6, score 92.4; Tech flow score (tech_score) contribution 15.7, score 65.5; Top-bucket probability score (prob_score) contribution 4.9, score 18.7
리스크 요인: top_negative_factor=Risk penalty (-11.7); risk_penalty 18.0
운영 상태: theme_overlay: disabled (operational config); confidence: 모델 메타 점수 (calibration 미완), score=NA, label=Experimental, live_score 비반영, research/reference 용도","{""base_score"": 27.3, ""theme_weight"": 0.0, ""weight_source"": ""best_weight_by_regime"", ""regime_applied"": ""neutral"", ""theme"": {""name"": ""HBM"", ""confidence"": 0.43, ""contribution"": 0.0}}",confidence_four_axis_v1,1.0,100.0,97.0,38.88356471115092,33.893912330245975,73.90497802732463,62.33220835050956,62.33220835050956,Medium,Medium,Medium,Medium,core signals disagree; current regime fit is weak,"Confidence score is 62.3 (Medium). data_maturity_score=100.0, model_reliability_score=97.0, signal_agreement_score=38.9, regime_fitness_score=33.9. Reason: core signals disagree; current regime fit is weak.",재무 품질 양호와 추세 구조 양호이 추천 점수를 견인했습니다. 기대수익 매력 낮음 요인은 함께 점검이 필요합니다.,재무 품질 양호 / 추세 구조 양호,기대수익 매력 낮음 / 방어력 약함,신뢰도 Medium: core signals disagree; current regime fit is weak,현재 neutral 체계로 균형형 가중치가 적용됐습니다.,strong_quality_profile,high_tech_score,,weak_ret_score,weak_safety_score,재무 품질 양호,추세 구조 양호,,기대수익 매력 낮음,방어력 약함,추가 확인 후 판단,"{""drivers"": [""strong_quality_profile"", ""high_tech_score""], ""driver_texts"": [""재무 품질 양호"", ""추세 구조 양호""], ""drags"": [""weak_ret_score"", ""weak_safety_score""], ""drag_texts"": [""기대수익 매력 낮음"", ""방어력 약함""], ""confidence_label"": ""Medium"", ""confidence_reason"": ""core signals disagree; current regime fit is weak"", ""regime"": ""neutral"", ""weight_profile"": ""neutral_service_balanced"", ""regime_reason"": ""met_conditions=close_gt_ma20,ma20_gt_ma60,recent_20d_return_gt_0.03; true_count=3; breadth_20d=0.527; recent_20d_return=0.0468; ma60=5370.97; volatility_risk_flag=True"", ""action_note"": ""추가 확인 후 판단"", ""component_snapshot"": {""ret_score"": 5.37, ""prob_score"": 18.72, ""qual_score"": 92.42, ""tech_score"": 65.55, ""valuation_score"": 50.0, ""risk_penalty"": 18.0, ""live_score"": 27.25, ""final_score"": 27.25, ""confidence_score"": 62.33, ""live_rank"": 159.0, ""live_score_source"": ""final_score""}}",159,2026-04-09 11:17:11,
2026-04-08,196170,-0.1036898232195039,-0.3548808078467437,-0.3414589022223203,-0.4572664560289883,0.0311883411844561,0.0027498583909778,0.0,374500.0,98.99497487437183,5,0.0,100.0,0.0408830962094971,0.0542437535812323,336881.8,362154.0,0.0402777777777778,0.0428123912286808,52.22403566115455,1.075018003347168,361600.0,359125.0,392575.0,0.0402777777777778,0.0446304044630403,알테오젠,KOSDAQ,바이오/제약,,,바이오,21.796875,0.4283811131386861,21.796875,21.796875,21.796875,0.3,,9.337369575444798,True,False,2026-04-08,5872.34,5523.437,0.0407581147205317,-8114.961149999988,neutral,"met_conditions=close_gt_ma20,ma20_gt_ma60,recent_20d_return_gt_0.03; true_count=3; breadth_20d=0.527; recent_20d_return=0.0468; ma60=5370.97; volatility_risk_flag=True",0.0428123912286808,75.0,74.19950738916256,0.0402777777777778,0.0446304044630403,0.0402777777777778,84.4480713223091,78.74748581087285,0.0408830962094971,0.0542437535812323,50.49261083743843,336881.8,362154.0,48.76847290640395,46.79802955665024,1.0,67.23526535400255,feature_v1,13.30049261083744,0.1330049261083744,0.1330049261083744,1.477832512315271,0.014778325123152709,0.014778325123152709,9.753694581280788,9.753694581280788,8.571428571428571,False,3.1188341184456103,0.06896551724137931,6.896551724137931,98.99497487437183,98.98989898989899,1.0,1.0,98.98989898989899,98.98989898989899,41.87192118226601,57.14285714285714,50.49261083743843,46.79802955665024,50.0,9.753694581280788,6.896551724137931,67.23526535400255,ranking_builder_v8_return_prob_tech_regime,False,False,False,False,False,False,False,False,False,False,False,False,0,18.0,0.3877819237449875,neutral_service_balanced,0.24,0.24,0.32,0.32,0.26,0.26,0.18,0.18,0.65,0.0,0.0,27.16893121742814,27.16893121742814,1.0,False,False,1.0,False,27.16893121742814,160,v2,0.0,best_weight_by_regime,neutral,0.0,1.0,27.16893121742814,27.16893121742814,0.0,27.16893121742814,0.0,0.0,,,,,,,,,,,,,,,,,False,False,,,,,False,,,,,4.0,True,23.16893121742814,155,160,final_score,27.16893121742814,160,160,16.13646368496061,3.1211822660098525,1.793103448275862,17.818181818181817,0.0,0.0,0.0,0.0,-11.700000000000001,3.1211822660098525,1.793103448275862,16.13646368496061,17.818181818181817,0.0,0.0,0.0,-11.700000000000001,38.86893121742814,Financial quality score,17.818181818181817,Risk penalty,-11.700000000000001,"요약: live_score 27.2 | live_score_source=final_score | regime=neutral | dominant_driver=tech (Tech flow score 16.1) | top_positive_factor=Financial quality score (17.8) | top_negative_factor=Risk penalty (-11.7)
핵심 driver: Financial quality score (qual_score) contribution 17.8, score 99.0; Tech flow score (tech_score) contribution 16.1, score 67.2; Primary prediction score (ret_score) contribution 3.1, score 9.8
리스크 요인: top_negative_factor=Risk penalty (-11.7); risk_penalty 18.0
운영 상태: theme_overlay: disabled (operational config); confidence: 모델 메타 점수 (calibration 미완), score=NA, label=Experimental, live_score 비반영, research/reference 용도","{""base_score"": 27.2, ""theme_weight"": 0.0, ""weight_source"": ""best_weight_by_regime"", ""regime_applied"": ""neutral"", ""theme"": {""name"": ""바이오"", ""confidence"": 0.43, ""contribution"": 0.0}}",confidence_four_axis_v1,1.0,100.0,97.0,37.37199582027168,33.671643805736075,73.49374552592832,61.68312708925589,61.68312708925589,Medium,Medium,Medium,Medium,core signals disagree; current regime fit is weak,"Confidence score is 61.7 (Medium). data_maturity_score=100.0, model_reliability_score=97.0, signal_agreement_score=37.4, regime_fitness_score=33.7. Reason: core signals disagree; current regime fit is weak.",재무 품질 양호와 추세 구조 양호이 추천 점수를 견인했습니다. 상위권 진입 확률 약함 요인은 함께 점검이 필요합니다.,재무 품질 양호 / 추세 구조 양호,상위권 진입 확률 약함 / 기대수익 매력 낮음,신뢰도 Medium: core signals disagree; current regime fit is weak,현재 neutral 체계로 균형형 가중치가 적용됐습니다.,strong_quality_profile,high_tech_score,,low_probability_score,weak_ret_score,재무 품질 양호,추세 구조 양호,,상위권 진입 확률 약함,기대수익 매력 낮음,추가 확인 후 판단,"{""drivers"": [""strong_quality_profile"", ""high_tech_score""], ""driver_texts"": [""재무 품질 양호"", ""추세 구조 양호""], ""drags"": [""low_probability_score"", ""weak_ret_score""], ""drag_texts"": [""상위권 진입 확률 약함"", ""기대수익 매력 낮음""], ""confidence_label"": ""Medium"", ""confidence_reason"": ""core signals disagree; current regime fit is weak"", ""regime"": ""neutral"", ""weight_profile"": ""neutral_service_balanced"", ""regime_reason"": ""met_conditions=close_gt_ma20,ma20_gt_ma60,recent_20d_return_gt_0.03; true_count=3; breadth_20d=0.527; recent_20d_return=0.0468; ma60=5370.97; volatility_risk_flag=True"", ""action_note"": ""추가 확인 후 판단"", ""component_snapshot"": {""ret_score"": 9.75, ""prob_score"": 6.9, ""qual_score"": 98.99, ""tech_score"": 67.24, ""valuation_score"": 50.0, ""risk_penalty"": 18.0, ""live_score"": 27.17, ""final_score"": 27.17, ""confidence_score"": 61.68, ""live_rank"": 160.0, ""live_score_source"": ""final_score""}}",160,2026-04-09 11:17:11,
2026-04-08,166090,-0.1008816556775303,-0.1398979730535519,-0.3279516333096809,-0.3569769180576492,0.1071149094170841,0.0667204614288703,0.0,60800.0,75.37688442211056,5,0.0,100.0,0.051944454354255,0.0588157267392469,214777.8,200353.0,-0.0113821138211381,0.0113948265823837,51.30622132387046,0.9328384963436632,56880.0,60115.0,59543.333333333336,-0.0602782071097373,-0.0529595015576324,하나머티리얼즈,KOSDAQ,반도체와반도체장비,,,,0.0,0.0,,0.0,,0.3,mapping_missing,0.0,False,False,2026-04-08,5872.34,5523.437,0.0407581147205317,-8114.961149999988,neutral,"met_conditions=close_gt_ma20,ma20_gt_ma60,recent_20d_return_gt_0.03; true_count=3; breadth_20d=0.527; recent_20d_return=0.0468; ma60=5370.97; volatility_risk_flag=True",0.0113948265823837,55.0,54.34729064039409,-0.0602782071097373,-0.0529595015576324,-0.0113821138211381,82.61244264774092,46.88463775553129,0.051944454354255,0.0588157267392469,32.01970443349754,214777.8,200353.0,30.213464696223316,32.01970443349754,1.0,43.64977099768718,feature_v1,13.793103448275861,0.13793103448275862,0.13793103448275862,14.77832512315271,0.1477832512315271,0.1477832512315271,14.088669950738916,14.088669950738916,14.187192118226601,False,10.71149094170841,0.39408866995073893,39.40886699507389,75.37688442211056,75.25252525252525,1.0,1.0,75.25252525252525,75.25252525252525,69.45812807881774,66.50246305418719,32.01970443349754,32.01970443349754,50.0,14.088669950738916,39.40886699507389,43.64977099768718,ranking_builder_v8_return_prob_tech_regime,False,False,False,False,False,False,False,False,False,False,False,False,0,18.0,0.3395617472088682,neutral_service_balanced,0.24,0.24,0.32,0.32,0.26,0.26,0.18,0.18,0.65,0.0,0.0,27.07607938785513,27.07607938785513,1.0,False,False,1.0,False,27.07607938785513,161,v2,0.0,best_weight_by_regime,neutral,0.0,1.0,27.07607938785513,27.07607938785513,0.0,27.07607938785513,0.0,0.0,,,,,,,,,,,,,,,,,False,False,,,,,False,,,,,4.0,True,23.07607938785513,156,161,final_score,27.07607938785513,161,161,10.475945039444921,4.508374384236453,10.246305418719212,13.545454545454543,0.0,0.0,0.0,0.0,-11.700000000000001,4.508374384236453,10.246305418719212,10.475945039444921,13.545454545454543,0.0,0.0,0.0,-11.700000000000001,38.776079387855134,Financial quality score,13.545454545454543,Risk penalty,-11.700000000000001,"요약: live_score 27.1 | live_score_source=final_score | regime=neutral | dominant_driver=tech (Tech flow score 10.5) | top_positive_factor=Financial quality score (13.5) | top_negative_factor=Risk penalty (-11.7)
핵심 driver: Financial quality score (qual_score) contribution 13.5, score 75.3; Tech flow score (tech_score) contribution 10.5, score 43.6; Top-bucket probability score (prob_score) contribution 10.2, score 39.4
리스크 요인: top_negative_factor=Risk penalty (-11.7); risk_penalty 18.0
운영 상태: theme_overlay: disabled (operational config); confidence: 모델 메타 점수 (calibration 미완), score=NA, label=Experimental, live_score 비반영, research/reference 용도","{""base_score"": 27.1, ""theme_weight"": 0.0, ""weight_source"": ""best_weight_by_regime"", ""regime_applied"": ""neutral"", ""theme"": {""name"": ""(none)"", ""confidence"": 0.0, ""contribution"": 0.0}}",confidence_four_axis_v1,1.0,100.0,97.0,41.6508434094641,34.17331390496611,74.63870793811093,63.495000144778864,63.495000144778864,Medium,Medium,Medium,Medium,core signals disagree; current regime fit is weak,"Confidence score is 63.5 (Medium). data_maturity_score=100.0, model_reliability_score=97.0, signal_agreement_score=41.7, regime_fitness_score=34.2. Reason: core signals disagree; current regime fit is weak.",재무 품질 양호이 추천 점수를 견인했습니다. 기대수익 매력 낮음 요인은 함께 점검이 필요합니다.,재무 품질 양호,기대수익 매력 낮음 / 예상 손실 폭 부담 큼,신뢰도 Medium: core signals disagree; current regime fit is weak,현재 neutral 체계로 균형형 가중치가 적용됐습니다.,strong_quality_profile,,,weak_ret_score,very_high_risk_penalty,재무 품질 양호,,,기대수익 매력 낮음,예상 손실 폭 부담 큼,추가 확인 후 판단,"{""drivers"": [""strong_quality_profile""], ""driver_texts"": [""재무 품질 양호""], ""drags"": [""weak_ret_score"", ""very_high_risk_penalty""], ""drag_texts"": [""기대수익 매력 낮음"", ""예상 손실 폭 부담 큼""], ""confidence_label"": ""Medium"", ""confidence_reason"": ""core signals disagree; current regime fit is weak"", ""regime"": ""neutral"", ""weight_profile"": ""neutral_service_balanced"", ""regime_reason"": ""met_conditions=close_gt_ma20,ma20_gt_ma60,recent_20d_return_gt_0.03; true_count=3; breadth_20d=0.527; recent_20d_return=0.0468; ma60=5370.97; volatility_risk_flag=True"", ""action_note"": ""추가 확인 후 판단"", ""component_snapshot"": {""ret_score"": 14.09, ""prob_score"": 39.41, ""qual_score"": 75.25, ""tech_score"": 43.65, ""valuation_score"": 50.0, ""risk_penalty"": 18.0, ""live_score"": 27.08, ""final_score"": 27.08, ""confidence_score"": 63.5, ""live_rank"": 161.0, ""live_score_source"": ""final_score""}}",161,2026-04-09 11:17:11,
2026-04-08,454910,0.0337602809366184,0.1129885953544216,-0.2814285224817984,-0.3353300394452066,0.0612660922316549,0.0324089593473794,0.0,88700.0,42.21105527638191,2,0.6,35.0,0.0389889206942001,0.0525362302085855,198865.7,262786.0,-0.022050716648291,0.0315752747572251,51.02796497375206,1.3214244588181874,83340.0,85985.0,97118.33333333331,0.0484633569739951,-0.0011261261261261,두산로보틱스,KOSPI,기계/중공업·방산,,,,0.0,0.0,,0.0,,0.3,mapping_missing,0.0,False,False,2026-04-08,5872.34,5523.437,0.0407581147205317,-8114.961149999988,neutral,"met_conditions=close_gt_ma20,ma20_gt_ma60,recent_20d_return_gt_0.03; true_count=3; breadth_20d=0.527; recent_20d_return=0.0468; ma60=5370.97; volatility_risk_flag=True",0.0315752747572251,55.0,61.49014778325123,0.0484633569739951,-0.0011261261261261,-0.022050716648291,82.05592994750413,68.54353913712234,0.0389889206942001,0.0525362302085855,56.896551724137936,198865.7,262786.0,48.768472906403936,30.049261083743843,1.0,61.13186431375636,feature_v1,48.76847290640394,0.4876847290640394,0.4876847290640394,56.15763546798029,0.5615763546798029,0.5615763546798029,50.98522167487685,50.98522167487685,51.72413793103448,False,6.12660922316549,0.17733990147783252,17.733990147783253,42.21105527638191,42.42424242424242,0.5774999999999999,0.6699999999999999,16.414999999999992,16.414999999999992,34.48275862068966,51.724137931034484,56.896551724137936,30.049261083743843,50.0,50.98522167487685,17.733990147783253,61.13186431375636,ranking_builder_v8_return_prob_tech_regime,False,False,False,False,False,False,False,False,False,False,False,False,0,18.0,0.3029891292671617,neutral_service_balanced,0.24,0.24,0.32,0.32,0.26,0.26,0.18,0.18,0.65,0.0,0.0,26.852455809685758,26.852455809685758,1.0,False,False,1.0,False,26.852455809685758,162,v2,0.0,best_weight_by_regime,neutral,0.0,1.0,26.852455809685758,26.852455809685758,0.0,26.852455809685758,0.0,0.0,,,,,,,,,,,,,,,,,False,False,,,,,False,,,,,10.0,True,16.852455809685758,177,162,final_score,26.852455809685758,162,162,14.671647435301526,16.31527093596059,4.610837438423646,2.9546999999999985,0.0,0.0,0.0,0.0,-11.700000000000001,16.31527093596059,4.610837438423646,14.671647435301526,2.9546999999999985,0.0,0.0,0.0,-11.700000000000001,38.55245580968576,Primary prediction score,16.31527093596059,Risk penalty,-11.700000000000001,"요약: live_score 26.9 | live_score_source=final_score | regime=neutral | dominant_driver=ret (Primary prediction score 16.3) | top_positive_factor=Primary prediction score (16.3) | top_negative_factor=Risk penalty (-11.7)
핵심 driver: Primary prediction score (ret_score) contribution 16.3, score 51.0; Tech flow score (tech_score) contribution 14.7, score 61.1; Top-bucket probability score (prob_score) contribution 4.6, score 17.7
리스크 요인: top_negative_factor=Risk penalty (-11.7); risk_penalty 18.0
운영 상태: theme_overlay: disabled (operational config); confidence: 모델 메타 점수 (calibration 미완), score=NA, label=Experimental, live_score 비반영, research/reference 용도","{""base_score"": 26.9, ""theme_weight"": 0.0, ""weight_source"": ""best_weight_by_regime"", ""regime_applied"": ""neutral"", ""theme"": {""name"": ""(none)"", ""confidence"": 0.0, ""contribution"": 0.0}}",confidence_four_axis_v1,1.0,77.25,97.0,40.33494070587309,33.38479256718477,67.366454061546,53.71093479578619,53.71093479578619,Medium,Medium,Medium,Medium,core signals disagree; current regime fit is weak,"Confidence score is 53.7 (Medium). data_maturity_score=77.2, model_reliability_score=97.0, signal_agreement_score=40.3, regime_fitness_score=33.4. Reason: core signals disagree; current regime fit is weak.",뚜렷한 추천 강점은 제한적입니다. 재무 데이터 일부 부족 요인은 함께 점검이 필요합니다.,뚜렷한 강점 제한적,재무 데이터 일부 부족 / 신호 신뢰도 낮음,신뢰도 Medium: core signals disagree; current regime fit is weak,현재 neutral 체계로 균형형 가중치가 적용됐습니다.,,,,partial_quality_coverage,low_confidence,,,,재무 데이터 일부 부족,신호 신뢰도 낮음,추가 확인 후 판단,"{""drivers"": [], ""driver_texts"": [], ""drags"": [""partial_quality_coverage"", ""low_confidence""], ""drag_texts"": [""재무 데이터 일부 부족"", ""신호 신뢰도 낮음""], ""confidence_label"": ""Medium"", ""confidence_reason"": ""core signals disagree; current regime fit is weak"", ""regime"": ""neutral"", ""weight_profile"": ""neutral_service_balanced"", ""regime_reason"": ""met_conditions=close_gt_ma20,ma20_gt_ma60,recent_20d_return_gt_0.03; true_count=3; breadth_20d=0.527; recent_20d_return=0.0468; ma60=5370.97; volatility_risk_flag=True"", ""action_note"": ""추가 확인 후 판단"", ""component_snapshot"": {""ret_score"": 50.99, ""prob_score"": 17.73, ""qual_score"": 16.41, ""tech_score"": 61.13, ""valuation_score"": 50.0, ""risk_penalty"": 18.0, ""live_score"": 26.85, ""final_score"": 26.85, ""confidence_score"": 53.71, ""live_rank"": 162.0, ""live_score_source"": ""final_score""}}",162,2026-04-09 11:17:11,
2026-04-08,105560,-0.0816749455354076,-0.0880844264351511,-0.2260083570667529,-0.2109762849902013,0.0721558457002795,0.0167682643533163,0.0,156000.0,28.39195979899497,1,0.8,15.0,0.0279634051339545,0.0312854152031147,1139160.35,1252002.0,0.0310641110376734,0.0440369428456699,57.26157953216761,1.099056862363582,148520.0,149420.0,147013.33333333334,0.0519217801753202,0.0441767068273093,KB금융,KOSPI,금융,,,,0.0,0.0,,0.0,,0.3,mapping_missing,0.0,False,False,2026-04-08,5872.34,5523.437,0.0407581147205317,-8114.961149999988,neutral,"met_conditions=close_gt_ma20,ma20_gt_ma60,recent_20d_return_gt_0.03; true_count=3; breadth_20d=0.527; recent_20d_return=0.0468; ma60=5370.97; volatility_risk_flag=True",0.0440369428456699,55.0,64.9384236453202,0.0519217801753202,0.0441767068273093,0.0310641110376734,94.52315906433522,82.49778483997544,0.0279634051339545,0.0312854152031147,90.64039408866995,1139160.35,1252002.0,72.2495894909688,83.2512315270936,1.0,77.32126902896678,feature_v1,19.704433497536947,0.19704433497536947,0.19704433497536947,22.660098522167488,0.22660098522167488,0.22660098522167488,20.59113300492611,20.59113300492611,20.88669950738916,False,7.21558457002795,0.21674876847290642,21.67487684729064,28.39195979899497,28.535353535353536,0.4475,0.5599999999999999,7.150959595959596,7.150959595959596,10.344827586206897,8.374384236453201,90.64039408866995,83.2512315270936,50.0,20.59113300492611,21.67487684729064,77.32126902896678,ranking_builder_v8_return_prob_tech_regime,False,False,False,False,False,False,False,False,False,False,False,False,0,8.399463388335867,0.21999552823613225,neutral_service_balanced,0.24,0.24,0.32,0.32,0.26,0.26,0.18,0.18,0.65,0.0,0.0,26.609256633678363,26.609256633678363,1.0,False,False,1.0,False,26.609256633678363,163,v2,0.0,best_weight_by_regime,neutral,0.0,1.0,26.609256633678363,26.609256633678363,0.0,26.609256633678363,0.0,0.0,,,,,,,,,,,,,,,,,False,False,,,,,False,,,,,6.0,True,20.609256633678363,164,163,final_score,26.609256633678363,163,163,18.557104566952027,6.589162561576355,5.635467980295567,1.2871727272727271,0.0,0.0,0.0,0.0,-5.459651202418314,6.589162561576355,5.635467980295567,18.557104566952027,1.2871727272727271,0.0,0.0,0.0,-5.459651202418314,32.06890783609668,Tech flow score,18.557104566952027,Risk penalty,-5.459651202418314,"요약: live_score 26.6 | live_score_source=final_score | regime=neutral | dominant_driver=tech (Tech flow score 18.6) | top_positive_factor=Tech flow score (18.6) | top_negative_factor=Risk penalty (-5.5)
핵심 driver: Tech flow score (tech_score) contribution 18.6, score 77.3; Primary prediction score (ret_score) contribution 6.6, score 20.6; Top-bucket probability score (prob_score) contribution 5.6, score 21.7
리스크 요인: top_negative_factor=Risk penalty (-5.5); risk_penalty 8.4
운영 상태: theme_overlay: disabled (operational config); confidence: 모델 메타 점수 (calibration 미완), score=NA, label=Experimental, live_score 비반영, research/reference 용도","{""base_score"": 26.6, ""theme_weight"": 0.0, ""weight_source"": ""best_weight_by_regime"", ""regime_applied"": ""neutral"", ""theme"": {""name"": ""(none)"", ""confidence"": 0.0, ""contribution"": 0.0}}",confidence_four_axis_v1,1.0,70.25,97.0,26.44890717009784,33.976252766985375,61.883664707572265,45.47481342143622,45.47481342143622,Medium,Low,Low,Low,core signals disagree; current regime fit is weak,"Confidence score is 45.5 (Low). data_maturity_score=70.2, model_reliability_score=97.0, signal_agreement_score=26.4, regime_fitness_score=34.0. Reason: core signals disagree; current regime fit is weak.",변동성 관리 양호와 추세 구조 양호이 추천 점수를 견인했습니다. 재무 데이터 일부 부족 요인은 함께 점검이 필요합니다.,변동성 관리 양호 / 추세 구조 양호 / 거래 유동성 양호,재무 데이터 일부 부족 / 신호 신뢰도 낮음,신뢰도 Low: core signals disagree; current regime fit is weak,현재 neutral 체계로 균형형 가중치가 적용됐습니다.,strong_safety_profile,high_tech_score,healthy_liquidity_profile,partial_quality_coverage,low_confidence,변동성 관리 양호,추세 구조 양호,거래 유동성 양호,재무 데이터 일부 부족,신호 신뢰도 낮음,추가 확인 후 판단,"{""drivers"": [""strong_safety_profile"", ""high_tech_score"", ""healthy_liquidity_profile""], ""driver_texts"": [""변동성 관리 양호"", ""추세 구조 양호"", ""거래 유동성 양호""], ""drags"": [""partial_quality_coverage"", ""low_confidence""], ""drag_texts"": [""재무 데이터 일부 부족"", ""신호 신뢰도 낮음""], ""confidence_label"": ""Low"", ""confidence_reason"": ""core signals disagree; current regime fit is weak"", ""regime"": ""neutral"", ""weight_profile"": ""neutral_service_balanced"", ""regime_reason"": ""met_conditions=close_gt_ma20,ma20_gt_ma60,recent_20d_return_gt_0.03; true_count=3; breadth_20d=0.527; recent_20d_return=0.0468; ma60=5370.97; volatility_risk_flag=True"", ""action_note"": ""추가 확인 후 판단"", ""component_snapshot"": {""ret_score"": 20.59, ""prob_score"": 21.67, ""qual_score"": 7.15, ""tech_score"": 77.32, ""valuation_score"": 50.0, ""risk_penalty"": 8.4, ""live_score"": 26.61, ""final_score"": 26.61, ""confidence_score"": 45.47, ""live_rank"": 163.0, ""live_score_source"": ""final_score""}}",163,2026-04-09 11:17:11,
2026-04-08,207940,-0.1052285669131131,-0.1165217379240574,-0.2264229769844027,-0.2579731266268147,0.0171646275914241,0.0032533524703561,0.0,1598000.0,94.47236180904522,5,0.0,100.0,0.0244236206695829,0.027108986365,40823.25,52453.0,-0.0356065178032588,0.0141524401853143,49.69387045112524,1.2848805521363438,1575600.0,1575700.0,1696950.0,0.0165394402035623,0.0082018927444795,삼성바이오로직스,KOSPI,바이오/제약,,,바이오,23.4375,0.4458811131386861,23.4375,23.4375,23.4375,0.3,,10.450338589187956,True,False,2026-04-08,5872.34,5523.437,0.0407581147205317,-8114.961149999988,neutral,"met_conditions=close_gt_ma20,ma20_gt_ma60,recent_20d_return_gt_0.03; true_count=3; breadth_20d=0.527; recent_20d_return=0.0468; ma60=5370.97; volatility_risk_flag=True",0.0141524401853143,55.0,55.57881773399015,0.0165394402035623,0.0082018927444795,-0.0356065178032588,79.38774090225048,62.58092537334586,0.0244236206695829,0.027108986365,96.30541871921181,41594.832,52453.0,25.615763546798032,0.9852216748768473,0.72,44.40990058324571,feature_v1,12.807881773399016,0.12807881773399016,0.12807881773399016,17.733990147783253,0.17733990147783252,0.17733990147783252,14.285714285714285,14.285714285714285,14.778325123152712,False,1.71646275914241,0.024630541871921183,2.4630541871921183,94.47236180904522,94.44444444444444,1.0,1.0,94.44444444444444,94.44444444444444,4.433497536945813,2.955665024630542,96.30541871921181,0.49261083743842365,50.0,14.285714285714285,2.4630541871921183,44.40990058324571,ranking_builder_v8_return_prob_tech_regime,False,False,False,False,False,False,False,False,False,False,False,False,0,10.685164420964101,0.23904303684136752,neutral_service_balanced,0.24,0.24,0.32,0.32,0.26,0.26,0.18,0.18,0.65,0.0,0.0,25.924841926450824,25.924841926450824,1.0,False,False,1.0,False,25.924841926450824,164,v2,0.0,best_weight_by_regime,neutral,0.0,1.0,25.924841926450824,25.924841926450824,0.0,25.924841926450824,0.0,0.0,,,,,,,,,,,,,,,,,False,False,,,,,False,,,,,0.0,False,25.924841926450824,140,164,final_score,25.924841926450824,164,164,10.65837613997897,4.571428571428571,0.6403940886699507,17.0,0.0,0.0,0.0,0.0,-6.945356873626666,4.571428571428571,0.6403940886699507,10.65837613997897,17.0,0.0,0.0,0.0,-6.945356873626666,32.87019880007749,Financial quality score,17.0,Risk penalty,-6.945356873626666,"요약: live_score 25.9 | live_score_source=final_score | regime=neutral | dominant_driver=tech (Tech flow score 10.7) | top_positive_factor=Financial quality score (17.0) | top_negative_factor=Risk penalty (-6.9)
핵심 driver: Financial quality score (qual_score) contribution 17.0, score 94.4; Tech flow score (tech_score) contribution 10.7, score 44.4; Primary prediction score (ret_score) contribution 4.6, score 14.3
리스크 요인: top_negative_factor=Risk penalty (-6.9); risk_penalty 10.7
운영 상태: theme_overlay: disabled (operational config); confidence: 모델 메타 점수 (calibration 미완), score=NA, label=Experimental, live_score 비반영, research/reference 용도","{""base_score"": 25.9, ""theme_weight"": 0.0, ""weight_source"": ""best_weight_by_regime"", ""regime_applied"": ""neutral"", ""theme"": {""name"": ""바이오"", ""confidence"": 0.45, ""contribution"": 0.0}}",confidence_four_axis_v1,1.0,100.0,92.8,26.1555829228243,33.46078128537696,69.39801292351262,57.154389426205114,57.154389426205114,Medium,Medium,Medium,Medium,core signals disagree; current regime fit is weak,"Confidence score is 57.2 (Medium). data_maturity_score=100.0, model_reliability_score=92.8, signal_agreement_score=26.2, regime_fitness_score=33.5. Reason: core signals disagree; current regime fit is weak.",재무 품질 양호와 변동성 관리 양호이 추천 점수를 견인했습니다. 신호 신뢰도 낮음 요인은 함께 점검이 필요합니다.,재무 품질 양호 / 변동성 관리 양호,신호 신뢰도 낮음 / 거래 유동성 부족,신뢰도 Medium: core signals disagree; current regime fit is weak,현재 neutral 체계로 균형형 가중치가 적용됐습니다.,strong_quality_profile,strong_safety_profile,,low_confidence,low_liquidity_score,재무 품질 양호,변동성 관리 양호,,신호 신뢰도 낮음,거래 유동성 부족,보수적 접근 권장,"{""drivers"": [""strong_quality_profile"", ""strong_safety_profile""], ""driver_texts"": [""재무 품질 양호"", ""변동성 관리 양호""], ""drags"": [""low_confidence"", ""low_liquidity_score""], ""drag_texts"": [""신호 신뢰도 낮음"", ""거래 유동성 부족""], ""confidence_label"": ""Medium"", ""confidence_reason"": ""core signals disagree; current regime fit is weak"", ""regime"": ""neutral"", ""weight_profile"": ""neutral_service_balanced"", ""regime_reason"": ""met_conditions=close_gt_ma20,ma20_gt_ma60,recent_20d_return_gt_0.03; true_count=3; breadth_20d=0.527; recent_20d_return=0.0468; ma60=5370.97; volatility_risk_flag=True"", ""action_note"": ""보수적 접근 권장"", ""component_snapshot"": {""ret_score"": 14.29, ""prob_score"": 2.46, ""qual_score"": 94.44, ""tech_score"": 44.41, ""valuation_score"": 50.0, ""risk_penalty"": 10.69, ""live_score"": 25.92, ""final_score"": 25.92, ""confidence_score"": 57.15, ""live_rank"": 164.0, ""live_score_source"": ""final_score""}}",164,2026-04-09 11:17:11,
2026-04-08,357780,0.1627221703589971,-0.0641312500265544,-0.3479515525270596,-0.3400227295507041,0.0394822999337936,0.0646173013558757,0.0,412000.0,62.8140703517588,3,0.4,75.0,0.0463468310777383,0.0677948337719955,41571.35,72539.0,-0.0678733031674208,0.0180380528786756,52.09996566039524,1.7449276965987393,382100.0,404700.0,395175.0,0.0404040404040404,-0.0143540669856458,솔브레인,KOSDAQ,반도체,,,,0.0,0.0,,0.0,,0.3,mapping_missing,0.0,False,False,2026-04-08,5872.34,5523.437,0.0407581147205317,-8114.961149999988,neutral,"met_conditions=close_gt_ma20,ma20_gt_ma60,recent_20d_return_gt_0.03; true_count=3; breadth_20d=0.527; recent_20d_return=0.0468; ma60=5370.97; volatility_risk_flag=True",0.0180380528786756,55.0,57.79556650246306,0.0404040404040404,-0.0143540669856458,-0.0678733031674208,84.19993132079048,61.32091879078875,0.0463468310777383,0.0677948337719955,29.802955665024637,41594.832,72539.0,33.16912972085386,0.9852216748768473,0.72,35.810605525426546,feature_v1,74.38423645320196,0.7438423645320197,0.7438423645320197,27.586206896551722,0.27586206896551724,0.27586206896551724,60.3448275862069,60.3448275862069,55.665024630541865,False,3.9482299933793605,0.08374384236453201,8.374384236453201,62.8140703517588,63.13131313131313,0.8375,0.78,41.240530303030305,41.240530303030305,56.15763546798029,84.23645320197043,29.802955665024637,1.477832512315271,50.0,60.3448275862069,8.374384236453201,35.810605525426546,ranking_builder_v8_return_prob_tech_regime,False,False,False,False,False,False,False,False,False,False,False,False,0,18.0,0.3447800233365174,neutral_service_balanced,0.24,0.24,0.32,0.32,0.26,0.26,0.18,0.18,0.65,0.0,0.0,25.805525509711863,25.805525509711863,1.0,False,False,1.0,False,25.805525509711863,165,v2,0.0,best_weight_by_regime,neutral,0.0,1.0,25.805525509711863,25.805525509711863,0.0,25.805525509711863,0.0,0.0,,,,,,,,,,,,,,,,,False,False,,,,,False,,,,,4.0,True,21.805525509711863,158,165,final_score,25.805525509711863,165,165,8.59454532610237,19.310344827586206,2.1773399014778323,7.423295454545454,0.0,0.0,0.0,0.0,-11.700000000000001,19.310344827586206,2.1773399014778323,8.59454532610237,7.423295454545454,0.0,0.0,0.0,-11.700000000000001,37.505525509711866,Primary prediction score,19.310344827586206,Risk penalty,-11.700000000000001,"요약: live_score 25.8 | live_score_source=final_score | regime=neutral | dominant_driver=ret (Primary prediction score 19.3) | top_positive_factor=Primary prediction score (19.3) | top_negative_factor=Risk penalty (-11.7)
핵심 driver: Primary prediction score (ret_score) contribution 19.3, score 60.3; Tech flow score (tech_score) contribution 8.6, score 35.8; Financial quality score (qual_score) contribution 7.4, score 41.2
리스크 요인: top_negative_factor=Risk penalty (-11.7); risk_penalty 18.0
운영 상태: theme_overlay: disabled (operational config); confidence: 모델 메타 점수 (calibration 미완), score=NA, label=Experimental, live_score 비반영, research/reference 용도","{""base_score"": 25.8, ""theme_weight"": 0.0, ""weight_source"": ""best_weight_by_regime"", ""regime_applied"": ""neutral"", ""theme"": {""name"": ""(none)"", ""confidence"": 0.0, ""contribution"": 0.0}}",confidence_four_axis_v1,1.0,91.25,92.8,44.40886699507389,32.66700989445686,71.217268232937,60.79694877692093,60.79694877692093,Medium,Medium,Medium,Medium,core signals disagree; current regime fit is weak,"Confidence score is 60.8 (Medium). data_maturity_score=91.2, model_reliability_score=92.8, signal_agreement_score=44.4, regime_fitness_score=32.7. Reason: core signals disagree; current regime fit is weak.",뚜렷한 추천 강점은 제한적입니다. 거래 유동성 부족 요인은 함께 점검이 필요합니다.,뚜렷한 강점 제한적,거래 유동성 부족 / 상위권 진입 확률 약함,신뢰도 Medium: core signals disagree; current regime fit is weak,현재 neutral 체계로 균형형 가중치가 적용됐습니다.,,,,low_liquidity_score,low_probability_score,,,,거래 유동성 부족,상위권 진입 확률 약함,추가 확인 후 판단,"{""drivers"": [], ""driver_texts"": [], ""drags"": [""low_liquidity_score"", ""low_probability_score""], ""drag_texts"": [""거래 유동성 부족"", ""상위권 진입 확률 약함""], ""confidence_label"": ""Medium"", ""confidence_reason"": ""core signals disagree; current regime fit is weak"", ""regime"": ""neutral"", ""weight_profile"": ""neutral_service_balanced"", ""regime_reason"": ""met_conditions=close_gt_ma20,ma20_gt_ma60,recent_20d_return_gt_0.03; true_count=3; breadth_20d=0.527; recent_20d_return=0.0468; ma60=5370.97; volatility_risk_flag=True"", ""action_note"": ""추가 확인 후 판단"", ""component_snapshot"": {""ret_score"": 60.34, ""prob_score"": 8.37, ""qual_score"": 41.24, ""tech_score"": 35.81, ""valuation_score"": 50.0, ""risk_penalty"": 18.0, ""live_score"": 25.81, ""final_score"": 25.81, ""confidence_score"": 60.8, ""live_rank"": 165.0, ""live_score_source"": ""final_score""}}",165,2026-04-09 11:17:11,
2026-04-08,307950,-0.0897579388099331,-0.0322995238205514,-0.2565167363545156,-0.2865897555878079,0.10760438833795,0.0619803670445716,0.0,415500.0,58.29145728643216,3,0.4,75.0,0.0463144049444297,0.0592010725422845,78882.7,101352.0,0.0036231884057971,0.0409620443442315,53.545541905798174,1.2848444589244536,383700.0,399150.0,431216.6666666667,0.0626598465473144,0.0246609124537608,현대오토에버,KOSPI,자동차/모빌리티,,,,0.0,0.0,,0.0,,0.3,mapping_missing,0.0,False,False,2026-04-08,5872.34,5523.437,0.0407581147205317,-8114.961149999988,neutral,"met_conditions=close_gt_ma20,ma20_gt_ma60,recent_20d_return_gt_0.03; true_count=3; breadth_20d=0.527; recent_20d_return=0.0468; ma60=5370.97; volatility_risk_flag=True",0.0409620443442315,55.0,63.706896551724135,0.0626598465473144,0.0246609124537608,0.0036231884057971,87.09108381159635,76.57572661792372,0.0463144049444297,0.0592010725422845,38.669950738916256,78882.7,101352.0,30.870279146141215,8.374384236453201,0.72,41.96023581707638,feature_v1,17.24137931034483,0.1724137931034483,0.1724137931034483,35.467980295566505,0.35467980295566504,0.35467980295566504,22.70935960591133,22.70935960591133,24.5320197044335,False,10.760438833795,0.39901477832512317,39.90147783251231,58.29145728643216,58.58585858585859,0.8375,0.78,38.27121212121212,38.27121212121212,55.66502463054187,66.99507389162561,38.669950738916256,8.374384236453201,50.0,22.70935960591133,39.90147783251231,41.96023581707638,ranking_builder_v8_return_prob_tech_regime,False,False,False,False,False,False,False,False,False,False,False,False,0,14.225513285739904,0.26854594404783255,neutral_service_balanced,0.24,0.24,0.32,0.32,0.26,0.26,0.18,0.18,0.65,0.0,0.0,25.354070452530408,25.354070452530408,1.0,False,False,1.0,False,25.354070452530408,166,v2,0.0,best_weight_by_regime,neutral,0.0,1.0,25.354070452530408,25.354070452530408,0.0,25.354070452530408,0.0,0.0,,,,,,,,,,,,,,,,,False,False,,,,,False,,,,,4.0,True,21.354070452530408,160,166,final_score,25.354070452530408,166,166,10.070456596098332,7.266995073891626,10.374384236453201,6.8888181818181815,0.0,0.0,0.0,0.0,-9.246583635730937,7.266995073891626,10.374384236453201,10.070456596098332,6.8888181818181815,0.0,0.0,0.0,-9.246583635730937,34.60065408826134,Top-bucket probability score,10.374384236453201,Risk penalty,-9.246583635730937,"요약: live_score 25.4 | live_score_source=final_score | regime=neutral | dominant_driver=prob (Top-bucket probability score 10.4) | top_positive_factor=Top-bucket probability score (10.4) | top_negative_factor=Risk penalty (-9.2)
핵심 driver: Top-bucket probability score (prob_score) contribution 10.4, score 39.9; Tech flow score (tech_score) contribution 10.1, score 42.0; Primary prediction score (ret_score) contribution 7.3, score 22.7
리스크 요인: top_negative_factor=Risk penalty (-9.2); risk_penalty 14.2
운영 상태: theme_overlay: disabled (operational config); confidence: 모델 메타 점수 (calibration 미완), score=NA, label=Experimental, live_score 비반영, research/reference 용도","{""base_score"": 25.4, ""theme_weight"": 0.0, ""weight_source"": ""best_weight_by_regime"", ""regime_applied"": ""neutral"", ""theme"": {""name"": ""(none)"", ""confidence"": 0.0, ""contribution"": 0.0}}",confidence_four_axis_v1,1.0,91.25,92.8,42.97473713665049,32.966740948440744,70.90369542642874,60.283243044348346,60.283243044348346,Medium,Medium,Medium,Medium,core signals disagree; current regime fit is weak,"Confidence score is 60.3 (Medium). data_maturity_score=91.2, model_reliability_score=92.8, signal_agreement_score=43.0, regime_fitness_score=33.0. Reason: core signals disagree; current regime fit is weak.",뚜렷한 추천 강점은 제한적입니다. 거래 유동성 부족 요인은 함께 점검이 필요합니다.,뚜렷한 강점 제한적,거래 유동성 부족 / 기대수익 매력 낮음,신뢰도 Medium: core signals disagree; current regime fit is weak,현재 neutral 체계로 균형형 가중치가 적용됐습니다.,,,,low_liquidity_score,weak_ret_score,,,,거래 유동성 부족,기대수익 매력 낮음,추가 확인 후 판단,"{""drivers"": [], ""driver_texts"": [], ""drags"": [""low_liquidity_score"", ""weak_ret_score""], ""drag_texts"": [""거래 유동성 부족"", ""기대수익 매력 낮음""], ""confidence_label"": ""Medium"", ""confidence_reason"": ""core signals disagree; current regime fit is weak"", ""regime"": ""neutral"", ""weight_profile"": ""neutral_service_balanced"", ""regime_reason"": ""met_conditions=close_gt_ma20,ma20_gt_ma60,recent_20d_return_gt_0.03; true_count=3; breadth_20d=0.527; recent_20d_return=0.0468; ma60=5370.97; volatility_risk_flag=True"", ""action_note"": ""추가 확인 후 판단"", ""component_snapshot"": {""ret_score"": 22.71, ""prob_score"": 39.9, ""qual_score"": 38.27, ""tech_score"": 41.96, ""valuation_score"": 50.0, ""risk_penalty"": 14.23, ""live_score"": 25.35, ""final_score"": 25.35, ""confidence_score"": 60.28, ""live_rank"": 166.0, ""live_score_source"": ""final_score""}}",166,2026-04-09 11:17:11,
2026-04-08,373220,-0.0863691319865195,0.0075427725576877,-0.266760264966374,-0.2648154870313787,0.0276947246465014,0.0120187010457806,0.0,406000.0,55.27638190954774,3,0.4,75.0,0.03662271649204,0.0368886451580113,380842.2,521932.0,0.0987821380243572,0.042027590632018,54.39626492945202,1.3704678735707334,406000.0,389625.0,393508.3333333333,-0.0024570024570024,0.0304568527918782,LG에너지솔루션,KOSPI,2차전지,,,2차전지,93.125,0.7133480839416058,93.125,93.125,93.125,0.3,,66.43054031706204,True,False,2026-04-08,5872.34,5523.437,0.0407581147205317,-8114.961149999988,neutral,"met_conditions=close_gt_ma20,ma20_gt_ma60,recent_20d_return_gt_0.03; true_count=3; breadth_20d=0.527; recent_20d_return=0.0468; ma60=5370.97; volatility_risk_flag=True",0.042027590632018,75.0,73.95320197044336,-0.0024570024570024,0.0304568527918782,0.0987821380243572,88.79252985890405,75.64640832679498,0.03662271649204,0.0368886451580113,77.58620689655172,380842.2,521932.0,64.36781609195403,52.21674876847291,1.0,73.83461729861469,feature_v1,19.21182266009852,0.1921182266009852,0.1921182266009852,44.33497536945813,0.4433497536945813,0.4433497536945813,26.748768472906402,26.748768472906402,29.261083743842363,False,2.76947246465014,0.054187192118226604,5.41871921182266,55.27638190954774,55.55555555555556,0.8375,0.78,36.29166666666667,36.29166666666667,25.615763546798032,19.21182266009852,77.58620689655172,52.21674876847291,50.0,26.748768472906402,5.41871921182266,73.83461729861469,ranking_builder_v8_return_prob_tech_regime,False,False,False,False,False,False,False,False,False,False,False,False,0,13.917882455085106,0.2659823537923759,neutral_service_balanced,0.24,0.24,0.32,0.32,0.26,0.26,0.18,0.18,0.65,0.0,0.0,25.17465746226614,25.17465746226614,1.0,False,False,1.0,False,25.17465746226614,167,v2,0.0,best_weight_by_regime,neutral,0.0,1.0,25.17465746226614,25.17465746226614,0.0,25.17465746226614,0.0,0.0,,,,,,,,,,,,,,,,,False,False,,,,,False,,,,,4.0,True,21.17465746226614,161,167,final_score,25.17465746226614,167,167,17.720308151667524,8.559605911330049,1.4088669950738917,6.532500000000001,0.0,0.0,0.0,0.0,-9.04662359580532,8.559605911330049,1.4088669950738917,17.720308151667524,6.532500000000001,0.0,0.0,0.0,-9.04662359580532,34.22128105807147,Tech flow score,17.720308151667524,Risk penalty,-9.04662359580532,"요약: live_score 25.2 | live_score_source=final_score | regime=neutral | dominant_driver=tech (Tech flow score 17.7) | top_positive_factor=Tech flow score (17.7) | top_negative_factor=Risk penalty (-9.0)
핵심 driver: Tech flow score (tech_score) contribution 17.7, score 73.8; Primary prediction score (ret_score) contribution 8.6, score 26.7; Financial quality score (qual_score) contribution 6.5, score 36.3
리스크 요인: top_negative_factor=Risk penalty (-9.0); risk_penalty 13.9
운영 상태: theme_overlay: disabled (operational config); confidence: 모델 메타 점수 (calibration 미완), score=NA, label=Experimental, live_score 비반영, research/reference 용도","{""base_score"": 25.2, ""theme_weight"": 0.0, ""weight_source"": ""best_weight_by_regime"", ""regime_applied"": ""neutral"", ""theme"": {""name"": ""2차전지"", ""confidence"": 0.71, ""contribution"": 0.0}}",confidence_four_axis_v1,1.0,91.25,97.0,33.22523057396239,32.085149606250766,69.59408008442821,56.20712215083511,56.20712215083511,Medium,Medium,Medium,Medium,core signals disagree; current regime fit is weak,"Confidence score is 56.2 (Medium). data_maturity_score=91.2, model_reliability_score=97.0, signal_agreement_score=33.2, regime_fitness_score=32.1. Reason: core signals disagree; current regime fit is weak.",추세 구조 양호와 변동성 관리 양호이 추천 점수를 견인했습니다. 신호 신뢰도 낮음 요인은 함께 점검이 필요합니다.,추세 구조 양호 / 변동성 관리 양호,신호 신뢰도 낮음 / 상위권 진입 확률 약함,신뢰도 Medium: core signals disagree; current regime fit is weak,현재 neutral 체계로 균형형 가중치가 적용됐습니다.,high_tech_score,strong_safety_profile,,low_confidence,low_probability_score,추세 구조 양호,변동성 관리 양호,,신호 신뢰도 낮음,상위권 진입 확률 약함,보수적 접근 권장,"{""drivers"": [""high_tech_score"", ""strong_safety_profile""], ""driver_texts"": [""추세 구조 양호"", ""변동성 관리 양호""], ""drags"": [""low_confidence"", ""low_probability_score""], ""drag_texts"": [""신호 신뢰도 낮음"", ""상위권 진입 확률 약함""], ""confidence_label"": ""Medium"", ""confidence_reason"": ""core signals disagree; current regime fit is weak"", ""regime"": ""neutral"", ""weight_profile"": ""neutral_service_balanced"", ""regime_reason"": ""met_conditions=close_gt_ma20,ma20_gt_ma60,recent_20d_return_gt_0.03; true_count=3; breadth_20d=0.527; recent_20d_return=0.0468; ma60=5370.97; volatility_risk_flag=True"", ""action_note"": ""보수적 접근 권장"", ""component_snapshot"": {""ret_score"": 26.75, ""prob_score"": 5.42, ""qual_score"": 36.29, ""tech_score"": 73.83, ""valuation_score"": 50.0, ""risk_penalty"": 13.92, ""live_score"": 25.17, ""final_score"": 25.17, ""confidence_score"": 56.21, ""live_rank"": 167.0, ""live_score_source"": ""final_score""}}",167,2026-04-09 11:17:11,
2026-04-08,006800,-0.0552435918382409,-0.1410759230076405,-0.3446314456715043,-0.3567715282402363,0.130693564385104,0.0410336970898608,0.0,67700.0,22.61306532663317,3,0.4,75.0,0.0522121095462429,0.0725514204813279,3165168.55,3421784.0,-0.0476994274943382,0.0302093287965572,55.53553351111044,1.0810748135356014,63420.0,65714.8,54770.46666666667,0.0165165165165164,0.0059435364041604,미래에셋증권,KOSPI,금융,,,,0.0,0.0,,0.0,,0.3,mapping_missing,0.0,False,False,2026-04-08,5872.34,5523.437,0.0407581147205317,-8114.961149999988,neutral,"met_conditions=close_gt_ma20,ma20_gt_ma60,recent_20d_return_gt_0.03; true_count=3; breadth_20d=0.527; recent_20d_return=0.0468; ma60=5370.97; volatility_risk_flag=True",0.0302093287965572,55.0,61.243842364532014,0.0165165165165164,0.0059435364041604,-0.0476994274943382,91.07106702222087,64.0239243910232,0.0522121095462429,0.0725514204813279,19.211822660098527,3165168.55,3421784.0,79.96715927750411,95.07389162561576,1.0,56.61896466986305,feature_v1,25.615763546798032,0.2561576354679803,0.2561576354679803,14.285714285714285,0.14285714285714285,0.14285714285714285,22.216748768472904,22.216748768472904,21.083743842364534,False,13.069356438510399,0.5123152709359606,51.231527093596064,22.61306532663317,22.727272727272727,0.8375,0.78,14.84659090909091,14.84659090909091,69.95073891625616,91.62561576354679,19.211822660098527,95.07389162561576,50.0,22.216748768472904,51.231527093596064,56.61896466986305,ranking_builder_v8_return_prob_tech_regime,False,False,False,False,False,False,False,False,False,False,False,False,0,18.0,0.3494874786989971,neutral_service_balanced,0.24,0.24,0.32,0.32,0.26,0.26,0.18,0.18,0.65,0.0,0.0,24.990494534649798,24.990494534649798,1.0,False,False,1.0,False,24.990494534649798,168,v2,0.0,best_weight_by_regime,neutral,0.0,1.0,24.990494534649798,24.990494534649798,0.0,24.990494534649798,0.0,0.0,,,,,,,,,,,,,,,,,False,False,,,,,False,,,,,10.0,True,14.990494534649798,186,168,final_score,24.990494534649798,168,168,13.588551520767131,7.1093596059113295,13.320197044334977,2.6723863636363636,0.0,0.0,0.0,0.0,-11.700000000000001,7.1093596059113295,13.320197044334977,13.588551520767131,2.6723863636363636,0.0,0.0,0.0,-11.700000000000001,36.6904945346498,Tech flow score,13.588551520767131,Risk penalty,-11.700000000000001,"요약: live_score 25.0 | live_score_source=final_score | regime=neutral | dominant_driver=tech (Tech flow score 13.6) | top_positive_factor=Tech flow score (13.6) | top_negative_factor=Risk penalty (-11.7)
핵심 driver: Tech flow score (tech_score) contribution 13.6, score 56.6; Top-bucket probability score (prob_score) contribution 13.3, score 51.2; Primary prediction score (ret_score) contribution 7.1, score 22.2
리스크 요인: top_negative_factor=Risk penalty (-11.7); risk_penalty 18.0
운영 상태: theme_overlay: disabled (operational config); confidence: 모델 메타 점수 (calibration 미완), score=NA, label=Experimental, live_score 비반영, research/reference 용도","{""base_score"": 25.0, ""theme_weight"": 0.0, ""weight_source"": ""best_weight_by_regime"", ""regime_applied"": ""neutral"", ""theme"": {""name"": ""(none)"", ""confidence"": 0.0, ""contribution"": 0.0}}",confidence_four_axis_v1,1.0,91.25,97.0,29.968287871768357,32.215503637062625,68.79939751350148,54.93041587611987,54.93041587611987,Medium,Medium,Medium,Medium,core signals disagree; current regime fit is weak,"Confidence score is 54.9 (Medium). data_maturity_score=91.2, model_reliability_score=97.0, signal_agreement_score=30.0, regime_fitness_score=32.2. Reason: core signals disagree; current regime fit is weak.",거래 유동성 양호이 추천 점수를 견인했습니다. 신호 신뢰도 낮음 요인은 함께 점검이 필요합니다.,거래 유동성 양호,신호 신뢰도 낮음 / 재무 품질 보완 필요,신뢰도 Medium: core signals disagree; current regime fit is weak,현재 neutral 체계로 균형형 가중치가 적용됐습니다.,healthy_liquidity_profile,,,low_confidence,weak_quality_score,거래 유동성 양호,,,신호 신뢰도 낮음,재무 품질 보완 필요,보수적 접근 권장,"{""drivers"": [""healthy_liquidity_profile""], ""driver_texts"": [""거래 유동성 양호""], ""drags"": [""low_confidence"", ""weak_quality_score""], ""drag_texts"": [""신호 신뢰도 낮음"", ""재무 품질 보완 필요""], ""confidence_label"": ""Medium"", ""confidence_reason"": ""core signals disagree; current regime fit is weak"", ""regime"": ""neutral"", ""weight_profile"": ""neutral_service_balanced"", ""regime_reason"": ""met_conditions=close_gt_ma20,ma20_gt_ma60,recent_20d_return_gt_0.03; true_count=3; breadth_20d=0.527; recent_20d_return=0.0468; ma60=5370.97; volatility_risk_flag=True"", ""action_note"": ""보수적 접근 권장"", ""component_snapshot"": {""ret_score"": 22.22, ""prob_score"": 51.23, ""qual_score"": 14.85, ""tech_score"": 56.62, ""valuation_score"": 50.0, ""risk_penalty"": 18.0, ""live_score"": 24.99, ""final_score"": 24.99, ""confidence_score"": 54.93, ""live_rank"": 168.0, ""live_score_source"": ""final_score""}}",168,2026-04-09 11:17:11,
2026-04-08,012330,-0.0942944456379898,-0.0203231452542269,-0.2049565962297289,-0.2774264445528981,0.0565470903581546,0.0203931167183696,0.0,407000.0,48.743718592964825,3,0.4,75.0,0.0361626049225269,0.0476778694262696,243962.8,333379.0,-0.0378250591016549,0.0166739524136638,49.81650851655956,1.3665157146909284,392700.0,400325.0,430858.3333333333,-0.0048899755501222,0.0124378109452736,현대모비스,KOSPI,자동차/모빌리티,,,,0.0,0.0,,0.0,,0.3,mapping_missing,0.0,False,False,2026-04-08,5872.34,5523.437,0.0407581147205317,-8114.961149999988,neutral,"met_conditions=close_gt_ma20,ma20_gt_ma60,recent_20d_return_gt_0.03; true_count=3; breadth_20d=0.527; recent_20d_return=0.0468; ma60=5370.97; volatility_risk_flag=True",0.0166739524136638,55.0,56.56403940886699,-0.0048899755501222,0.0124378109452736,-0.0378250591016549,79.63301703311912,60.302342928230516,0.0361626049225269,0.0476778694262696,67.98029556650246,243962.8,333379.0,53.858784893267654,35.960591133004925,1.0,59.74990869483141,feature_v1,16.25615763546798,0.1625615763546798,0.1625615763546798,36.94581280788177,0.3694581280788177,0.3694581280788177,22.463054187192117,22.463054187192117,24.532019704433495,False,5.6547090358154595,0.15270935960591134,15.270935960591133,48.743718592964825,48.98989898989899,0.8375,0.78,32.00265151515152,32.00265151515152,23.645320197044335,40.39408866995074,67.98029556650246,35.960591133004925,50.0,22.463054187192117,15.270935960591133,59.74990869483141,ranking_builder_v8_return_prob_tech_regime,False,False,False,False,False,False,False,False,False,False,False,False,0,10.073344267079587,0.23394453555899658,neutral_service_balanced,0.24,0.24,0.32,0.32,0.26,0.26,0.18,0.18,0.65,0.0,0.0,24.71140227554025,24.71140227554025,1.0,False,False,1.0,False,24.71140227554025,169,v2,0.0,best_weight_by_regime,neutral,0.0,1.0,24.71140227554025,24.71140227554025,0.0,24.71140227554025,0.0,0.0,,,,,,,,,,,,,,,,,False,False,,,,,False,,,,,0.0,False,24.71140227554025,146,169,final_score,24.71140227554025,169,169,14.339978086759539,7.188177339901478,3.970443349753695,5.7604772727272735,0.0,0.0,0.0,0.0,-6.547673773601732,7.188177339901478,3.970443349753695,14.339978086759539,5.7604772727272735,0.0,0.0,0.0,-6.547673773601732,31.25907604914198,Tech flow score,14.339978086759539,Risk penalty,-6.547673773601732,"요약: live_score 24.7 | live_score_source=final_score | regime=neutral | dominant_driver=tech (Tech flow score 14.3) | top_positive_factor=Tech flow score (14.3) | top_negative_factor=Risk penalty (-6.5)
핵심 driver: Tech flow score (tech_score) contribution 14.3, score 59.7; Primary prediction score (ret_score) contribution 7.2, score 22.5; Financial quality score (qual_score) contribution 5.8, score 32.0
리스크 요인: top_negative_factor=Risk penalty (-6.5); risk_penalty 10.1
운영 상태: theme_overlay: disabled (operational config); confidence: 모델 메타 점수 (calibration 미완), score=NA, label=Experimental, live_score 비반영, research/reference 용도","{""base_score"": 24.7, ""theme_weight"": 0.0, ""weight_source"": ""best_weight_by_regime"", ""regime_applied"": ""neutral"", ""theme"": {""name"": ""(none)"", ""confidence"": 0.0, ""contribution"": 0.0}}",confidence_four_axis_v1,1.0,91.25,97.0,22.906308179727912,32.30952293962646,67.04800548587595,52.124427859816464,52.124427859816464,Medium,Medium,Medium,Medium,core signals disagree; current regime fit is weak,"Confidence score is 52.1 (Medium). data_maturity_score=91.2, model_reliability_score=97.0, signal_agreement_score=22.9, regime_fitness_score=32.3. Reason: core signals disagree; current regime fit is weak.",변동성 관리 양호이 추천 점수를 견인했습니다. 신호 신뢰도 낮음 요인은 함께 점검이 필요합니다.,변동성 관리 양호,신호 신뢰도 낮음 / 상위권 진입 확률 약함,신뢰도 Medium: core signals disagree; current regime fit is weak,현재 neutral 체계로 균형형 가중치가 적용됐습니다.,strong_safety_profile,,,low_confidence,low_probability_score,변동성 관리 양호,,,신호 신뢰도 낮음,상위권 진입 확률 약함,보수적 접근 권장,"{""drivers"": [""strong_safety_profile""], ""driver_texts"": [""변동성 관리 양호""], ""drags"": [""low_confidence"", ""low_probability_score""], ""drag_texts"": [""신호 신뢰도 낮음"", ""상위권 진입 확률 약함""], ""confidence_label"": ""Medium"", ""confidence_reason"": ""core signals disagree; current regime fit is weak"", ""regime"": ""neutral"", ""weight_profile"": ""neutral_service_balanced"", ""regime_reason"": ""met_conditions=close_gt_ma20,ma20_gt_ma60,recent_20d_return_gt_0.03; true_count=3; breadth_20d=0.527; recent_20d_return=0.0468; ma60=5370.97; volatility_risk_flag=True"", ""action_note"": ""보수적 접근 권장"", ""component_snapshot"": {""ret_score"": 22.46, ""prob_score"": 15.27, ""qual_score"": 32.0, ""tech_score"": 59.75, ""valuation_score"": 50.0, ""risk_penalty"": 10.07, ""live_score"": 24.71, ""final_score"": 24.71, ""confidence_score"": 52.12, ""live_rank"": 169.0, ""live_score_source"": ""final_score""}}",169,2026-04-09 11:17:11,
2026-04-08,005290,-0.1915684190832248,-0.1927559317235272,-0.3771554408368222,-0.4257427525945617,0.0746979353036754,0.0680670285192646,0.0,47900.0,87.93969849246231,5,0.0,100.0,0.0489670139362426,0.0534228456892988,588544.65,1298968.0,-0.047713717693837,0.005193851319448,50.153269905710175,2.207084883024593,45970.0,47652.5,48243.333333333336,-0.0133882595262615,-0.042,동진쎄미켐,KOSDAQ,반도체,,,반도체장비,24.3,0.3907412001656977,24.3,24.3,24.3,0.3,,9.495011164026455,True,False,2026-04-08,5872.34,5523.437,0.0407581147205317,-8114.961149999988,neutral,"met_conditions=close_gt_ma20,ma20_gt_ma60,recent_20d_return_gt_0.03; true_count=3; breadth_20d=0.527; recent_20d_return=0.0468; ma60=5370.97; volatility_risk_flag=True",0.005193851319448,55.0,52.86945812807882,-0.0133882595262615,-0.042,-0.047713717693837,80.30653981142035,49.75643790852011,0.0489670139362426,0.0534228456892988,40.88669950738917,588544.65,1298968.0,81.93760262725779,65.51724137931035,1.0,53.743571001972185,feature_v1,3.4482758620689653,0.034482758620689655,0.034482758620689655,8.374384236453201,0.08374384236453201,0.08374384236453201,4.926108374384236,4.926108374384236,5.41871921182266,False,7.469793530367539,0.2315270935960591,23.15270935960591,87.93969849246231,87.87878787878788,1.0,1.0,87.87878787878788,87.87878787878788,63.05418719211823,55.172413793103445,40.88669950738917,65.51724137931035,50.0,4.926108374384236,23.15270935960591,53.743571001972185,ranking_builder_v8_return_prob_tech_regime,False,False,False,False,False,False,False,False,False,False,False,False,0,18.0,0.396590365539918,neutral_service_balanced,0.24,0.24,0.32,0.32,0.26,0.26,0.18,0.18,0.65,0.0,0.0,24.612697971955626,24.612697971955626,1.0,False,False,1.0,False,24.612697971955626,170,v2,0.0,best_weight_by_regime,neutral,0.0,1.0,24.612697971955626,24.612697971955626,0.0,24.612697971955626,0.0,0.0,,,,,,,,,,,,,,,,,False,False,,,,,False,,,,,4.0,True,20.612697971955626,163,170,final_score,24.612697971955626,170,170,12.898457040473325,1.5763546798029555,6.019704433497537,15.818181818181817,0.0,0.0,0.0,0.0,-11.700000000000001,1.5763546798029555,6.019704433497537,12.898457040473325,15.818181818181817,0.0,0.0,0.0,-11.700000000000001,36.31269797195563,Financial quality score,15.818181818181817,Risk penalty,-11.700000000000001,"요약: live_score 24.6 | live_score_source=final_score | regime=neutral | dominant_driver=tech (Tech flow score 12.9) | top_positive_factor=Financial quality score (15.8) | top_negative_factor=Risk penalty (-11.7)
핵심 driver: Financial quality score (qual_score) contribution 15.8, score 87.9; Tech flow score (tech_score) contribution 12.9, score 53.7; Top-bucket probability score (prob_score) contribution 6.0, score 23.2
리스크 요인: top_negative_factor=Risk penalty (-11.7); risk_penalty 18.0
운영 상태: theme_overlay: disabled (operational config); confidence: 모델 메타 점수 (calibration 미완), score=NA, label=Experimental, live_score 비반영, research/reference 용도","{""base_score"": 24.6, ""theme_weight"": 0.0, ""weight_source"": ""best_weight_by_regime"", ""regime_applied"": ""neutral"", ""theme"": {""name"": ""반도체장비"", ""confidence"": 0.39, ""contribution"": 0.0}}",confidence_four_axis_v1,1.0,100.0,97.0,28.86419614867891,31.745280852133504,71.07784116498975,57.89473462989827,57.89473462989827,Medium,Medium,Medium,Medium,core signals disagree; current regime fit is weak,"Confidence score is 57.9 (Medium). data_maturity_score=100.0, model_reliability_score=97.0, signal_agreement_score=28.9, regime_fitness_score=31.7. Reason: core signals disagree; current regime fit is weak.",재무 품질 양호와 거래 유동성 양호이 추천 점수를 견인했습니다. 신호 신뢰도 낮음 요인은 함께 점검이 필요합니다.,재무 품질 양호 / 거래 유동성 양호,신호 신뢰도 낮음 / 기대수익 매력 낮음,신뢰도 Medium: core signals disagree; current regime fit is weak,현재 neutral 체계로 균형형 가중치가 적용됐습니다.,strong_quality_profile,healthy_liquidity_profile,,low_confidence,weak_ret_score,재무 품질 양호,거래 유동성 양호,,신호 신뢰도 낮음,기대수익 매력 낮음,보수적 접근 권장,"{""drivers"": [""strong_quality_profile"", ""healthy_liquidity_profile""], ""driver_texts"": [""재무 품질 양호"", ""거래 유동성 양호""], ""drags"": [""low_confidence"", ""weak_ret_score""], ""drag_texts"": [""신호 신뢰도 낮음"", ""기대수익 매력 낮음""], ""confidence_label"": ""Medium"", ""confidence_reason"": ""core signals disagree; current regime fit is weak"", ""regime"": ""neutral"", ""weight_profile"": ""neutral_service_balanced"", ""regime_reason"": ""met_conditions=close_gt_ma20,ma20_gt_ma60,recent_20d_return_gt_0.03; true_count=3; breadth_20d=0.527; recent_20d_return=0.0468; ma60=5370.97; volatility_risk_flag=True"", ""action_note"": ""보수적 접근 권장"", ""component_snapshot"": {""ret_score"": 4.93, ""prob_score"": 23.15, ""qual_score"": 87.88, ""tech_score"": 53.74, ""valuation_score"": 50.0, ""risk_penalty"": 18.0, ""live_score"": 24.61, ""final_score"": 24.61, ""confidence_score"": 57.89, ""live_rank"": 170.0, ""live_score_source"": ""final_score""}}",170,2026-04-09 11:17:11,
2026-04-08,086790,-0.1548572080425218,-0.2226990330130209,-0.3151900091975204,-0.3093107823455225,0.1259637328757573,0.093187190631547,0.0,117100.0,15.57788944723618,5,0.0,100.0,0.0291035484883371,0.030318268559081,903201.9,1000104.0,0.0326278659611993,0.0604962869045462,58.21238517393786,1.1072873075222716,112160.0,110420.0,110528.33333333331,0.0381205673758864,0.0772769089236431,하나금융지주,KOSPI,금융,,,,0.0,0.0,,0.0,,0.3,mapping_missing,0.0,False,False,2026-04-08,5872.34,5523.437,0.0407581147205317,-8114.961149999988,neutral,"met_conditions=close_gt_ma20,ma20_gt_ma60,recent_20d_return_gt_0.03; true_count=3; breadth_20d=0.527; recent_20d_return=0.0468; ma60=5370.97; volatility_risk_flag=True",0.0604962869045462,75.0,78.14039408866995,0.0381205673758864,0.0772769089236431,0.0326278659611993,96.42477034787572,83.58895120765858,0.0291035484883371,0.030318268559081,90.14778325123153,903201.9,1000104.0,69.29392446633825,78.81773399014779,1.0,81.12189646947853,feature_v1,5.911330049261084,0.059113300492610835,0.059113300492610835,4.926108374384237,0.04926108374384237,0.04926108374384237,5.615763546798029,5.615763546798029,5.517241379310345,False,12.59637328757573,0.46798029556650245,46.79802955665024,15.57788944723618,15.656565656565657,1.0,1.0,15.656565656565657,15.656565656565657,11.822660098522167,7.8817733990147785,90.14778325123153,78.81773399014779,50.0,5.615763546798029,46.79802955665024,81.12189646947853,ranking_builder_v8_return_prob_tech_regime,False,False,False,False,False,False,False,False,False,False,False,False,0,18.0,0.3128383184567213,neutral_service_balanced,0.24,0.24,0.32,0.32,0.26,0.26,0.18,0.18,0.65,0.0,0.0,24.5519689905611,24.5519689905611,1.0,False,False,1.0,False,24.5519689905611,171,v2,0.0,best_weight_by_regime,neutral,0.0,1.0,24.5519689905611,24.5519689905611,0.0,24.5519689905611,0.0,0.0,,,,,,,,,,,,,,,,,False,False,,,,,False,,,,,10.0,True,14.5519689905611,187,171,final_score,24.5519689905611,171,171,19.469255152674847,1.7970443349753695,12.167487684729064,2.8181818181818183,0.0,0.0,0.0,0.0,-11.700000000000001,1.7970443349753695,12.167487684729064,19.469255152674847,2.8181818181818183,0.0,0.0,0.0,-11.700000000000001,36.2519689905611,Tech flow score,19.469255152674847,Risk penalty,-11.700000000000001,"요약: live_score 24.6 | live_score_source=final_score | regime=neutral | dominant_driver=tech (Tech flow score 19.5) | top_positive_factor=Tech flow score (19.5) | top_negative_factor=Risk penalty (-11.7)
핵심 driver: Tech flow score (tech_score) contribution 19.5, score 81.1; Top-bucket probability score (prob_score) contribution 12.2, score 46.8; Financial quality score (qual_score) contribution 2.8, score 15.7
리스크 요인: top_negative_factor=Risk penalty (-11.7); risk_penalty 18.0
운영 상태: theme_overlay: disabled (operational config); confidence: 모델 메타 점수 (calibration 미완), score=NA, label=Experimental, live_score 비반영, research/reference 용도","{""base_score"": 24.6, ""theme_weight"": 0.0, ""weight_source"": ""best_weight_by_regime"", ""regime_applied"": ""neutral"", ""theme"": {""name"": ""(none)"", ""confidence"": 0.0, ""contribution"": 0.0}}",confidence_four_axis_v1,1.0,100.0,97.0,31.09816012319585,31.533370685645714,71.60454563364581,58.745938186407486,58.745938186407486,Medium,Medium,Medium,Medium,core signals disagree; current regime fit is weak,"Confidence score is 58.7 (Medium). data_maturity_score=100.0, model_reliability_score=97.0, signal_agreement_score=31.1, regime_fitness_score=31.5. Reason: core signals disagree; current regime fit is weak.",추세 구조 양호와 변동성 관리 양호이 추천 점수를 견인했습니다. 신호 신뢰도 낮음 요인은 함께 점검이 필요합니다.,추세 구조 양호 / 변동성 관리 양호 / 거래 유동성 양호,신호 신뢰도 낮음 / 기대수익 매력 낮음,신뢰도 Medium: core signals disagree; current regime fit is weak,현재 neutral 체계로 균형형 가중치가 적용됐습니다.,high_tech_score,strong_safety_profile,healthy_liquidity_profile,low_confidence,weak_ret_score,추세 구조 양호,변동성 관리 양호,거래 유동성 양호,신호 신뢰도 낮음,기대수익 매력 낮음,보수적 접근 권장,"{""drivers"": [""high_tech_score"", ""strong_safety_profile"", ""healthy_liquidity_profile""], ""driver_texts"": [""추세 구조 양호"", ""변동성 관리 양호"", ""거래 유동성 양호""], ""drags"": [""low_confidence"", ""weak_ret_score""], ""drag_texts"": [""신호 신뢰도 낮음"", ""기대수익 매력 낮음""], ""confidence_label"": ""Medium"", ""confidence_reason"": ""core signals disagree; current regime fit is weak"", ""regime"": ""neutral"", ""weight_profile"": ""neutral_service_balanced"", ""regime_reason"": ""met_conditions=close_gt_ma20,ma20_gt_ma60,recent_20d_return_gt_0.03; true_count=3; breadth_20d=0.527; recent_20d_return=0.0468; ma60=5370.97; volatility_risk_flag=True"", ""action_note"": ""보수적 접근 권장"", ""component_snapshot"": {""ret_score"": 5.62, ""prob_score"": 46.8, ""qual_score"": 15.66, ""tech_score"": 81.12, ""valuation_score"": 50.0, ""risk_penalty"": 18.0, ""live_score"": 24.55, ""final_score"": 24.55, ""confidence_score"": 58.75, ""live_rank"": 171.0, ""live_score_source"": ""final_score""}}",171,2026-04-09 11:17:11,
2026-04-08,000270,-0.12154057894831,-0.0874375321741194,-0.2437946010331197,-0.2672563895092699,0.0703036517726198,0.0467774114168501,0.0,159200.0,62.311557788944725,3,0.4,75.0,0.0321106858348997,0.0466208788189918,1117303.05,1136144.0,-0.0172839506172839,0.0021717918856818,50.64850448971139,1.016862882456107,152480.0,158855.0,160530.0,0.0251126851255634,0.0082330588980368,기아,KOSPI,자동차/모빌리티,,,,0.0,0.0,,0.0,,0.3,mapping_missing,0.0,False,False,2026-04-08,5872.34,5523.437,0.0407581147205317,-8114.961149999988,neutral,"met_conditions=close_gt_ma20,ma20_gt_ma60,recent_20d_return_gt_0.03; true_count=3; breadth_20d=0.527; recent_20d_return=0.0468; ma60=5370.97; volatility_risk_flag=True",0.0021717918856818,55.0,51.88423645320197,0.0251126851255634,0.0082330588980368,-0.0172839506172839,81.29700897942278,65.76760199855028,0.0321106858348997,0.0466208788189918,73.39901477832512,1117303.05,1136144.0,66.83087027914614,82.26600985221675,1.0,63.28836513299013,feature_v1,8.866995073891626,0.08866995073891626,0.08866995073891626,23.15270935960591,0.2315270935960591,0.2315270935960591,13.152709359605911,13.152709359605911,14.581280788177342,False,7.03036517726198,0.2019704433497537,20.19704433497537,62.311557788944725,62.62626262626263,0.8375,0.78,40.910606060606064,40.910606060606064,18.226600985221676,34.97536945812808,73.39901477832512,82.26600985221675,50.0,13.152709359605911,20.19704433497537,63.28836513299013,ranking_builder_v8_return_prob_tech_regime,False,False,False,False,False,False,False,False,False,False,False,False,0,12.38151797082957,0.25317931642357977,neutral_service_balanced,0.24,0.24,0.32,0.32,0.26,0.26,0.18,0.18,0.65,0.0,0.0,23.965228563954987,23.965228563954987,1.0,False,False,1.0,False,23.965228563954987,172,v2,0.0,best_weight_by_regime,neutral,0.0,1.0,23.965228563954987,23.965228563954987,0.0,23.965228563954987,0.0,0.0,,,,,,,,,,,,,,,,,False,False,,,,,False,,,,,4.0,True,19.965228563954987,165,172,final_score,23.965228563954987,172,172,15.18920763191763,4.208866995073891,5.251231527093596,7.363909090909091,0.0,0.0,0.0,0.0,-8.047986681039221,4.208866995073891,5.251231527093596,15.18920763191763,7.363909090909091,0.0,0.0,0.0,-8.047986681039221,32.01321524499421,Tech flow score,15.18920763191763,Risk penalty,-8.047986681039221,"요약: live_score 24.0 | live_score_source=final_score | regime=neutral | dominant_driver=tech (Tech flow score 15.2) | top_positive_factor=Tech flow score (15.2) | top_negative_factor=Risk penalty (-8.0)
핵심 driver: Tech flow score (tech_score) contribution 15.2, score 63.3; Financial quality score (qual_score) contribution 7.4, score 40.9; Top-bucket probability score (prob_score) contribution 5.3, score 20.2
리스크 요인: top_negative_factor=Risk penalty (-8.0); risk_penalty 12.4
운영 상태: theme_overlay: disabled (operational config); confidence: 모델 메타 점수 (calibration 미완), score=NA, label=Experimental, live_score 비반영, research/reference 용도","{""base_score"": 24.0, ""theme_weight"": 0.0, ""weight_source"": ""best_weight_by_regime"", ""regime_applied"": ""neutral"", ""theme"": {""name"": ""(none)"", ""confidence"": 0.0, ""contribution"": 0.0}}",confidence_four_axis_v1,1.0,91.25,97.0,38.70930326798474,31.47907394349236,70.87418690852003,58.27953609589237,58.27953609589237,Medium,Medium,Medium,Medium,core signals disagree; current regime fit is weak,"Confidence score is 58.3 (Medium). data_maturity_score=91.2, model_reliability_score=97.0, signal_agreement_score=38.7, regime_fitness_score=31.5. Reason: core signals disagree; current regime fit is weak.",거래 유동성 양호와 변동성 관리 양호이 추천 점수를 견인했습니다. 신호 신뢰도 낮음 요인은 함께 점검이 필요합니다.,거래 유동성 양호 / 변동성 관리 양호,신호 신뢰도 낮음 / 기대수익 매력 낮음,신뢰도 Medium: core signals disagree; current regime fit is weak,현재 neutral 체계로 균형형 가중치가 적용됐습니다.,healthy_liquidity_profile,strong_safety_profile,,low_confidence,weak_ret_score,거래 유동성 양호,변동성 관리 양호,,신호 신뢰도 낮음,기대수익 매력 낮음,보수적 접근 권장,"{""drivers"": [""healthy_liquidity_profile"", ""strong_safety_profile""], ""driver_texts"": [""거래 유동성 양호"", ""변동성 관리 양호""], ""drags"": [""low_confidence"", ""weak_ret_score""], ""drag_texts"": [""신호 신뢰도 낮음"", ""기대수익 매력 낮음""], ""confidence_label"": ""Medium"", ""confidence_reason"": ""core signals disagree; current regime fit is weak"", ""regime"": ""neutral"", ""weight_profile"": ""neutral_service_balanced"", ""regime_reason"": ""met_conditions=close_gt_ma20,ma20_gt_ma60,recent_20d_return_gt_0.03; true_count=3; breadth_20d=0.527; recent_20d_return=0.0468; ma60=5370.97; volatility_risk_flag=True"", ""action_note"": ""보수적 접근 권장"", ""component_snapshot"": {""ret_score"": 13.15, ""prob_score"": 20.2, ""qual_score"": 40.91, ""tech_score"": 63.29, ""valuation_score"": 50.0, ""risk_penalty"": 12.38, ""live_score"": 23.97, ""final_score"": 23.97, ""confidence_score"": 58.28, ""live_rank"": 172.0, ""live_score_source"": ""final_score""}}",172,2026-04-09 11:17:11,
2026-04-08,095340,-0.0543818267036746,-0.2144321765142959,-0.2593944440759195,-0.2780098924498179,0.0252641292143759,0.0360563015620211,0.0,257000.0,72.36180904522614,3,0.4,75.0,0.0675819067289117,0.0661989762436551,298345.55,465420.0,0.4736238532110091,0.0968843363209559,61.60701137175087,1.5600031574126043,241800.0,234300.0,178553.33333333334,-0.0265151515151514,0.028,ISC,KOSDAQ,반도체,,,,0.0,0.0,,0.0,,0.3,mapping_missing,0.0,False,False,2026-04-08,5872.34,5523.437,0.0407581147205317,-8114.961149999988,neutral,"met_conditions=close_gt_ma20,ma20_gt_ma60,recent_20d_return_gt_0.03; true_count=3; breadth_20d=0.527; recent_20d_return=0.0468; ma60=5370.97; volatility_risk_flag=True",0.0968843363209559,100.0,96.05911330049261,-0.0265151515151514,0.028,0.4736238532110091,96.78597725649826,76.16693766387826,0.0675819067289117,0.0661989762436551,13.300492610837438,298345.55,465420.0,63.2183908045977,41.37931034482759,1.0,67.61901931536231,feature_v1,26.108374384236456,0.26108374384236455,0.26108374384236455,5.911330049261084,0.059113300492610835,0.059113300492610835,20.04926108374384,20.04926108374384,18.029556650246306,False,2.52641292143759,0.04926108374384237,4.926108374384237,72.36180904522614,72.22222222222221,0.8375,0.78,47.17916666666667,47.17916666666667,92.61083743842364,80.78817733990148,13.300492610837438,41.37931034482759,50.0,20.04926108374384,4.926108374384237,67.61901931536231,ranking_builder_v8_return_prob_tech_regime,False,False,False,False,False,False,False,False,False,False,False,False,0,14.020874811057464,0.2668406234254789,neutral_service_balanced,0.24,0.24,0.32,0.32,0.26,0.26,0.18,0.18,0.65,0.0,0.0,23.30379773263753,23.30379773263753,1.0,False,False,1.0,False,23.30379773263753,173,v2,0.0,best_weight_by_regime,neutral,0.0,1.0,23.30379773263753,23.30379773263753,0.0,23.30379773263753,0.0,0.0,,,,,,,,,,,,,,,,,False,False,,,,,False,,,,,4.0,True,19.30379773263753,167,173,final_score,23.30379773263753,173,173,16.228564635686954,6.415763546798029,1.2807881773399015,8.49225,0.0,0.0,0.0,0.0,-9.113568627187352,6.415763546798029,1.2807881773399015,16.228564635686954,8.49225,0.0,0.0,0.0,-9.113568627187352,32.41736635982488,Tech flow score,16.228564635686954,Risk penalty,-9.113568627187352,"요약: live_score 23.3 | live_score_source=final_score | regime=neutral | dominant_driver=tech (Tech flow score 16.2) | top_positive_factor=Tech flow score (16.2) | top_negative_factor=Risk penalty (-9.1)
핵심 driver: Tech flow score (tech_score) contribution 16.2, score 67.6; Financial quality score (qual_score) contribution 8.5, score 47.2; Primary prediction score (ret_score) contribution 6.4, score 20.0
리스크 요인: top_negative_factor=Risk penalty (-9.1); risk_penalty 14.0
운영 상태: theme_overlay: disabled (operational config); confidence: 모델 메타 점수 (calibration 미완), score=NA, label=Experimental, live_score 비반영, research/reference 용도","{""base_score"": 23.3, ""theme_weight"": 0.0, ""weight_source"": ""best_weight_by_regime"", ""regime_applied"": ""neutral"", ""theme"": {""name"": ""(none)"", ""confidence"": 0.0, ""contribution"": 0.0}}",confidence_four_axis_v1,1.0,91.25,97.0,34.94212671770658,30.521279769001314,69.78872364477684,56.58110664088289,56.58110664088289,Medium,Medium,Medium,Medium,core signals disagree; current regime fit is weak,"Confidence score is 56.6 (Medium). data_maturity_score=91.2, model_reliability_score=97.0, signal_agreement_score=34.9, regime_fitness_score=30.5. Reason: core signals disagree; current regime fit is weak.",추세 구조 양호이 추천 점수를 견인했습니다. 신호 신뢰도 낮음 요인은 함께 점검이 필요합니다.,추세 구조 양호,신호 신뢰도 낮음 / 상위권 진입 확률 약함,신뢰도 Medium: core signals disagree; current regime fit is weak,현재 neutral 체계로 균형형 가중치가 적용됐습니다.,high_tech_score,,,low_confidence,low_probability_score,추세 구조 양호,,,신호 신뢰도 낮음,상위권 진입 확률 약함,보수적 접근 권장,"{""drivers"": [""high_tech_score""], ""driver_texts"": [""추세 구조 양호""], ""drags"": [""low_confidence"", ""low_probability_score""], ""drag_texts"": [""신호 신뢰도 낮음"", ""상위권 진입 확률 약함""], ""confidence_label"": ""Medium"", ""confidence_reason"": ""core signals disagree; current regime fit is weak"", ""regime"": ""neutral"", ""weight_profile"": ""neutral_service_balanced"", ""regime_reason"": ""met_conditions=close_gt_ma20,ma20_gt_ma60,recent_20d_return_gt_0.03; true_count=3; breadth_20d=0.527; recent_20d_return=0.0468; ma60=5370.97; volatility_risk_flag=True"", ""action_note"": ""보수적 접근 권장"", ""component_snapshot"": {""ret_score"": 20.05, ""prob_score"": 4.93, ""qual_score"": 47.18, ""tech_score"": 67.62, ""valuation_score"": 50.0, ""risk_penalty"": 14.02, ""live_score"": 23.3, ""final_score"": 23.3, ""confidence_score"": 56.58, ""live_rank"": 173.0, ""live_score_source"": ""final_score""}}",173,2026-04-09 11:17:11,
2026-04-08,108490,-0.0106510456721244,-0.0169554893133322,-0.3216477011693431,-0.3611919313457165,0.0513195601850891,0.1297983446143543,0.0,256000.0,41.70854271356784,5,0.0,100.0,0.0529846171047271,0.0606603809129189,193348.6,202071.0,0.0281124497991966,0.0154700515668384,50.62315839335962,1.0451122997528814,246100.0,252100.0,265833.3333333333,-0.0411985018726591,-0.0058252427184466,로보티즈,KOSDAQ,기계,,,,0.0,0.0,,0.0,,0.3,mapping_missing,0.0,False,False,2026-04-08,5872.34,5523.437,0.0407581147205317,-8114.961149999988,neutral,"met_conditions=close_gt_ma20,ma20_gt_ma60,recent_20d_return_gt_0.03; true_count=3; breadth_20d=0.527; recent_20d_return=0.0468; ma60=5370.97; volatility_risk_flag=True",0.0154700515668384,55.0,56.07142857142857,-0.0411985018726591,-0.0058252427184466,0.0281124497991966,81.24631678671923,58.85837722623646,0.0529846171047271,0.0606603809129189,27.83251231527094,193348.6,202071.0,33.825944170771756,28.57142857142857,1.0,48.06225468928128,feature_v1,37.93103448275862,0.3793103448275862,0.3793103448275862,38.42364532019704,0.3842364532019704,0.3842364532019704,38.07881773399014,38.07881773399014,38.128078817733986,False,5.13195601850891,0.11822660098522167,11.822660098522167,41.70854271356784,41.91919191919192,1.0,1.0,41.91919191919192,41.91919191919192,71.92118226600985,72.41379310344827,27.83251231527094,28.57142857142857,50.0,38.07881773399014,11.822660098522167,48.06225468928128,ranking_builder_v8_return_prob_tech_regime,False,False,False,False,False,False,False,False,False,False,False,False,0,18.0,0.33746539323989244,neutral_service_balanced,0.24,0.24,0.32,0.32,0.26,0.26,0.18,0.18,0.65,0.0,0.0,22.63950897137466,22.63950897137466,1.0,False,False,1.0,False,22.63950897137466,174,v2,0.0,best_weight_by_regime,neutral,0.0,1.0,22.63950897137466,22.63950897137466,0.0,22.63950897137466,0.0,0.0,,,,,,,,,,,,,,,,,False,False,,,,,False,,,,,4.0,True,18.63950897137466,169,174,final_score,22.63950897137466,174,174,11.534941125427506,12.185221674876846,3.073891625615764,7.545454545454545,0.0,0.0,0.0,0.0,-11.700000000000001,12.185221674876846,3.073891625615764,11.534941125427506,7.545454545454545,0.0,0.0,0.0,-11.700000000000001,34.33950897137466,Primary prediction score,12.185221674876846,Risk penalty,-11.700000000000001,"요약: live_score 22.6 | live_score_source=final_score | regime=neutral | dominant_driver=ret (Primary prediction score 12.2) | top_positive_factor=Primary prediction score (12.2) | top_negative_factor=Risk penalty (-11.7)
핵심 driver: Primary prediction score (ret_score) contribution 12.2, score 38.1; Tech flow score (tech_score) contribution 11.5, score 48.1; Financial quality score (qual_score) contribution 7.5, score 41.9
리스크 요인: top_negative_factor=Risk penalty (-11.7); risk_penalty 18.0
운영 상태: theme_overlay: disabled (operational config); confidence: 모델 메타 점수 (calibration 미완), score=NA, label=Experimental, live_score 비반영, research/reference 용도","{""base_score"": 22.6, ""theme_weight"": 0.0, ""weight_source"": ""best_weight_by_regime"", ""regime_applied"": ""neutral"", ""theme"": {""name"": ""(none)"", ""confidence"": 0.0, ""contribution"": 0.0}}",confidence_four_axis_v1,1.0,100.0,97.0,37.87812162277226,29.819029034089525,73.04238476080648,61.11505445592681,61.11505445592681,Medium,Medium,Medium,Medium,core signals disagree; current regime fit is weak,"Confidence score is 61.1 (Medium). data_maturity_score=100.0, model_reliability_score=97.0, signal_agreement_score=37.9, regime_fitness_score=29.8. Reason: core signals disagree; current regime fit is weak.",뚜렷한 추천 강점은 제한적입니다. 상위권 진입 확률 약함 요인은 함께 점검이 필요합니다.,뚜렷한 강점 제한적,상위권 진입 확률 약함 / 예상 손실 폭 부담 큼,신뢰도 Medium: core signals disagree; current regime fit is weak,현재 neutral 체계로 균형형 가중치가 적용됐습니다.,,,,low_probability_score,very_high_risk_penalty,,,,상위권 진입 확률 약함,예상 손실 폭 부담 큼,추가 확인 후 판단,"{""drivers"": [], ""driver_texts"": [], ""drags"": [""low_probability_score"", ""very_high_risk_penalty""], ""drag_texts"": [""상위권 진입 확률 약함"", ""예상 손실 폭 부담 큼""], ""confidence_label"": ""Medium"", ""confidence_reason"": ""core signals disagree; current regime fit is weak"", ""regime"": ""neutral"", ""weight_profile"": ""neutral_service_balanced"", ""regime_reason"": ""met_conditions=close_gt_ma20,ma20_gt_ma60,recent_20d_return_gt_0.03; true_count=3; breadth_20d=0.527; recent_20d_return=0.0468; ma60=5370.97; volatility_risk_flag=True"", ""action_note"": ""추가 확인 후 판단"", ""component_snapshot"": {""ret_score"": 38.08, ""prob_score"": 11.82, ""qual_score"": 41.92, ""tech_score"": 48.06, ""valuation_score"": 50.0, ""risk_penalty"": 18.0, ""live_score"": 22.64, ""final_score"": 22.64, ""confidence_score"": 61.12, ""live_rank"": 174.0, ""live_score_source"": ""final_score""}}",174,2026-04-09 11:17:11,
2026-04-08,047810,-0.193392242024336,-0.1572626491037244,-0.3561515107423264,-0.4096780050848948,0.1151326388409081,0.0630974838543258,0.0,190400.0,22.110552763819097,5,0.0,100.0,0.0502609369122201,0.0496105918298181,676833.05,590829.0,0.0855188141391105,0.0333224791056117,55.53234034453931,0.8729316631331758,185320.0,184260.0,173976.66666666666,0.013304949441192,0.0291891891891891,한국항공우주,KOSPI,기계/중공업·방산,,,방산,69.8625,0.6890559936863456,69.8625,69.8625,69.8625,0.3,,48.13917435891232,True,False,2026-04-08,5872.34,5523.437,0.0407581147205317,-8114.961149999988,neutral,"met_conditions=close_gt_ma20,ma20_gt_ma60,recent_20d_return_gt_0.03; true_count=3; breadth_20d=0.527; recent_20d_return=0.0468; ma60=5370.97; volatility_risk_flag=True",0.0333224791056117,100.0,84.48275862068965,0.013304949441192,0.0291891891891891,0.0855188141391105,91.06468068907861,76.83020958113664,0.0502609369122201,0.0496105918298181,44.33497536945813,676833.05,590829.0,52.709359605911324,69.45812807881774,1.0,69.00879995438305,feature_v1,2.955665024630542,0.029556650246305417,0.029556650246305417,12.807881773399016,0.12807881773399016,0.12807881773399016,5.911330049261084,5.911330049261084,6.8965517241379315,False,11.51326388409081,0.42857142857142855,42.857142857142854,22.110552763819097,22.22222222222222,1.0,1.0,22.22222222222222,22.22222222222222,65.51724137931035,45.812807881773395,44.33497536945813,69.45812807881774,50.0,5.911330049261084,42.857142857142854,69.00879995438305,ranking_builder_v8_return_prob_tech_regime,False,False,False,False,False,False,False,False,False,False,False,False,0,18.0,0.3775621084793538,neutral_service_balanced,0.24,0.24,0.32,0.32,0.26,0.26,0.18,0.18,0.65,0.0,0.0,21.896594747672616,21.896594747672616,1.0,False,False,1.0,False,21.896594747672616,175,v2,0.0,best_weight_by_regime,neutral,0.0,1.0,21.896594747672616,21.896594747672616,0.0,21.896594747672616,0.0,0.0,,,,,,,,,,,,,,,,,False,False,,,,,False,,,,,4.0,True,17.896594747672616,172,175,final_score,21.896594747672616,175,175,16.56211198905193,1.8916256157635467,11.142857142857142,3.9999999999999996,0.0,0.0,0.0,0.0,-11.700000000000001,1.8916256157635467,11.142857142857142,16.56211198905193,3.9999999999999996,0.0,0.0,0.0,-11.700000000000001,33.59659474767262,Tech flow score,16.56211198905193,Risk penalty,-11.700000000000001,"요약: live_score 21.9 | live_score_source=final_score | regime=neutral | dominant_driver=tech (Tech flow score 16.6) | top_positive_factor=Tech flow score (16.6) | top_negative_factor=Risk penalty (-11.7)
핵심 driver: Tech flow score (tech_score) contribution 16.6, score 69.0; Top-bucket probability score (prob_score) contribution 11.1, score 42.9; Financial quality score (qual_score) contribution 4.0, score 22.2
리스크 요인: top_negative_factor=Risk penalty (-11.7); risk_penalty 18.0
운영 상태: theme_overlay: disabled (operational config); confidence: 모델 메타 점수 (calibration 미완), score=NA, label=Experimental, live_score 비반영, research/reference 용도","{""base_score"": 21.9, ""theme_weight"": 0.0, ""weight_source"": ""best_weight_by_regime"", ""regime_applied"": ""neutral"", ""theme"": {""name"": ""방산"", ""confidence"": 0.69, ""contribution"": 0.0}}",confidence_four_axis_v1,1.0,100.0,97.0,34.820759028463414,29.298202245939557,72.19992009400677,59.78794406057328,59.78794406057328,Medium,Medium,Medium,Medium,core signals disagree; current regime fit is weak,"Confidence score is 59.8 (Medium). data_maturity_score=100.0, model_reliability_score=97.0, signal_agreement_score=34.8, regime_fitness_score=29.3. Reason: core signals disagree; current regime fit is weak.",추세 구조 양호와 거래 유동성 양호이 추천 점수를 견인했습니다. 신호 신뢰도 낮음 요인은 함께 점검이 필요합니다.,추세 구조 양호 / 거래 유동성 양호,신호 신뢰도 낮음 / 기대수익 매력 낮음,신뢰도 Medium: core signals disagree; current regime fit is weak,현재 neutral 체계로 균형형 가중치가 적용됐습니다.,high_tech_score,healthy_liquidity_profile,,low_confidence,weak_ret_score,추세 구조 양호,거래 유동성 양호,,신호 신뢰도 낮음,기대수익 매력 낮음,보수적 접근 권장,"{""drivers"": [""high_tech_score"", ""healthy_liquidity_profile""], ""driver_texts"": [""추세 구조 양호"", ""거래 유동성 양호""], ""drags"": [""low_confidence"", ""weak_ret_score""], ""drag_texts"": [""신호 신뢰도 낮음"", ""기대수익 매력 낮음""], ""confidence_label"": ""Medium"", ""confidence_reason"": ""core signals disagree; current regime fit is weak"", ""regime"": ""neutral"", ""weight_profile"": ""neutral_service_balanced"", ""regime_reason"": ""met_conditions=close_gt_ma20,ma20_gt_ma60,recent_20d_return_gt_0.03; true_count=3; breadth_20d=0.527; recent_20d_return=0.0468; ma60=5370.97; volatility_risk_flag=True"", ""action_note"": ""보수적 접근 권장"", ""component_snapshot"": {""ret_score"": 5.91, ""prob_score"": 42.86, ""qual_score"": 22.22, ""tech_score"": 69.01, ""valuation_score"": 50.0, ""risk_penalty"": 18.0, ""live_score"": 21.9, ""final_score"": 21.9, ""confidence_score"": 59.79, ""live_rank"": 175.0, ""live_score_source"": ""final_score""}}",175,2026-04-09 11:17:11,
2026-04-08,030530,-0.0328670975792858,-0.0594747036708863,-0.3008216120008323,-0.2908861042735587,0.1053730305584215,0.1301331359171769,0.0,29350.0,43.21608040201005,3,0.4,75.0,0.0629368122640556,0.0576828191009999,924450.45,944587.0,-0.0927357032457496,-0.032151690024732,46.90656655111599,1.021782184215498,27240.0,30325.0,35248.333333333336,-0.0067681895093062,-0.1010719754977028,원익홀딩스,KOSDAQ,반도체와반도체장비,,,반도체장비,16.875,0.3357412001656977,16.875,16.875,16.875,0.3,,5.6656327527961485,True,False,2026-04-08,5872.34,5523.437,0.0407581147205317,-8114.961149999988,neutral,"met_conditions=close_gt_ma20,ma20_gt_ma60,recent_20d_return_gt_0.03; true_count=3; breadth_20d=0.527; recent_20d_return=0.0468; ma60=5370.97; volatility_risk_flag=True",-0.032151690024732,15.0,22.27832512315271,-0.0067681895093062,-0.1010719754977028,-0.0927357032457496,73.81313310223199,39.14293844797179,0.0629368122640556,0.0576828191009999,24.630541871921178,924450.45,944587.0,64.69622331691296,79.3103448275862,1.0,35.01406786565712,feature_v1,30.049261083743843,0.30049261083743845,0.30049261083743845,30.541871921182267,0.3054187192118227,0.3054187192118227,30.19704433497537,30.19704433497537,30.246305418719214,False,10.53730305584215,0.37438423645320196,37.4384236453202,43.21608040201005,43.43434343434344,0.8375,0.78,28.373484848484853,28.373484848484853,87.68472906403942,63.05418719211823,24.630541871921178,79.3103448275862,50.0,30.19704433497537,37.4384236453202,35.01406786565712,ranking_builder_v8_return_prob_tech_regime,False,False,False,False,False,False,False,False,False,False,False,False,0,17.621689069190744,0.2968474089099229,neutral_service_balanced,0.24,0.24,0.32,0.32,0.26,0.26,0.18,0.18,0.65,0.0,0.0,21.453550000486366,21.453550000486366,1.0,False,False,1.0,False,21.453550000486366,176,v2,0.0,best_weight_by_regime,neutral,0.0,1.0,21.453550000486366,21.453550000486366,0.0,21.453550000486366,0.0,0.0,,,,,,,,,,,,,,,,,False,False,,,,,False,,,,,4.0,True,17.453550000486366,174,176,final_score,21.453550000486366,176,176,8.403376287757709,9.663054187192119,9.733990147783253,5.107227272727274,0.0,0.0,0.0,0.0,-11.454097894973984,9.663054187192119,9.733990147783253,8.403376287757709,5.107227272727274,0.0,0.0,0.0,-11.454097894973984,32.90764789546035,Top-bucket probability score,9.733990147783253,Risk penalty,-11.454097894973984,"요약: live_score 21.5 | live_score_source=final_score | regime=neutral | dominant_driver=prob (Top-bucket probability score 9.7) | top_positive_factor=Top-bucket probability score (9.7) | top_negative_factor=Risk penalty (-11.5)
핵심 driver: Top-bucket probability score (prob_score) contribution 9.7, score 37.4; Primary prediction score (ret_score) contribution 9.7, score 30.2; Tech flow score (tech_score) contribution 8.4, score 35.0
리스크 요인: top_negative_factor=Risk penalty (-11.5); risk_penalty 17.6
운영 상태: theme_overlay: disabled (operational config); confidence: 모델 메타 점수 (calibration 미완), score=NA, label=Experimental, live_score 비반영, research/reference 용도","{""base_score"": 21.5, ""theme_weight"": 0.0, ""weight_source"": ""best_weight_by_regime"", ""regime_applied"": ""neutral"", ""theme"": {""name"": ""반도체장비"", ""confidence"": 0.34, ""contribution"": 0.0}}",confidence_four_axis_v1,1.0,91.25,97.0,39.780518360949394,29.23517252476512,70.8054054689521,58.25924184933278,58.25924184933278,Medium,Medium,Medium,Medium,core signals disagree; current regime fit is weak,"Confidence score is 58.3 (Medium). data_maturity_score=91.2, model_reliability_score=97.0, signal_agreement_score=39.8, regime_fitness_score=29.2. Reason: core signals disagree; current regime fit is weak.",거래 유동성 양호이 추천 점수를 견인했습니다. 신호 신뢰도 낮음 요인은 함께 점검이 필요합니다.,거래 유동성 양호,신호 신뢰도 낮음 / 예상 손실 폭 부담 큼,신뢰도 Medium: core signals disagree; current regime fit is weak,현재 neutral 체계로 균형형 가중치가 적용됐습니다.,healthy_liquidity_profile,,,low_confidence,very_high_risk_penalty,거래 유동성 양호,,,신호 신뢰도 낮음,예상 손실 폭 부담 큼,보수적 접근 권장,"{""drivers"": [""healthy_liquidity_profile""], ""driver_texts"": [""거래 유동성 양호""], ""drags"": [""low_confidence"", ""very_high_risk_penalty""], ""drag_texts"": [""신호 신뢰도 낮음"", ""예상 손실 폭 부담 큼""], ""confidence_label"": ""Medium"", ""confidence_reason"": ""core signals disagree; current regime fit is weak"", ""regime"": ""neutral"", ""weight_profile"": ""neutral_service_balanced"", ""regime_reason"": ""met_conditions=close_gt_ma20,ma20_gt_ma60,recent_20d_return_gt_0.03; true_count=3; breadth_20d=0.527; recent_20d_return=0.0468; ma60=5370.97; volatility_risk_flag=True"", ""action_note"": ""보수적 접근 권장"", ""component_snapshot"": {""ret_score"": 30.2, ""prob_score"": 37.44, ""qual_score"": 28.37, ""tech_score"": 35.01, ""valuation_score"": 50.0, ""risk_penalty"": 17.62, ""live_score"": 21.45, ""final_score"": 21.45, ""confidence_score"": 58.26, ""live_rank"": 176.0, ""live_score_source"": ""final_score""}}",176,2026-04-09 11:17:11,
2026-04-08,440110,-0.0125498380202683,-0.19158878437699,-0.3718782357785176,-0.4032773961214707,0.093416909768758,0.1312889981846868,0.0,57000.0,25.628140703517587,2,0.6,35.0,0.0793707360074602,0.0878015051691404,1340412.15,2098814.0,-0.0981012658227847,0.0202255235367818,54.42770809937594,1.565797504894297,50830.0,55870.0,45698.333333333336,0.0754716981132075,0.0420475319926874,파두,KOSDAQ,반도체,,,,0.0,0.0,,0.0,,0.3,mapping_missing,0.0,False,False,2026-04-08,5872.34,5523.437,0.0407581147205317,-8114.961149999988,neutral,"met_conditions=close_gt_ma20,ma20_gt_ma60,recent_20d_return_gt_0.03; true_count=3; breadth_20d=0.527; recent_20d_return=0.0468; ma60=5370.97; volatility_risk_flag=True",0.0202255235367818,55.0,58.53448275862069,0.0754716981132075,0.0420475319926874,-0.0981012658227847,88.85541619875188,69.87395257185545,0.0793707360074602,0.0878015051691404,2.463054187192121,1340412.15,2098814.0,89.49096880131363,86.69950738916256,1.0,55.93248438537108,feature_v1,36.94581280788177,0.3694581280788177,0.3694581280788177,8.866995073891626,0.08866995073891626,0.08866995073891626,28.522167487684726,28.522167487684726,25.714285714285715,False,9.3416909768758,0.32019704433497537,32.01970443349754,25.628140703517587,25.757575757575758,0.5774999999999999,0.6699999999999999,9.966249999999997,9.966249999999997,96.55172413793103,98.52216748768473,2.463054187192121,86.69950738916256,50.0,28.522167487684726,32.01970443349754,55.93248438537108,ranking_builder_v8_return_prob_tech_regime,False,False,False,False,False,False,False,False,False,False,False,False,0,18.0,0.3844378999156988,neutral_service_balanced,0.24,0.24,0.32,0.32,0.26,0.26,0.18,0.18,0.65,0.0,0.0,20.969938001257532,20.969938001257532,1.0,False,False,1.0,False,20.969938001257532,177,v2,0.0,best_weight_by_regime,neutral,0.0,1.0,20.969938001257532,20.969938001257532,0.0,20.969938001257532,0.0,0.0,,,,,,,,,,,,,,,,,False,False,,,,,False,,,,,10.0,True,10.969938001257532,192,177,final_score,20.969938001257532,177,177,13.42379625248906,9.127093596059112,8.32512315270936,1.7939249999999993,0.0,0.0,0.0,0.0,-11.700000000000001,9.127093596059112,8.32512315270936,13.42379625248906,1.7939249999999993,0.0,0.0,0.0,-11.700000000000001,32.669938001257535,Tech flow score,13.42379625248906,Risk penalty,-11.700000000000001,"요약: live_score 21.0 | live_score_source=final_score | regime=neutral | dominant_driver=tech (Tech flow score 13.4) | top_positive_factor=Tech flow score (13.4) | top_negative_factor=Risk penalty (-11.7)
핵심 driver: Tech flow score (tech_score) contribution 13.4, score 55.9; Primary prediction score (ret_score) contribution 9.1, score 28.5; Top-bucket probability score (prob_score) contribution 8.3, score 32.0
리스크 요인: top_negative_factor=Risk penalty (-11.7); risk_penalty 18.0
운영 상태: theme_overlay: disabled (operational config); confidence: 모델 메타 점수 (calibration 미완), score=NA, label=Experimental, live_score 비반영, research/reference 용도","{""base_score"": 21.0, ""theme_weight"": 0.0, ""weight_source"": ""best_weight_by_regime"", ""regime_applied"": ""neutral"", ""theme"": {""name"": ""(none)"", ""confidence"": 0.0, ""contribution"": 0.0}}",confidence_four_axis_v1,1.0,77.25,97.0,22.460129684388676,28.45203283766535,62.15783734674697,45.57445844128854,45.57445844128854,Medium,Low,Low,Low,core signals disagree; current regime fit is weak,"Confidence score is 45.6 (Low). data_maturity_score=77.2, model_reliability_score=97.0, signal_agreement_score=22.5, regime_fitness_score=28.5. Reason: core signals disagree; current regime fit is weak.",거래 유동성 양호이 추천 점수를 견인했습니다. 신호 신뢰도 낮음 요인은 함께 점검이 필요합니다.,거래 유동성 양호,신호 신뢰도 낮음 / 재무 데이터 일부 부족,신뢰도 Low: core signals disagree; current regime fit is weak,현재 neutral 체계로 균형형 가중치가 적용됐습니다.,healthy_liquidity_profile,,,low_confidence,partial_quality_coverage,거래 유동성 양호,,,신호 신뢰도 낮음,재무 데이터 일부 부족,보수적 접근 권장,"{""drivers"": [""healthy_liquidity_profile""], ""driver_texts"": [""거래 유동성 양호""], ""drags"": [""low_confidence"", ""partial_quality_coverage""], ""drag_texts"": [""신호 신뢰도 낮음"", ""재무 데이터 일부 부족""], ""confidence_label"": ""Low"", ""confidence_reason"": ""core signals disagree; current regime fit is weak"", ""regime"": ""neutral"", ""weight_profile"": ""neutral_service_balanced"", ""regime_reason"": ""met_conditions=close_gt_ma20,ma20_gt_ma60,recent_20d_return_gt_0.03; true_count=3; breadth_20d=0.527; recent_20d_return=0.0468; ma60=5370.97; volatility_risk_flag=True"", ""action_note"": ""보수적 접근 권장"", ""component_snapshot"": {""ret_score"": 28.52, ""prob_score"": 32.02, ""qual_score"": 9.97, ""tech_score"": 55.93, ""valuation_score"": 50.0, ""risk_penalty"": 18.0, ""live_score"": 20.97, ""final_score"": 20.97, ""confidence_score"": 45.57, ""live_rank"": 177.0, ""live_score_source"": ""final_score""}}",177,2026-04-09 11:17:11,
2026-04-08,950160,-0.0727948519175455,-0.1519761771495446,-0.3464147563465037,-0.3863399579887344,0.1343924135385284,0.0589782444934527,0.0,101500.0,21.608040201005025,3,0.4,75.0,0.0625763706215863,0.056945893060112,552412.3,340059.0,0.027327935222672,-0.0191815238923515,49.477463973941695,0.6155891170417458,99860.0,103485.0,95965.0,-0.0645161290322581,-0.0078201368523949,코오롱티슈진,KOSDAQ,생물공학,,,바이오,21.09375,0.4208811131386861,21.09375,21.09375,21.09375,0.3,,8.87796098026916,True,False,2026-04-08,5872.34,5523.437,0.0407581147205317,-8114.961149999988,neutral,"met_conditions=close_gt_ma20,ma20_gt_ma60,recent_20d_return_gt_0.03; true_count=3; breadth_20d=0.527; recent_20d_return=0.0468; ma60=5370.97; volatility_risk_flag=True",-0.0191815238923515,35.0,36.2192118226601,-0.0645161290322581,-0.0078201368523949,0.027327935222672,78.95492794788339,56.43823937613341,0.0625763706215863,0.056945893060112,25.36945812807881,552412.3,340059.0,39.90147783251231,63.54679802955665,1.0,41.67826062893734,feature_v1,22.167487684729064,0.22167487684729065,0.22167487684729065,13.30049261083744,0.1330049261083744,0.1330049261083744,19.507389162561577,19.507389162561577,18.620689655172413,False,13.439241353852841,0.5320197044334976,53.20197044334976,21.608040201005025,21.71717171717172,0.8375,0.78,14.186742424242427,14.186742424242427,87.192118226601,62.06896551724138,25.36945812807881,63.54679802955665,50.0,19.507389162561577,53.20197044334976,41.67826062893734,ranking_builder_v8_return_prob_tech_regime,False,False,False,False,False,False,False,False,False,False,False,False,0,18.0,0.36238483700339597,neutral_service_balanced,0.24,0.24,0.32,0.32,0.26,0.26,0.18,0.18,0.65,0.0,0.0,20.931273034599236,20.931273034599236,1.0,False,False,1.0,False,20.931273034599236,178,v2,0.0,best_weight_by_regime,neutral,0.0,1.0,20.931273034599236,20.931273034599236,0.0,20.931273034599236,0.0,0.0,,,,,,,,,,,,,,,,,False,False,,,,,False,,,,,10.0,True,10.931273034599236,194,178,final_score,20.931273034599236,178,178,10.00278255094496,6.242364532019705,13.832512315270938,2.553613636363637,0.0,0.0,0.0,0.0,-11.700000000000001,6.242364532019705,13.832512315270938,10.00278255094496,2.553613636363637,0.0,0.0,0.0,-11.700000000000001,32.63127303459924,Top-bucket probability score,13.832512315270938,Risk penalty,-11.700000000000001,"요약: live_score 20.9 | live_score_source=final_score | regime=neutral | dominant_driver=prob (Top-bucket probability score 13.8) | top_positive_factor=Top-bucket probability score (13.8) | top_negative_factor=Risk penalty (-11.7)
핵심 driver: Top-bucket probability score (prob_score) contribution 13.8, score 53.2; Tech flow score (tech_score) contribution 10.0, score 41.7; Primary prediction score (ret_score) contribution 6.2, score 19.5
리스크 요인: top_negative_factor=Risk penalty (-11.7); risk_penalty 18.0
운영 상태: theme_overlay: disabled (operational config); confidence: 모델 메타 점수 (calibration 미완), score=NA, label=Experimental, live_score 비반영, research/reference 용도","{""base_score"": 20.9, ""theme_weight"": 0.0, ""weight_source"": ""best_weight_by_regime"", ""regime_applied"": ""neutral"", ""theme"": {""name"": ""바이오"", ""confidence"": 0.42, ""contribution"": 0.0}}",confidence_four_axis_v1,1.0,91.25,97.0,30.795431594267797,28.83607278558744,68.49926881640506,54.58538719482461,54.58538719482461,Medium,Medium,Medium,Medium,core signals disagree; current regime fit is weak,"Confidence score is 54.6 (Medium). data_maturity_score=91.2, model_reliability_score=97.0, signal_agreement_score=30.8, regime_fitness_score=28.8. Reason: core signals disagree; current regime fit is weak.",뚜렷한 추천 강점은 제한적입니다. 신호 신뢰도 낮음 요인은 함께 점검이 필요합니다.,뚜렷한 강점 제한적,신호 신뢰도 낮음 / 재무 품질 보완 필요,신뢰도 Medium: core signals disagree; current regime fit is weak,현재 neutral 체계로 균형형 가중치가 적용됐습니다.,,,,low_confidence,weak_quality_score,,,,신호 신뢰도 낮음,재무 품질 보완 필요,보수적 접근 권장,"{""drivers"": [], ""driver_texts"": [], ""drags"": [""low_confidence"", ""weak_quality_score""], ""drag_texts"": [""신호 신뢰도 낮음"", ""재무 품질 보완 필요""], ""confidence_label"": ""Medium"", ""confidence_reason"": ""core signals disagree; current regime fit is weak"", ""regime"": ""neutral"", ""weight_profile"": ""neutral_service_balanced"", ""regime_reason"": ""met_conditions=close_gt_ma20,ma20_gt_ma60,recent_20d_return_gt_0.03; true_count=3; breadth_20d=0.527; recent_20d_return=0.0468; ma60=5370.97; volatility_risk_flag=True"", ""action_note"": ""보수적 접근 권장"", ""component_snapshot"": {""ret_score"": 19.51, ""prob_score"": 53.2, ""qual_score"": 14.19, ""tech_score"": 41.68, ""valuation_score"": 50.0, ""risk_penalty"": 18.0, ""live_score"": 20.93, ""final_score"": 20.93, ""confidence_score"": 54.59, ""live_rank"": 178.0, ""live_score_source"": ""final_score""}}",178,2026-04-09 11:17:11,
2026-04-08,035420,-0.0981042235448275,-0.1392972105944202,-0.2116339284668635,-0.2793703131009425,0.0596124049533967,0.0374010982582619,0.0,201500.0,65.32663316582915,3,0.4,75.0,0.0276113512085045,0.0321991859026698,646275.35,699966.0,-0.0923423423423422,-0.0458150822777317,39.210690407631176,1.0830770506719776,197500.0,211175.0,238100.0,-0.0404761904761904,-0.0649651972157773,NAVER,KOSPI,인터넷/플랫폼·콘텐츠,,,,0.0,0.0,,0.0,,0.3,mapping_missing,0.0,False,False,2026-04-08,5872.34,5523.437,0.0407581147205317,-8114.961149999988,neutral,"met_conditions=close_gt_ma20,ma20_gt_ma60,recent_20d_return_gt_0.03; true_count=3; breadth_20d=0.527; recent_20d_return=0.0468; ma60=5370.97; volatility_risk_flag=True",-0.0458150822777317,15.0,19.56896551724138,-0.0404761904761904,-0.0649651972157773,-0.0923423423423422,58.42138081526235,34.43293141071214,0.0276113512085045,0.0321991859026698,89.90147783251231,646275.35,699966.0,62.39737274220033,67.98029556650246,1.0,45.26211712675418,feature_v1,14.77832512315271,0.1477832512315271,0.1477832512315271,15.270935960591133,0.15270935960591134,0.15270935960591134,14.926108374384237,14.926108374384237,14.97536945812808,False,5.96124049533967,0.1724137931034483,17.24137931034483,65.32663316582915,65.65656565656566,0.8375,0.78,42.89015151515152,42.89015151515152,9.852216748768473,10.344827586206897,89.90147783251231,67.98029556650246,50.0,14.926108374384237,17.24137931034483,45.26211712675418,ranking_builder_v8_return_prob_tech_regime,False,False,False,False,False,False,False,False,False,False,False,False,0,10.647417878459411,0.2387284823204951,neutral_service_balanced,0.24,0.24,0.32,0.32,0.26,0.26,0.18,0.18,0.65,0.0,0.0,20.92142706264227,20.92142706264227,1.0,False,False,1.0,False,20.92142706264227,179,v2,0.0,best_weight_by_regime,neutral,0.0,1.0,20.92142706264227,20.92142706264227,0.0,20.92142706264227,0.0,0.0,,,,,,,,,,,,,,,,,False,False,,,,,False,,,,,0.0,False,20.92142706264227,162,179,final_score,20.92142706264227,179,179,10.862908110421001,4.776354679802956,4.482758620689656,7.720227272727274,0.0,0.0,0.0,0.0,-6.920821620998617,4.776354679802956,4.482758620689656,10.862908110421001,7.720227272727274,0.0,0.0,0.0,-6.920821620998617,27.842248683640886,Tech flow score,10.862908110421001,Risk penalty,-6.920821620998617,"요약: live_score 20.9 | live_score_source=final_score | regime=neutral | dominant_driver=tech (Tech flow score 10.9) | top_positive_factor=Tech flow score (10.9) | top_negative_factor=Risk penalty (-6.9)
핵심 driver: Tech flow score (tech_score) contribution 10.9, score 45.3; Financial quality score (qual_score) contribution 7.7, score 42.9; Primary prediction score (ret_score) contribution 4.8, score 14.9
리스크 요인: top_negative_factor=Risk penalty (-6.9); risk_penalty 10.6
운영 상태: theme_overlay: disabled (operational config); confidence: 모델 메타 점수 (calibration 미완), score=NA, label=Experimental, live_score 비반영, research/reference 용도","{""base_score"": 20.9, ""theme_weight"": 0.0, ""weight_source"": ""best_weight_by_regime"", ""regime_applied"": ""neutral"", ""theme"": {""name"": ""(none)"", ""confidence"": 0.0, ""contribution"": 0.0}}",confidence_four_axis_v1,1.0,91.25,97.0,33.39919737428902,29.13381046144582,69.19487091278913,55.68644104200477,55.68644104200477,Medium,Medium,Medium,Medium,core signals disagree; current regime fit is weak,"Confidence score is 55.7 (Medium). data_maturity_score=91.2, model_reliability_score=97.0, signal_agreement_score=33.4, regime_fitness_score=29.1. Reason: core signals disagree; current regime fit is weak.",변동성 관리 양호와 거래 유동성 양호이 추천 점수를 견인했습니다. 신호 신뢰도 낮음 요인은 함께 점검이 필요합니다.,변동성 관리 양호 / 거래 유동성 양호,신호 신뢰도 낮음 / 기대수익 매력 낮음,신뢰도 Medium: core signals disagree; current regime fit is weak,현재 neutral 체계로 균형형 가중치가 적용됐습니다.,strong_safety_profile,healthy_liquidity_profile,,low_confidence,weak_ret_score,변동성 관리 양호,거래 유동성 양호,,신호 신뢰도 낮음,기대수익 매력 낮음,보수적 접근 권장,"{""drivers"": [""strong_safety_profile"", ""healthy_liquidity_profile""], ""driver_texts"": [""변동성 관리 양호"", ""거래 유동성 양호""], ""drags"": [""low_confidence"", ""weak_ret_score""], ""drag_texts"": [""신호 신뢰도 낮음"", ""기대수익 매력 낮음""], ""confidence_label"": ""Medium"", ""confidence_reason"": ""core signals disagree; current regime fit is weak"", ""regime"": ""neutral"", ""weight_profile"": ""neutral_service_balanced"", ""regime_reason"": ""met_conditions=close_gt_ma20,ma20_gt_ma60,recent_20d_return_gt_0.03; true_count=3; breadth_20d=0.527; recent_20d_return=0.0468; ma60=5370.97; volatility_risk_flag=True"", ""action_note"": ""보수적 접근 권장"", ""component_snapshot"": {""ret_score"": 14.93, ""prob_score"": 17.24, ""qual_score"": 42.89, ""tech_score"": 45.26, ""valuation_score"": 50.0, ""risk_penalty"": 10.65, ""live_score"": 20.92, ""final_score"": 20.92, ""confidence_score"": 55.69, ""live_rank"": 179.0, ""live_score_source"": ""final_score""}}",179,2026-04-09 11:17:11,
2026-04-08,277810,0.0065672179023112,0.025813938086548,-0.3517814469936013,-0.3940468850340098,0.0724189111999566,0.0199513502428322,0.0,606000.0,31.65829145728643,3,0.4,75.0,0.0503077707440731,0.0692011968210225,167719.0,169938.0,-0.1898395721925133,-0.0218707126139939,47.70019943650345,1.0132304628575175,555200.0,619550.0,652041.6666666666,0.0802139037433156,0.0016528925619834,레인보우로보틱스,KOSDAQ,기계/중공업·방산,,,,0.0,0.0,,0.0,,0.3,mapping_missing,0.0,False,False,2026-04-08,5872.34,5523.437,0.0407581147205317,-8114.961149999988,neutral,"met_conditions=close_gt_ma20,ma20_gt_ma60,recent_20d_return_gt_0.03; true_count=3; breadth_20d=0.527; recent_20d_return=0.0468; ma60=5370.97; volatility_risk_flag=True",-0.0218707126139939,15.0,25.726600985221676,0.0802139037433156,0.0016528925619834,-0.1898395721925133,75.4003988730069,59.36734109756207,0.0503077707440731,0.0692011968210225,24.13793103448276,167719.0,169938.0,28.4072249589491,22.167487684729064,1.0,37.585219630452144,feature_v1,42.857142857142854,0.42857142857142855,0.42857142857142855,46.30541871921182,0.4630541871921182,0.4630541871921182,43.891625615763544,43.891625615763544,44.23645320197044,False,7.2418911199956595,0.22167487684729065,22.167487684729064,31.65829145728643,31.818181818181817,0.8375,0.78,20.785227272727273,20.785227272727273,66.00985221674877,85.71428571428571,24.13793103448276,22.167487684729064,50.0,43.891625615763544,22.167487684729064,37.585219630452144,ranking_builder_v8_return_prob_tech_regime,False,False,False,False,False,False,False,False,False,False,False,False,0,18.0,0.3686876222097647,neutral_service_balanced,0.24,0.24,0.32,0.32,0.26,0.26,0.18,0.18,0.65,0.0,0.0,20.870660615473312,20.870660615473312,1.0,False,False,1.0,False,20.870660615473312,180,v2,0.0,best_weight_by_regime,neutral,0.0,1.0,20.870660615473312,20.870660615473312,0.0,20.870660615473312,0.0,0.0,,,,,,,,,,,,,,,,,False,False,,,,,False,,,,,4.0,True,16.870660615473312,176,180,final_score,20.870660615473312,180,180,9.020452711308515,14.045320197044335,5.763546798029557,3.741340909090909,0.0,0.0,0.0,0.0,-11.700000000000001,14.045320197044335,5.763546798029557,9.020452711308515,3.741340909090909,0.0,0.0,0.0,-11.700000000000001,32.570660615473315,Primary prediction score,14.045320197044335,Risk penalty,-11.700000000000001,"요약: live_score 20.9 | live_score_source=final_score | regime=neutral | dominant_driver=ret (Primary prediction score 14.0) | top_positive_factor=Primary prediction score (14.0) | top_negative_factor=Risk penalty (-11.7)
핵심 driver: Primary prediction score (ret_score) contribution 14.0, score 43.9; Tech flow score (tech_score) contribution 9.0, score 37.6; Top-bucket probability score (prob_score) contribution 5.8, score 22.2
리스크 요인: top_negative_factor=Risk penalty (-11.7); risk_penalty 18.0
운영 상태: theme_overlay: disabled (operational config); confidence: 모델 메타 점수 (calibration 미완), score=NA, label=Experimental, live_score 비반영, research/reference 용도","{""base_score"": 20.9, ""theme_weight"": 0.0, ""weight_source"": ""best_weight_by_regime"", ""regime_applied"": ""neutral"", ""theme"": {""name"": ""(none)"", ""confidence"": 0.0, ""contribution"": 0.0}}",confidence_four_axis_v1,1.0,91.25,97.0,35.56808049708911,28.452532506475563,69.6349000002436,56.417738700130755,56.417738700130755,Medium,Medium,Medium,Medium,core signals disagree; current regime fit is weak,"Confidence score is 56.4 (Medium). data_maturity_score=91.2, model_reliability_score=97.0, signal_agreement_score=35.6, regime_fitness_score=28.5. Reason: core signals disagree; current regime fit is weak.",뚜렷한 추천 강점은 제한적입니다. 신호 신뢰도 낮음 요인은 함께 점검이 필요합니다.,뚜렷한 강점 제한적,신호 신뢰도 낮음 / 재무 품질 보완 필요,신뢰도 Medium: core signals disagree; current regime fit is weak,현재 neutral 체계로 균형형 가중치가 적용됐습니다.,,,,low_confidence,weak_quality_score,,,,신호 신뢰도 낮음,재무 품질 보완 필요,보수적 접근 권장,"{""drivers"": [], ""driver_texts"": [], ""drags"": [""low_confidence"", ""weak_quality_score""], ""drag_texts"": [""신호 신뢰도 낮음"", ""재무 품질 보완 필요""], ""confidence_label"": ""Medium"", ""confidence_reason"": ""core signals disagree; current regime fit is weak"", ""regime"": ""neutral"", ""weight_profile"": ""neutral_service_balanced"", ""regime_reason"": ""met_conditions=close_gt_ma20,ma20_gt_ma60,recent_20d_return_gt_0.03; true_count=3; breadth_20d=0.527; recent_20d_return=0.0468; ma60=5370.97; volatility_risk_flag=True"", ""action_note"": ""보수적 접근 권장"", ""component_snapshot"": {""ret_score"": 43.89, ""prob_score"": 22.17, ""qual_score"": 20.79, ""tech_score"": 37.59, ""valuation_score"": 50.0, ""risk_penalty"": 18.0, ""live_score"": 20.87, ""final_score"": 20.87, ""confidence_score"": 56.42, ""live_rank"": 180.0, ""live_score_source"": ""final_score""}}",180,2026-04-09 11:17:11,
2026-04-08,218410,-0.1384883805398291,-0.0854481882775158,-0.3120058938374348,-0.3785367968596589,0.0563637362536188,0.0229985047856924,0.0,85100.0,80.40201005025126,5,0.0,100.0,0.0836866356160898,0.0782168589554144,714142.95,589540.0,-0.0502232142857143,0.0367302186757629,56.14071857188616,0.8255209968816468,85560.0,82085.0,60671.66666666666,-0.0966029723991507,-0.0395033860045146,RFHIC,KOSDAQ,통신장비,,,,0.0,0.0,,0.0,,0.3,mapping_missing,0.0,False,False,2026-04-08,5872.34,5523.437,0.0407581147205317,-8114.961149999988,neutral,"met_conditions=close_gt_ma20,ma20_gt_ma60,recent_20d_return_gt_0.03; true_count=3; breadth_20d=0.527; recent_20d_return=0.0468; ma60=5370.97; volatility_risk_flag=True",0.0367302186757629,55.0,62.967980295566505,-0.0966029723991507,-0.0395033860045146,-0.0502232142857143,92.28143714377232,45.607305098750956,0.0836866356160898,0.0782168589554144,3.694581280788171,714142.95,589540.0,52.545155993431855,71.42857142857143,1.0,43.4736405284052,feature_v1,6.896551724137931,0.06896551724137931,0.06896551724137931,23.645320197044335,0.23645320197044334,0.23645320197044334,11.92118226600985,11.92118226600985,13.596059113300493,False,5.6363736253618795,0.1477832512315271,14.77832512315271,80.40201005025126,80.3030303030303,1.0,1.0,80.3030303030303,80.3030303030303,97.04433497536947,95.56650246305419,3.694581280788171,71.42857142857143,50.0,11.92118226600985,14.77832512315271,43.4736405284052,ranking_builder_v8_return_prob_tech_regime,False,False,False,False,False,False,False,False,False,False,False,False,0,18.0,0.3386182550463245,neutral_service_balanced,0.24,0.24,0.32,0.32,0.26,0.26,0.18,0.18,0.65,0.0,0.0,20.845362038505556,20.845362038505556,1.0,False,False,1.0,False,20.845362038505556,181,v2,0.0,best_weight_by_regime,neutral,0.0,1.0,20.845362038505556,20.845362038505556,0.0,20.845362038505556,0.0,0.0,,,,,,,,,,,,,,,,,False,False,,,,,False,,,,,4.0,True,16.845362038505556,178,181,final_score,20.845362038505556,181,181,10.433673726817247,3.8147783251231524,3.8423645320197046,14.454545454545453,0.0,0.0,0.0,0.0,-11.700000000000001,3.8147783251231524,3.8423645320197046,10.433673726817247,14.454545454545453,0.0,0.0,0.0,-11.700000000000001,32.54536203850556,Financial quality score,14.454545454545453,Risk penalty,-11.700000000000001,"요약: live_score 20.8 | live_score_source=final_score | regime=neutral | dominant_driver=tech (Tech flow score 10.4) | top_positive_factor=Financial quality score (14.5) | top_negative_factor=Risk penalty (-11.7)
핵심 driver: Financial quality score (qual_score) contribution 14.5, score 80.3; Tech flow score (tech_score) contribution 10.4, score 43.5; Top-bucket probability score (prob_score) contribution 3.8, score 14.8
리스크 요인: top_negative_factor=Risk penalty (-11.7); risk_penalty 18.0
운영 상태: theme_overlay: disabled (operational config); confidence: 모델 메타 점수 (calibration 미완), score=NA, label=Experimental, live_score 비반영, research/reference 용도","{""base_score"": 20.8, ""theme_weight"": 0.0, ""weight_source"": ""best_weight_by_regime"", ""regime_applied"": ""neutral"", ""theme"": {""name"": ""(none)"", ""confidence"": 0.0, ""contribution"": 0.0}}",confidence_four_axis_v1,1.0,100.0,97.0,33.23544558889387,28.427942018205297,71.67305269995425,58.9797666391986,58.9797666391986,Medium,Medium,Medium,Medium,core signals disagree; current regime fit is weak,"Confidence score is 59.0 (Medium). data_maturity_score=100.0, model_reliability_score=97.0, signal_agreement_score=33.2, regime_fitness_score=28.4. Reason: core signals disagree; current regime fit is weak.",재무 품질 양호와 거래 유동성 양호이 추천 점수를 견인했습니다. 신호 신뢰도 낮음 요인은 함께 점검이 필요합니다.,재무 품질 양호 / 거래 유동성 양호,신호 신뢰도 낮음 / 방어력 약함,신뢰도 Medium: core signals disagree; current regime fit is weak,현재 neutral 체계로 균형형 가중치가 적용됐습니다.,strong_quality_profile,healthy_liquidity_profile,,low_confidence,weak_safety_score,재무 품질 양호,거래 유동성 양호,,신호 신뢰도 낮음,방어력 약함,보수적 접근 권장,"{""drivers"": [""strong_quality_profile"", ""healthy_liquidity_profile""], ""driver_texts"": [""재무 품질 양호"", ""거래 유동성 양호""], ""drags"": [""low_confidence"", ""weak_safety_score""], ""drag_texts"": [""신호 신뢰도 낮음"", ""방어력 약함""], ""confidence_label"": ""Medium"", ""confidence_reason"": ""core signals disagree; current regime fit is weak"", ""regime"": ""neutral"", ""weight_profile"": ""neutral_service_balanced"", ""regime_reason"": ""met_conditions=close_gt_ma20,ma20_gt_ma60,recent_20d_return_gt_0.03; true_count=3; breadth_20d=0.527; recent_20d_return=0.0468; ma60=5370.97; volatility_risk_flag=True"", ""action_note"": ""보수적 접근 권장"", ""component_snapshot"": {""ret_score"": 11.92, ""prob_score"": 14.78, ""qual_score"": 80.3, ""tech_score"": 43.47, ""valuation_score"": 50.0, ""risk_penalty"": 18.0, ""live_score"": 20.85, ""final_score"": 20.85, ""confidence_score"": 58.98, ""live_rank"": 181.0, ""live_score_source"": ""final_score""}}",181,2026-04-09 11:17:11,
2026-04-08,085660,-0.1376500901098697,-0.0742096677803837,-0.3462108528401315,-0.3804491840267995,0.1684447445223342,0.1086584784012595,0.0,18100.0,8.542713567839195,5,0.0,100.0,0.0447225777457754,0.0525311104361198,487583.5,391253.0,-0.0054945054945054,-0.0290480916235281,47.06706936493425,0.8024328140718462,17562.0,18641.5,18875.33333333333,-0.0392781316348195,-0.0802845528455284,차바이오텍,KOSDAQ,바이오/제약,,,바이오,23.4375,0.4458811131386861,23.4375,23.4375,23.4375,0.3,,10.450338589187956,True,False,2026-04-08,5872.34,5523.437,0.0407581147205317,-8114.961149999988,neutral,"met_conditions=close_gt_ma20,ma20_gt_ma60,recent_20d_return_gt_0.03; true_count=3; breadth_20d=0.527; recent_20d_return=0.0468; ma60=5370.97; volatility_risk_flag=True",-0.0290480916235281,15.0,23.26354679802956,-0.0392781316348195,-0.0802845528455284,-0.0054945054945054,74.1341387298685,44.641909066703576,0.0447225777457754,0.0525311104361198,47.78325123152709,487583.5,391253.0,43.51395730706076,58.620689655172406,1.0,38.687476055119646,feature_v1,7.389162561576355,0.07389162561576355,0.07389162561576355,27.093596059113302,0.270935960591133,0.270935960591133,13.30049261083744,13.30049261083744,15.270935960591135,False,16.84447445223342,0.6699507389162561,66.99507389162561,8.542713567839195,8.585858585858585,1.0,1.0,8.585858585858585,8.585858585858585,53.20197044334976,51.231527093596064,47.78325123152709,58.620689655172406,50.0,13.30049261083744,66.99507389162561,38.687476055119646,ranking_builder_v8_return_prob_tech_regime,False,False,False,False,False,False,False,False,False,False,False,False,0,18.0,0.3599061853147987,neutral_service_balanced,0.24,0.24,0.32,0.32,0.26,0.26,0.18,0.18,0.65,0.0,0.0,20.8053256459739,20.8053256459739,1.0,False,False,1.0,False,20.8053256459739,182,v2,0.0,best_weight_by_regime,neutral,0.0,1.0,20.8053256459739,20.8053256459739,0.0,20.8053256459739,0.0,0.0,,,,,,,,,,,,,,,,,False,False,,,,,False,,,,,10.0,True,10.805325645973902,195,182,final_score,20.8053256459739,182,182,9.284994253228716,4.25615763546798,17.41871921182266,1.5454545454545452,0.0,0.0,0.0,0.0,-11.700000000000001,4.25615763546798,17.41871921182266,9.284994253228716,1.5454545454545452,0.0,0.0,0.0,-11.700000000000001,32.5053256459739,Top-bucket probability score,17.41871921182266,Risk penalty,-11.700000000000001,"요약: live_score 20.8 | live_score_source=final_score | regime=neutral | dominant_driver=prob (Top-bucket probability score 17.4) | top_positive_factor=Top-bucket probability score (17.4) | top_negative_factor=Risk penalty (-11.7)
핵심 driver: Top-bucket probability score (prob_score) contribution 17.4, score 67.0; Tech flow score (tech_score) contribution 9.3, score 38.7; Primary prediction score (ret_score) contribution 4.3, score 13.3
리스크 요인: top_negative_factor=Risk penalty (-11.7); risk_penalty 18.0
운영 상태: theme_overlay: disabled (operational config); confidence: 모델 메타 점수 (calibration 미완), score=NA, label=Experimental, live_score 비반영, research/reference 용도","{""base_score"": 20.8, ""theme_weight"": 0.0, ""weight_source"": ""best_weight_by_regime"", ""regime_applied"": ""neutral"", ""theme"": {""name"": ""바이오"", ""confidence"": 0.45, ""contribution"": 0.0}}",confidence_four_axis_v1,1.0,100.0,97.0,36.22723540826989,28.914188249785933,72.49393708953536,60.273731813265144,60.273731813265144,Medium,Medium,Medium,Medium,core signals disagree; current regime fit is weak,"Confidence score is 60.3 (Medium). data_maturity_score=100.0, model_reliability_score=97.0, signal_agreement_score=36.2, regime_fitness_score=28.9. Reason: core signals disagree; current regime fit is weak.",상위권 진입 확률 우수이 추천 점수를 견인했습니다. 재무 품질 보완 필요 요인은 함께 점검이 필요합니다.,상위권 진입 확률 우수,재무 품질 보완 필요 / 기대수익 매력 낮음,신뢰도 Medium: core signals disagree; current regime fit is weak,현재 neutral 체계로 균형형 가중치가 적용됐습니다.,high_probability_score,,,weak_quality_score,weak_ret_score,상위권 진입 확률 우수,,,재무 품질 보완 필요,기대수익 매력 낮음,추가 확인 후 판단,"{""drivers"": [""high_probability_score""], ""driver_texts"": [""상위권 진입 확률 우수""], ""drags"": [""weak_quality_score"", ""weak_ret_score""], ""drag_texts"": [""재무 품질 보완 필요"", ""기대수익 매력 낮음""], ""confidence_label"": ""Medium"", ""confidence_reason"": ""core signals disagree; current regime fit is weak"", ""regime"": ""neutral"", ""weight_profile"": ""neutral_service_balanced"", ""regime_reason"": ""met_conditions=close_gt_ma20,ma20_gt_ma60,recent_20d_return_gt_0.03; true_count=3; breadth_20d=0.527; recent_20d_return=0.0468; ma60=5370.97; volatility_risk_flag=True"", ""action_note"": ""추가 확인 후 판단"", ""component_snapshot"": {""ret_score"": 13.3, ""prob_score"": 67.0, ""qual_score"": 8.59, ""tech_score"": 38.69, ""valuation_score"": 50.0, ""risk_penalty"": 18.0, ""live_score"": 20.81, ""final_score"": 20.81, ""confidence_score"": 60.27, ""live_rank"": 182.0, ""live_score_source"": ""final_score""}}",182,2026-04-09 11:17:11,
2026-04-08,078600,-0.1056695035001411,-0.1763564524427416,-0.3107139785816467,-0.3668863340227659,0.0912546695751871,0.0402531173289227,0.0,117000.0,57.286432160804026,5,0.0,100.0,0.0389777700147486,0.0706406098443667,344732.5,275388.0,0.1037735849056604,-0.029569112097209,52.00271092774052,0.7988454816415627,117600.0,120565.0,95226.66666666669,-0.0837901331245105,-0.0729001584786054,대주전자재료,KOSDAQ,전자/부품,,,,0.0,0.0,,0.0,,0.3,mapping_missing,0.0,False,False,2026-04-08,5872.34,5523.437,0.0407581147205317,-8114.961149999988,neutral,"met_conditions=close_gt_ma20,ma20_gt_ma60,recent_20d_return_gt_0.03; true_count=3; breadth_20d=0.527; recent_20d_return=0.0468; ma60=5370.97; volatility_risk_flag=True",-0.029569112097209,35.0,33.01724137931035,-0.0837901331245105,-0.0729001584786054,0.1037735849056604,84.00542185548105,53.51367073480622,0.0389777700147486,0.0706406098443667,39.162561576354676,344732.5,275388.0,35.4679802955665,47.783251231527096,1.0,41.78766653058119,feature_v1,12.31527093596059,0.12315270935960591,0.12315270935960591,11.330049261083744,0.11330049261083744,0.11330049261083744,12.019704433497536,12.019704433497536,11.92118226600985,False,9.12546695751871,0.31527093596059114,31.527093596059114,57.286432160804026,57.57575757575758,1.0,1.0,57.57575757575758,57.57575757575758,33.99014778325123,87.68472906403942,39.162561576354676,47.783251231527096,50.0,12.019704433497536,31.527093596059114,41.78766653058119,ranking_builder_v8_return_prob_tech_regime,False,False,False,False,False,False,False,False,False,False,False,False,0,18.0,0.33318292075809436,neutral_service_balanced,0.24,0.24,0.32,0.32,0.26,0.26,0.18,0.18,0.65,0.0,0.0,20.736026084670428,20.736026084670428,1.0,False,False,1.0,False,20.736026084670428,183,v2,0.0,best_weight_by_regime,neutral,0.0,1.0,20.736026084670428,20.736026084670428,0.0,20.736026084670428,0.0,0.0,,,,,,,,,,,,,,,,,False,False,,,,,False,,,,,4.0,True,16.736026084670428,179,183,final_score,20.736026084670428,183,183,10.029039967339486,3.8463054187192114,8.19704433497537,10.363636363636363,0.0,0.0,0.0,0.0,-11.700000000000001,3.8463054187192114,8.19704433497537,10.029039967339486,10.363636363636363,0.0,0.0,0.0,-11.700000000000001,32.43602608467043,Financial quality score,10.363636363636363,Risk penalty,-11.700000000000001,"요약: live_score 20.7 | live_score_source=final_score | regime=neutral | dominant_driver=tech (Tech flow score 10.0) | top_positive_factor=Financial quality score (10.4) | top_negative_factor=Risk penalty (-11.7)
핵심 driver: Financial quality score (qual_score) contribution 10.4, score 57.6; Tech flow score (tech_score) contribution 10.0, score 41.8; Top-bucket probability score (prob_score) contribution 8.2, score 31.5
리스크 요인: top_negative_factor=Risk penalty (-11.7); risk_penalty 18.0
운영 상태: theme_overlay: disabled (operational config); confidence: 모델 메타 점수 (calibration 미완), score=NA, label=Experimental, live_score 비반영, research/reference 용도","{""base_score"": 20.7, ""theme_weight"": 0.0, ""weight_source"": ""best_weight_by_regime"", ""regime_applied"": ""neutral"", ""theme"": {""name"": ""(none)"", ""confidence"": 0.0, ""contribution"": 0.0}}",confidence_four_axis_v1,1.0,100.0,97.0,28.833184057321986,28.50167422267095,70.58354714773114,57.233608467462986,57.233608467462986,Medium,Medium,Medium,Medium,core signals disagree; current regime fit is weak,"Confidence score is 57.2 (Medium). data_maturity_score=100.0, model_reliability_score=97.0, signal_agreement_score=28.8, regime_fitness_score=28.5. Reason: core signals disagree; current regime fit is weak.",뚜렷한 추천 강점은 제한적입니다. 신호 신뢰도 낮음 요인은 함께 점검이 필요합니다.,뚜렷한 강점 제한적,신호 신뢰도 낮음 / 기대수익 매력 낮음,신뢰도 Medium: core signals disagree; current regime fit is weak,현재 neutral 체계로 균형형 가중치가 적용됐습니다.,,,,low_confidence,weak_ret_score,,,,신호 신뢰도 낮음,기대수익 매력 낮음,보수적 접근 권장,"{""drivers"": [], ""driver_texts"": [], ""drags"": [""low_confidence"", ""weak_ret_score""], ""drag_texts"": [""신호 신뢰도 낮음"", ""기대수익 매력 낮음""], ""confidence_label"": ""Medium"", ""confidence_reason"": ""core signals disagree; current regime fit is weak"", ""regime"": ""neutral"", ""weight_profile"": ""neutral_service_balanced"", ""regime_reason"": ""met_conditions=close_gt_ma20,ma20_gt_ma60,recent_20d_return_gt_0.03; true_count=3; breadth_20d=0.527; recent_20d_return=0.0468; ma60=5370.97; volatility_risk_flag=True"", ""action_note"": ""보수적 접근 권장"", ""component_snapshot"": {""ret_score"": 12.02, ""prob_score"": 31.53, ""qual_score"": 57.58, ""tech_score"": 41.79, ""valuation_score"": 50.0, ""risk_penalty"": 18.0, ""live_score"": 20.74, ""final_score"": 20.74, ""confidence_score"": 57.23, ""live_rank"": 183.0, ""live_score_source"": ""final_score""}}",183,2026-04-09 11:17:11,
2026-04-08,377300,-0.1075136913563946,-0.1277828502613545,-0.313608750536654,-0.3476525398826134,0.1454219923964566,0.237660989252528,0.0,52500.0,35.175879396984925,3,0.4,75.0,0.0464320984818248,0.0624690595529639,440876.35,362802.0,-0.1293532338308457,-0.0372713519460872,46.0719906094299,0.822911004412008,49280.0,54532.5,58616.66666666666,0.031434184675835,-0.0277777777777777,카카오페이,KOSPI,인터넷/플랫폼·콘텐츠,,,Digital Finance Platform,71.21875,0.6762376824817518,71.21875,71.21875,71.21875,0.3,,48.16080244924726,True,False,2026-04-08,5872.34,5523.437,0.0407581147205317,-8114.961149999988,neutral,"met_conditions=close_gt_ma20,ma20_gt_ma60,recent_20d_return_gt_0.03; true_count=3; breadth_20d=0.527; recent_20d_return=0.0468; ma60=5370.97; volatility_risk_flag=True",-0.0372713519460872,15.0,21.04679802955665,0.031434184675835,-0.0277777777777777,-0.1293532338308457,72.1439812188598,51.656684959887365,0.0464320984818248,0.0624690595529639,33.743842364532014,440876.35,362802.0,42.20032840722496,55.172413793103445,1.0,37.472696878817715,feature_v1,11.822660098522167,0.11822660098522167,0.11822660098522167,16.748768472906402,0.16748768472906403,0.16748768472906403,13.300492610837436,13.300492610837436,13.793103448275861,False,14.542199239645658,0.5763546798029556,57.635467980295566,35.175879396984925,35.35353535353536,0.8375,0.78,23.094696969696972,23.094696969696972,57.635467980295566,74.8768472906404,33.743842364532014,55.172413793103445,50.0,13.300492610837436,57.635467980295566,37.472696878817715,ranking_builder_v8_return_prob_tech_regime,False,False,False,False,False,False,False,False,False,False,False,False,0,18.0,0.32722626627503776,neutral_service_balanced,0.24,0.24,0.32,0.32,0.26,0.26,0.18,0.18,0.65,0.0,0.0,20.69187201580653,20.69187201580653,1.0,False,False,1.0,False,20.69187201580653,184,v2,0.0,best_weight_by_regime,neutral,0.0,1.0,20.69187201580653,20.69187201580653,0.0,20.69187201580653,0.0,0.0,,,,,,,,,,,,,,,,,False,False,,,,,False,,,,,4.0,True,16.69187201580653,180,184,final_score,20.69187201580653,184,184,8.993447250916251,4.2561576354679795,14.985221674876847,4.157045454545455,0.0,0.0,0.0,0.0,-11.700000000000001,4.2561576354679795,14.985221674876847,8.993447250916251,4.157045454545455,0.0,0.0,0.0,-11.700000000000001,32.391872015806534,Top-bucket probability score,14.985221674876847,Risk penalty,-11.700000000000001,"요약: live_score 20.7 | live_score_source=final_score | regime=neutral | dominant_driver=prob (Top-bucket probability score 15.0) | top_positive_factor=Top-bucket probability score (15.0) | top_negative_factor=Risk penalty (-11.7)
핵심 driver: Top-bucket probability score (prob_score) contribution 15.0, score 57.6; Tech flow score (tech_score) contribution 9.0, score 37.5; Primary prediction score (ret_score) contribution 4.3, score 13.3
리스크 요인: top_negative_factor=Risk penalty (-11.7); risk_penalty 18.0
운영 상태: theme_overlay: disabled (operational config); confidence: 모델 메타 점수 (calibration 미완), score=NA, label=Experimental, live_score 비반영, research/reference 용도","{""base_score"": 20.7, ""theme_weight"": 0.0, ""weight_source"": ""best_weight_by_regime"", ""regime_applied"": ""neutral"", ""theme"": {""name"": ""Digital Finance Platform"", ""confidence"": 0.68, ""contribution"": 0.0}}",confidence_four_axis_v1,1.0,91.25,97.0,29.19950738916256,28.746341137220476,68.0868280178737,53.92907118310912,53.92907118310912,Medium,Medium,Medium,Medium,core signals disagree; current regime fit is weak,"Confidence score is 53.9 (Medium). data_maturity_score=91.2, model_reliability_score=97.0, signal_agreement_score=29.2, regime_fitness_score=28.7. Reason: core signals disagree; current regime fit is weak.",뚜렷한 추천 강점은 제한적입니다. 신호 신뢰도 낮음 요인은 함께 점검이 필요합니다.,뚜렷한 강점 제한적,신호 신뢰도 낮음 / 기대수익 매력 낮음,신뢰도 Medium: core signals disagree; current regime fit is weak,현재 neutral 체계로 균형형 가중치가 적용됐습니다.,,,,low_confidence,weak_ret_score,,,,신호 신뢰도 낮음,기대수익 매력 낮음,보수적 접근 권장,"{""drivers"": [], ""driver_texts"": [], ""drags"": [""low_confidence"", ""weak_ret_score""], ""drag_texts"": [""신호 신뢰도 낮음"", ""기대수익 매력 낮음""], ""confidence_label"": ""Medium"", ""confidence_reason"": ""core signals disagree; current regime fit is weak"", ""regime"": ""neutral"", ""weight_profile"": ""neutral_service_balanced"", ""regime_reason"": ""met_conditions=close_gt_ma20,ma20_gt_ma60,recent_20d_return_gt_0.03; true_count=3; breadth_20d=0.527; recent_20d_return=0.0468; ma60=5370.97; volatility_risk_flag=True"", ""action_note"": ""보수적 접근 권장"", ""component_snapshot"": {""ret_score"": 13.3, ""prob_score"": 57.64, ""qual_score"": 23.09, ""tech_score"": 37.47, ""valuation_score"": 50.0, ""risk_penalty"": 18.0, ""live_score"": 20.69, ""final_score"": 20.69, ""confidence_score"": 53.93, ""live_rank"": 184.0, ""live_score_source"": ""final_score""}}",184,2026-04-09 11:17:11,
2026-04-08,011070,-0.0878955421116912,-0.0947389948711284,-0.3385365654961411,-0.2820304431626273,0.0409783498390741,0.0384286305744456,0.0,347000.0,54.77386934673368,3,0.4,75.0,0.053957451123269,0.0550906111555074,250939.9,268614.0,0.3295019157088121,0.1587911170479212,62.64990939322264,1.0704316053365766,332400.0,299450.0,276750.0,0.0116618075801748,0.1086261980830671,LG이노텍,KOSPI,전자/부품,,,AI서버기판,51.59375,0.6230019160583942,51.59375,51.59375,51.59375,0.3,,32.14300510663777,True,False,2026-04-08,5872.34,5523.437,0.0407581147205317,-8114.961149999988,neutral,"met_conditions=close_gt_ma20,ma20_gt_ma60,recent_20d_return_gt_0.03; true_count=3; breadth_20d=0.527; recent_20d_return=0.0468; ma60=5370.97; volatility_risk_flag=True",0.1587911170479212,100.0,98.52216748768473,0.0116618075801748,0.1086261980830671,0.3295019157088121,94.70018121355471,85.00509456447242,0.053957451123269,0.0550906111555074,33.251231527093594,250939.9,268614.0,41.871921182266014,36.94581280788177,1.0,72.23946782662938,feature_v1,18.226600985221676,0.18226600985221675,0.18226600985221675,21.67487684729064,0.21674876847290642,0.21674876847290642,19.261083743842367,19.261083743842367,19.60591133004926,False,4.0978349839074095,0.08866995073891626,8.866995073891626,54.77386934673368,55.05050505050505,0.8375,0.78,35.96174242424242,35.96174242424242,73.89162561576354,59.60591133004927,33.251231527093594,36.94581280788177,50.0,19.261083743842367,8.866995073891626,72.23946782662938,ranking_builder_v8_return_prob_tech_regime,False,False,False,False,False,False,False,False,False,False,False,False,0,18.0,0.3159341165627356,neutral_service_balanced,0.24,0.24,0.32,0.32,0.26,0.26,0.18,0.18,0.65,0.0,0.0,20.579551431996066,20.579551431996066,1.0,False,False,1.0,False,20.579551431996066,185,v2,0.0,best_weight_by_regime,neutral,0.0,1.0,20.579551431996066,20.579551431996066,0.0,20.579551431996066,0.0,0.0,,,,,,,,,,,,,,,,,False,False,,,,,False,,,,,4.0,True,16.579551431996066,181,185,final_score,20.579551431996066,185,185,17.33747227839105,6.163546798029557,2.305418719211823,6.473113636363636,0.0,0.0,0.0,0.0,-11.700000000000001,6.163546798029557,2.305418719211823,17.33747227839105,6.473113636363636,0.0,0.0,0.0,-11.700000000000001,32.27955143199607,Tech flow score,17.33747227839105,Risk penalty,-11.700000000000001,"요약: live_score 20.6 | live_score_source=final_score | regime=neutral | dominant_driver=tech (Tech flow score 17.3) | top_positive_factor=Tech flow score (17.3) | top_negative_factor=Risk penalty (-11.7)
핵심 driver: Tech flow score (tech_score) contribution 17.3, score 72.2; Financial quality score (qual_score) contribution 6.5, score 36.0; Primary prediction score (ret_score) contribution 6.2, score 19.3
리스크 요인: top_negative_factor=Risk penalty (-11.7); risk_penalty 18.0
운영 상태: theme_overlay: disabled (operational config); confidence: 모델 메타 점수 (calibration 미완), score=NA, label=Experimental, live_score 비반영, research/reference 용도","{""base_score"": 20.6, ""theme_weight"": 0.0, ""weight_source"": ""best_weight_by_regime"", ""regime_applied"": ""neutral"", ""theme"": {""name"": ""AI서버기판"", ""confidence"": 0.62, ""contribution"": 0.0}}",confidence_four_axis_v1,1.0,91.25,97.0,34.73825817417867,27.72295461921452,69.31800773642684,55.93989419351437,55.93989419351437,Medium,Medium,Medium,Medium,core signals disagree; current regime fit is weak,"Confidence score is 55.9 (Medium). data_maturity_score=91.2, model_reliability_score=97.0, signal_agreement_score=34.7, regime_fitness_score=27.7. Reason: core signals disagree; current regime fit is weak.",추세 구조 양호이 추천 점수를 견인했습니다. 신호 신뢰도 낮음 요인은 함께 점검이 필요합니다.,추세 구조 양호,신호 신뢰도 낮음 / 상위권 진입 확률 약함,신뢰도 Medium: core signals disagree; current regime fit is weak,현재 neutral 체계로 균형형 가중치가 적용됐습니다.,high_tech_score,,,low_confidence,low_probability_score,추세 구조 양호,,,신호 신뢰도 낮음,상위권 진입 확률 약함,보수적 접근 권장,"{""drivers"": [""high_tech_score""], ""driver_texts"": [""추세 구조 양호""], ""drags"": [""low_confidence"", ""low_probability_score""], ""drag_texts"": [""신호 신뢰도 낮음"", ""상위권 진입 확률 약함""], ""confidence_label"": ""Medium"", ""confidence_reason"": ""core signals disagree; current regime fit is weak"", ""regime"": ""neutral"", ""weight_profile"": ""neutral_service_balanced"", ""regime_reason"": ""met_conditions=close_gt_ma20,ma20_gt_ma60,recent_20d_return_gt_0.03; true_count=3; breadth_20d=0.527; recent_20d_return=0.0468; ma60=5370.97; volatility_risk_flag=True"", ""action_note"": ""보수적 접근 권장"", ""component_snapshot"": {""ret_score"": 19.26, ""prob_score"": 8.87, ""qual_score"": 35.96, ""tech_score"": 72.24, ""valuation_score"": 50.0, ""risk_penalty"": 18.0, ""live_score"": 20.58, ""final_score"": 20.58, ""confidence_score"": 55.94, ""live_rank"": 185.0, ""live_score_source"": ""final_score""}}",185,2026-04-09 11:17:11,
2026-04-08,010120,0.0107206210991623,-0.0454861710362733,-0.331986084360972,-0.358624402026834,0.0533762066258161,0.0617886083495222,0.0,788000.0,56.28140703517588,3,0.4,75.0,0.047629294035232,0.0520053286898833,134756.85,0.0,0.0914127423822714,-0.0074941746961395,53.31346252920984,0.0,780600.0,793950.0,676525.0,-0.0075566750629723,-0.0663507109004739,LS ELECTRIC,KOSPI,전자/부품,,,전력설비,39.40625,0.4591200856700044,39.40625,39.40625,39.40625,0.3,,18.09220087593361,True,False,2026-04-08,5872.34,5523.437,0.0407581147205317,-8114.961149999988,neutral,"met_conditions=close_gt_ma20,ma20_gt_ma60,recent_20d_return_gt_0.03; true_count=3; breadth_20d=0.527; recent_20d_return=0.0468; ma60=5370.97; volatility_risk_flag=True",-0.0074941746961395,35.0,39.91379310344828,-0.0075566750629723,-0.0663507109004739,0.0914127423822714,86.62692505841969,61.43505638775763,0.047629294035232,0.0520053286898833,44.58128078817734,134756.85,51716.04,6.239737274220033,17.24137931034483,0.9,38.99576197396631,feature_v1,43.84236453201971,0.43842364532019706,0.43842364532019706,32.01970443349754,0.32019704433497537,0.32019704433497537,40.29556650246305,40.29556650246305,39.11330049261084,False,5.33762066258161,0.12807881773399016,12.807881773399016,56.28140703517588,56.56565656565656,0.8375,0.78,36.95151515151515,36.95151515151515,60.09852216748769,50.73891625615764,44.58128078817734,17.24137931034483,50.0,40.29556650246305,12.807881773399016,38.99576197396631,ranking_builder_v8_return_prob_tech_regime,False,False,False,False,False,False,False,False,False,False,False,False,0,18.0,0.3426414114273168,neutral_service_balanced,0.24,0.24,0.32,0.32,0.26,0.26,0.18,0.18,0.65,0.0,0.0,20.53488614289656,20.53488614289656,1.0,False,False,1.0,False,20.53488614289656,186,v2,0.0,best_weight_by_regime,neutral,0.0,1.0,20.53488614289656,20.53488614289656,0.0,20.53488614289656,0.0,0.0,,,,,,,,,,,,,,,,,False,False,,,,,False,,,,,4.0,True,16.53488614289656,182,186,final_score,20.53488614289656,186,186,9.358982873751915,12.894581280788177,3.330049261083744,6.651272727272727,0.0,0.0,0.0,0.0,-11.700000000000001,12.894581280788177,3.330049261083744,9.358982873751915,6.651272727272727,0.0,0.0,0.0,-11.700000000000001,32.23488614289656,Primary prediction score,12.894581280788177,Risk penalty,-11.700000000000001,"요약: live_score 20.5 | live_score_source=final_score | regime=neutral | dominant_driver=ret (Primary prediction score 12.9) | top_positive_factor=Primary prediction score (12.9) | top_negative_factor=Risk penalty (-11.7)
핵심 driver: Primary prediction score (ret_score) contribution 12.9, score 40.3; Tech flow score (tech_score) contribution 9.4, score 39.0; Financial quality score (qual_score) contribution 6.7, score 37.0
리스크 요인: top_negative_factor=Risk penalty (-11.7); risk_penalty 18.0
운영 상태: theme_overlay: disabled (operational config); confidence: 모델 메타 점수 (calibration 미완), score=NA, label=Experimental, live_score 비반영, research/reference 용도","{""base_score"": 20.5, ""theme_weight"": 0.0, ""weight_source"": ""best_weight_by_regime"", ""regime_applied"": ""neutral"", ""theme"": {""name"": ""전력설비"", ""confidence"": 0.46, ""contribution"": 0.0}}",confidence_four_axis_v1,1.0,91.25,95.5,40.50369458128079,28.068045065341106,70.36113040512136,58.31508684558054,58.31508684558054,Medium,Medium,Medium,Medium,core signals disagree; current regime fit is weak,"Confidence score is 58.3 (Medium). data_maturity_score=91.2, model_reliability_score=95.5, signal_agreement_score=40.5, regime_fitness_score=28.1. Reason: core signals disagree; current regime fit is weak.",뚜렷한 추천 강점은 제한적입니다. 신호 신뢰도 낮음 요인은 함께 점검이 필요합니다.,뚜렷한 강점 제한적,신호 신뢰도 낮음 / 상위권 진입 확률 약함,신뢰도 Medium: core signals disagree; current regime fit is weak,현재 neutral 체계로 균형형 가중치가 적용됐습니다.,,,,low_confidence,low_probability_score,,,,신호 신뢰도 낮음,상위권 진입 확률 약함,보수적 접근 권장,"{""drivers"": [], ""driver_texts"": [], ""drags"": [""low_confidence"", ""low_probability_score""], ""drag_texts"": [""신호 신뢰도 낮음"", ""상위권 진입 확률 약함""], ""confidence_label"": ""Medium"", ""confidence_reason"": ""core signals disagree; current regime fit is weak"", ""regime"": ""neutral"", ""weight_profile"": ""neutral_service_balanced"", ""regime_reason"": ""met_conditions=close_gt_ma20,ma20_gt_ma60,recent_20d_return_gt_0.03; true_count=3; breadth_20d=0.527; recent_20d_return=0.0468; ma60=5370.97; volatility_risk_flag=True"", ""action_note"": ""보수적 접근 권장"", ""component_snapshot"": {""ret_score"": 40.3, ""prob_score"": 12.81, ""qual_score"": 36.95, ""tech_score"": 39.0, ""valuation_score"": 50.0, ""risk_penalty"": 18.0, ""live_score"": 20.53, ""final_score"": 20.53, ""confidence_score"": 58.32, ""live_rank"": 186.0, ""live_score_source"": ""final_score""}}",186,2026-04-09 11:17:11,
2026-04-08,047050,-0.096913617594823,-0.0435403809802331,-0.2891510954513807,-0.3178687728125149,0.076547794281548,0.0403019623170187,0.0,73400.0,54.2713567839196,3,0.4,75.0,0.0441183218700539,0.0482425587919976,1172232.95,1660870.0,-0.0392670157068062,-0.0333201633083103,48.35804607422395,1.4168429577073398,79060.0,75930.0,68934.16666666667,-0.0303830911492734,-0.0316622691292876,포스코인터내셔널,KOSPI,정유/화학,,,,0.0,0.0,,0.0,,0.3,mapping_missing,0.0,False,False,2026-04-08,5872.34,5523.437,0.0407581147205317,-8114.961149999988,neutral,"met_conditions=close_gt_ma20,ma20_gt_ma60,recent_20d_return_gt_0.03; true_count=3; breadth_20d=0.527; recent_20d_return=0.0468; ma60=5370.97; volatility_risk_flag=True",-0.0333201633083103,35.0,32.032019704433495,-0.0303830911492734,-0.0316622691292876,-0.0392670157068062,76.7160921484479,49.59774224893464,0.0441183218700539,0.0482425587919976,53.69458128078818,1172232.95,1660870.0,85.55008210180624,84.23645320197043,1.0,50.54024426988575,feature_v1,15.270935960591133,0.15270935960591134,0.15270935960591134,32.51231527093596,0.3251231527093596,0.3251231527093596,20.44334975369458,20.44334975369458,22.167487684729064,False,7.654779428154799,0.2413793103448276,24.137931034482758,54.2713567839196,54.54545454545454,0.8375,0.78,35.63181818181818,35.63181818181818,49.75369458128079,42.857142857142854,53.69458128078818,84.23645320197043,50.0,20.44334975369458,24.137931034482758,50.54024426988575,ranking_builder_v8_return_prob_tech_regime,False,False,False,False,False,False,False,False,False,False,False,False,0,18.0,0.3006381663958344,neutral_service_balanced,0.24,0.24,0.32,0.32,0.26,0.26,0.18,0.18,0.65,0.0,0.0,19.66111988764763,19.66111988764763,1.0,False,False,1.0,False,19.66111988764763,187,v2,0.0,best_weight_by_regime,neutral,0.0,1.0,19.66111988764763,19.66111988764763,0.0,19.66111988764763,0.0,0.0,,,,,,,,,,,,,,,,,False,False,,,,,False,,,,,4.0,True,15.66111988764763,183,187,final_score,19.66111988764763,187,187,12.12965862477258,6.541871921182266,6.275862068965517,6.4137272727272725,0.0,0.0,0.0,0.0,-11.700000000000001,6.541871921182266,6.275862068965517,12.12965862477258,6.4137272727272725,0.0,0.0,0.0,-11.700000000000001,31.361119887647632,Tech flow score,12.12965862477258,Risk penalty,-11.700000000000001,"요약: live_score 19.7 | live_score_source=final_score | regime=neutral | dominant_driver=tech (Tech flow score 12.1) | top_positive_factor=Tech flow score (12.1) | top_negative_factor=Risk penalty (-11.7)
핵심 driver: Tech flow score (tech_score) contribution 12.1, score 50.5; Primary prediction score (ret_score) contribution 6.5, score 20.4; Financial quality score (qual_score) contribution 6.4, score 35.6
리스크 요인: top_negative_factor=Risk penalty (-11.7); risk_penalty 18.0
운영 상태: theme_overlay: disabled (operational config); confidence: 모델 메타 점수 (calibration 미완), score=NA, label=Experimental, live_score 비반영, research/reference 용도","{""base_score"": 19.7, ""theme_weight"": 0.0, ""weight_source"": ""best_weight_by_regime"", ""regime_applied"": ""neutral"", ""theme"": {""name"": ""(none)"", ""confidence"": 0.0, ""contribution"": 0.0}}",confidence_four_axis_v1,1.0,91.25,97.0,33.47093164514264,27.326381142378402,68.94169008264241,55.35364888653274,55.35364888653274,Medium,Medium,Medium,Medium,core signals disagree; current regime fit is weak,"Confidence score is 55.4 (Medium). data_maturity_score=91.2, model_reliability_score=97.0, signal_agreement_score=33.5, regime_fitness_score=27.3. Reason: core signals disagree; current regime fit is weak.",거래 유동성 양호이 추천 점수를 견인했습니다. 신호 신뢰도 낮음 요인은 함께 점검이 필요합니다.,거래 유동성 양호,신호 신뢰도 낮음 / 기대수익 매력 낮음,신뢰도 Medium: core signals disagree; current regime fit is weak,현재 neutral 체계로 균형형 가중치가 적용됐습니다.,healthy_liquidity_profile,,,low_confidence,weak_ret_score,거래 유동성 양호,,,신호 신뢰도 낮음,기대수익 매력 낮음,보수적 접근 권장,"{""drivers"": [""healthy_liquidity_profile""], ""driver_texts"": [""거래 유동성 양호""], ""drags"": [""low_confidence"", ""weak_ret_score""], ""drag_texts"": [""신호 신뢰도 낮음"", ""기대수익 매력 낮음""], ""confidence_label"": ""Medium"", ""confidence_reason"": ""core signals disagree; current regime fit is weak"", ""regime"": ""neutral"", ""weight_profile"": ""neutral_service_balanced"", ""regime_reason"": ""met_conditions=close_gt_ma20,ma20_gt_ma60,recent_20d_return_gt_0.03; true_count=3; breadth_20d=0.527; recent_20d_return=0.0468; ma60=5370.97; volatility_risk_flag=True"", ""action_note"": ""보수적 접근 권장"", ""component_snapshot"": {""ret_score"": 20.44, ""prob_score"": 24.14, ""qual_score"": 35.63, ""tech_score"": 50.54, ""valuation_score"": 50.0, ""risk_penalty"": 18.0, ""live_score"": 19.66, ""final_score"": 19.66, ""confidence_score"": 55.35, ""live_rank"": 187.0, ""live_score_source"": ""final_score""}}",187,2026-04-09 11:17:11,
2026-04-08,329180,-0.0676204640890578,0.0683972587626,-0.2189464966662125,-0.2194481961158732,0.0169514650550426,0.0064905977799465,0.0,484500.0,47.23618090452261,2,0.6,60.0,0.0380963403537089,0.0390192808536481,363343.2,366294.0,-0.1788135593220339,-0.0662041052327262,41.913924243117854,1.0081212473496133,468800.0,518850.0,563866.6666666666,0.0730897009966777,-0.0736137667304015,HD현대중공업,KOSPI,기계/중공업·방산,,,조선,30.3125,0.4590492552530461,30.3125,30.3125,30.3125,0.3,,13.914930549857958,True,False,2026-04-08,5872.34,5523.437,0.0407581147205317,-8114.961149999988,neutral,"met_conditions=close_gt_ma20,ma20_gt_ma60,recent_20d_return_gt_0.03; true_count=3; breadth_20d=0.527; recent_20d_return=0.0468; ma60=5370.97; volatility_risk_flag=True",-0.0662041052327262,15.0,15.874384236453201,0.0730897009966777,-0.0736137667304015,-0.1788135593220339,63.82784848623571,46.37568133338159,0.0380963403537089,0.0390192808536481,73.39901477832512,363343.2,366294.0,46.63382594417077,50.73891625615764,1.0,42.668680584910156,feature_v1,22.660098522167488,0.22660098522167488,0.22660098522167488,51.231527093596064,0.5123152709359606,0.5123152709359606,31.231527093596057,31.231527093596057,34.08866995073892,False,1.69514650550426,0.019704433497536946,1.9704433497536946,47.23618090452261,47.474747474747474,0.74,0.6699999999999999,23.537979797979794,23.537979797979794,30.541871921182267,22.660098522167488,73.39901477832512,50.73891625615764,50.0,31.231527093596057,1.9704433497536946,42.668680584910156,ranking_builder_v8_return_prob_tech_regime,False,False,False,False,False,False,False,False,False,False,False,False,0,8.297661173529214,0.21914717644607679,neutral_service_balanced,0.24,0.24,0.32,0.32,0.26,0.26,0.18,0.18,0.65,0.0,0.0,19.590243882107515,19.590243882107515,1.0,False,False,1.0,False,19.590243882107515,188,v2,0.0,best_weight_by_regime,neutral,0.0,1.0,19.590243882107515,19.590243882107515,0.0,19.590243882107515,0.0,0.0,,,,,,,,,,,,,,,,,False,False,,,,,False,,,,,0.0,False,19.590243882107515,166,188,final_score,19.590243882107515,188,188,10.240483340378438,9.994088669950738,0.5123152709359606,4.236836363636363,0.0,0.0,0.0,0.0,-5.393479762793989,9.994088669950738,0.5123152709359606,10.240483340378438,4.236836363636363,0.0,0.0,0.0,-5.393479762793989,24.9837236449015,Tech flow score,10.240483340378438,Risk penalty,-5.393479762793989,"요약: live_score 19.6 | live_score_source=final_score | regime=neutral | dominant_driver=tech (Tech flow score 10.2) | top_positive_factor=Tech flow score (10.2) | top_negative_factor=Risk penalty (-5.4)
핵심 driver: Tech flow score (tech_score) contribution 10.2, score 42.7; Primary prediction score (ret_score) contribution 10.0, score 31.2; Financial quality score (qual_score) contribution 4.2, score 23.5
리스크 요인: top_negative_factor=Risk penalty (-5.4); risk_penalty 8.3
운영 상태: theme_overlay: disabled (operational config); confidence: 모델 메타 점수 (calibration 미완), score=NA, label=Experimental, live_score 비반영, research/reference 용도","{""base_score"": 19.6, ""theme_weight"": 0.0, ""weight_source"": ""best_weight_by_regime"", ""regime_applied"": ""neutral"", ""theme"": {""name"": ""조선"", ""confidence"": 0.46, ""contribution"": 0.0}}",confidence_four_axis_v1,1.0,86.0,97.0,24.04052882945306,27.98577275912044,65.10799812123133,49.613366083605314,49.613366083605314,Medium,Low,Low,Low,core signals disagree; current regime fit is weak,"Confidence score is 49.6 (Low). data_maturity_score=86.0, model_reliability_score=97.0, signal_agreement_score=24.0, regime_fitness_score=28.0. Reason: core signals disagree; current regime fit is weak.",변동성 관리 양호이 추천 점수를 견인했습니다. 신호 신뢰도 낮음 요인은 함께 점검이 필요합니다.,변동성 관리 양호,신호 신뢰도 낮음 / 상위권 진입 확률 약함,신뢰도 Low: core signals disagree; current regime fit is weak,현재 neutral 체계로 균형형 가중치가 적용됐습니다.,strong_safety_profile,,,low_confidence,low_probability_score,변동성 관리 양호,,,신호 신뢰도 낮음,상위권 진입 확률 약함,보수적 접근 권장,"{""drivers"": [""strong_safety_profile""], ""driver_texts"": [""변동성 관리 양호""], ""drags"": [""low_confidence"", ""low_probability_score""], ""drag_texts"": [""신호 신뢰도 낮음"", ""상위권 진입 확률 약함""], ""confidence_label"": ""Low"", ""confidence_reason"": ""core signals disagree; current regime fit is weak"", ""regime"": ""neutral"", ""weight_profile"": ""neutral_service_balanced"", ""regime_reason"": ""met_conditions=close_gt_ma20,ma20_gt_ma60,recent_20d_return_gt_0.03; true_count=3; breadth_20d=0.527; recent_20d_return=0.0468; ma60=5370.97; volatility_risk_flag=True"", ""action_note"": ""보수적 접근 권장"", ""component_snapshot"": {""ret_score"": 31.23, ""prob_score"": 1.97, ""qual_score"": 23.54, ""tech_score"": 42.67, ""valuation_score"": 50.0, ""risk_penalty"": 8.3, ""live_score"": 19.59, ""final_score"": 19.59, ""confidence_score"": 49.61, ""live_rank"": 188.0, ""live_score_source"": ""final_score""}}",188,2026-04-09 11:17:11,
2026-04-08,005380,-0.0202226036180854,-0.1435599968599721,-0.354779083868243,-0.3639277136870934,0.0426114987301228,0.0158313727119161,0.0,508000.0,35.678391959798994,3,0.4,75.0,0.0415104014237792,0.0579745207537465,1058183.55,1291522.0,-0.0415094339622641,0.0260035344609947,52.65292444215403,1.2205084836179885,477300.0,495125.0,498691.6666666667,0.0409836065573769,0.0139720558882234,현대차,KOSPI,자동차/모빌리티,,,,0.0,0.0,,0.0,,0.3,mapping_missing,0.0,False,False,2026-04-08,5872.34,5523.437,0.0407581147205317,-8114.961149999988,neutral,"met_conditions=close_gt_ma20,ma20_gt_ma60,recent_20d_return_gt_0.03; true_count=3; breadth_20d=0.527; recent_20d_return=0.0468; ma60=5370.97; volatility_risk_flag=True",0.0260035344609947,55.0,59.76600985221675,0.0409836065573769,0.0139720558882234,-0.0415094339622641,85.30584888430806,69.1097134526041,0.0415104014237792,0.0579745207537465,46.79802955665025,1058183.55,1291522.0,76.84729064039408,81.2807881773399,1.0,63.004902171465616,feature_v1,35.467980295566505,0.35467980295566504,0.35467980295566504,13.793103448275861,0.13793103448275862,0.13793103448275862,28.965517241379313,28.965517241379313,26.79802955665025,False,4.26114987301228,0.09359605911330049,9.35960591133005,35.678391959798994,35.858585858585855,0.8375,0.78,23.42462121212121,23.42462121212121,42.857142857142854,63.54679802955665,46.79802955665025,81.2807881773399,50.0,28.965517241379313,9.35960591133005,63.004902171465616,ranking_builder_v8_return_prob_tech_regime,False,False,False,False,False,False,False,False,False,False,False,False,0,18.0,0.35843853579578316,neutral_service_balanced,0.24,0.24,0.32,0.32,0.26,0.26,0.18,0.18,0.65,0.0,0.0,19.34007139352076,19.34007139352076,1.0,False,False,1.0,False,19.34007139352076,189,v2,0.0,best_weight_by_regime,neutral,0.0,1.0,19.34007139352076,19.34007139352076,0.0,19.34007139352076,0.0,0.0,,,,,,,,,,,,,,,,,False,False,,,,,False,,,,,4.0,True,15.340071393520759,184,189,final_score,19.34007139352076,189,189,15.121176521151748,9.26896551724138,2.433497536945813,4.2164318181818174,0.0,0.0,0.0,0.0,-11.700000000000001,9.26896551724138,2.433497536945813,15.121176521151748,4.2164318181818174,0.0,0.0,0.0,-11.700000000000001,31.040071393520762,Tech flow score,15.121176521151748,Risk penalty,-11.700000000000001,"요약: live_score 19.3 | live_score_source=final_score | regime=neutral | dominant_driver=tech (Tech flow score 15.1) | top_positive_factor=Tech flow score (15.1) | top_negative_factor=Risk penalty (-11.7)
핵심 driver: Tech flow score (tech_score) contribution 15.1, score 63.0; Primary prediction score (ret_score) contribution 9.3, score 29.0; Financial quality score (qual_score) contribution 4.2, score 23.4
리스크 요인: top_negative_factor=Risk penalty (-11.7); risk_penalty 18.0
운영 상태: theme_overlay: disabled (operational config); confidence: 모델 메타 점수 (calibration 미완), score=NA, label=Experimental, live_score 비반영, research/reference 용도","{""base_score"": 19.3, ""theme_weight"": 0.0, ""weight_source"": ""best_weight_by_regime"", ""regime_applied"": ""neutral"", ""theme"": {""name"": ""(none)"", ""confidence"": 0.0, ""contribution"": 0.0}}",confidence_four_axis_v1,1.0,91.25,97.0,31.406411121959334,26.70557007453794,68.33243829167051,54.40367846369132,54.40367846369132,Medium,Medium,Medium,Medium,core signals disagree; current regime fit is weak,"Confidence score is 54.4 (Medium). data_maturity_score=91.2, model_reliability_score=97.0, signal_agreement_score=31.4, regime_fitness_score=26.7. Reason: core signals disagree; current regime fit is weak.",거래 유동성 양호이 추천 점수를 견인했습니다. 신호 신뢰도 낮음 요인은 함께 점검이 필요합니다.,거래 유동성 양호,신호 신뢰도 낮음 / 상위권 진입 확률 약함,신뢰도 Medium: core signals disagree; current regime fit is weak,현재 neutral 체계로 균형형 가중치가 적용됐습니다.,healthy_liquidity_profile,,,low_confidence,low_probability_score,거래 유동성 양호,,,신호 신뢰도 낮음,상위권 진입 확률 약함,보수적 접근 권장,"{""drivers"": [""healthy_liquidity_profile""], ""driver_texts"": [""거래 유동성 양호""], ""drags"": [""low_confidence"", ""low_probability_score""], ""drag_texts"": [""신호 신뢰도 낮음"", ""상위권 진입 확률 약함""], ""confidence_label"": ""Medium"", ""confidence_reason"": ""core signals disagree; current regime fit is weak"", ""regime"": ""neutral"", ""weight_profile"": ""neutral_service_balanced"", ""regime_reason"": ""met_conditions=close_gt_ma20,ma20_gt_ma60,recent_20d_return_gt_0.03; true_count=3; breadth_20d=0.527; recent_20d_return=0.0468; ma60=5370.97; volatility_risk_flag=True"", ""action_note"": ""보수적 접근 권장"", ""component_snapshot"": {""ret_score"": 28.97, ""prob_score"": 9.36, ""qual_score"": 23.42, ""tech_score"": 63.0, ""valuation_score"": 50.0, ""risk_penalty"": 18.0, ""live_score"": 19.34, ""final_score"": 19.34, ""confidence_score"": 54.4, ""live_rank"": 189.0, ""live_score_source"": ""final_score""}}",189,2026-04-09 11:17:11,
2026-04-08,010130,0.0297274768908719,0.069838732281364,-0.3114645001235382,-0.3310688194395969,0.0168584155676808,0.0024527924130873,0.0,1585000.0,39.69849246231156,3,0.4,75.0,0.0386247001918068,0.0592236403312541,45598.25,448456.0,-0.0486194477791116,0.0236703587690121,50.8472594847946,3.0,1498200.0,1548350.0,1640216.6666666667,0.044825313117996,-0.005021971123666,고려아연,KOSPI,비철금속,,,,0.0,0.0,,0.0,,0.3,mapping_missing,0.0,False,False,2026-04-08,5872.34,5523.437,0.0407581147205317,-8114.961149999988,neutral,"met_conditions=close_gt_ma20,ma20_gt_ma60,recent_20d_return_gt_0.03; true_count=3; breadth_20d=0.527; recent_20d_return=0.0468; ma60=5370.97; volatility_risk_flag=True",0.0236703587690121,55.0,59.51970443349754,0.044825313117996,-0.005021971123666,-0.0486194477791116,81.6945189695892,65.37436865865345,0.0386247001918068,0.0592236403312541,50.00000000000001,45598.25,448456.0,53.284072249589485,2.955665024630542,0.72,42.2852768625718,feature_v1,47.783251231527096,0.47783251231527096,0.47783251231527096,51.724137931034484,0.5172413793103449,0.5172413793103449,48.96551724137931,48.96551724137931,49.35960591133005,False,1.68584155676808,0.014778325123152709,1.477832512315271,39.69849246231156,39.8989898989899,0.8375,0.78,26.064015151515154,26.064015151515154,32.51231527093596,67.48768472906403,50.00000000000001,2.955665024630542,50.0,48.96551724137931,1.477832512315271,42.2852768625718,ranking_builder_v8_return_prob_tech_regime,False,False,False,False,False,False,False,False,False,False,False,False,0,18.0,0.31930622784996165,neutral_service_balanced,0.24,0.24,0.32,0.32,0.26,0.26,0.18,0.18,0.65,0.0,0.0,19.193191144733305,19.193191144733305,1.0,False,False,1.0,False,19.193191144733305,190,v2,0.0,best_weight_by_regime,neutral,0.0,1.0,19.193191144733305,19.193191144733305,0.0,19.193191144733305,0.0,0.0,,,,,,,,,,,,,,,,,False,False,,,,,False,,,,,4.0,True,15.193191144733305,185,190,final_score,19.193191144733305,190,190,10.148466447017231,15.668965517241379,0.3842364532019705,4.691522727272727,0.0,0.0,0.0,0.0,-11.700000000000001,15.668965517241379,0.3842364532019705,10.148466447017231,4.691522727272727,0.0,0.0,0.0,-11.700000000000001,30.893191144733308,Primary prediction score,15.668965517241379,Risk penalty,-11.700000000000001,"요약: live_score 19.2 | live_score_source=final_score | regime=neutral | dominant_driver=ret (Primary prediction score 15.7) | top_positive_factor=Primary prediction score (15.7) | top_negative_factor=Risk penalty (-11.7)
핵심 driver: Primary prediction score (ret_score) contribution 15.7, score 49.0; Tech flow score (tech_score) contribution 10.1, score 42.3; Financial quality score (qual_score) contribution 4.7, score 26.1
리스크 요인: top_negative_factor=Risk penalty (-11.7); risk_penalty 18.0
운영 상태: theme_overlay: disabled (operational config); confidence: 모델 메타 점수 (calibration 미완), score=NA, label=Experimental, live_score 비반영, research/reference 용도","{""base_score"": 19.2, ""theme_weight"": 0.0, ""weight_source"": ""best_weight_by_regime"", ""regime_applied"": ""neutral"", ""theme"": {""name"": ""(none)"", ""confidence"": 0.0, ""contribution"": 0.0}}",confidence_four_axis_v1,1.0,91.25,92.8,28.253694581280786,26.692322427298656,66.282272009415,53.13994231797205,53.13994231797205,Medium,Medium,Medium,Medium,core signals disagree; current regime fit is weak,"Confidence score is 53.1 (Medium). data_maturity_score=91.2, model_reliability_score=92.8, signal_agreement_score=28.3, regime_fitness_score=26.7. Reason: core signals disagree; current regime fit is weak.",뚜렷한 추천 강점은 제한적입니다. 신호 신뢰도 낮음 요인은 함께 점검이 필요합니다.,뚜렷한 강점 제한적,신호 신뢰도 낮음 / 상위권 진입 확률 약함,신뢰도 Medium: core signals disagree; current regime fit is weak,현재 neutral 체계로 균형형 가중치가 적용됐습니다.,,,,low_confidence,low_probability_score,,,,신호 신뢰도 낮음,상위권 진입 확률 약함,보수적 접근 권장,"{""drivers"": [], ""driver_texts"": [], ""drags"": [""low_confidence"", ""low_probability_score""], ""drag_texts"": [""신호 신뢰도 낮음"", ""상위권 진입 확률 약함""], ""confidence_label"": ""Medium"", ""confidence_reason"": ""core signals disagree; current regime fit is weak"", ""regime"": ""neutral"", ""weight_profile"": ""neutral_service_balanced"", ""regime_reason"": ""met_conditions=close_gt_ma20,ma20_gt_ma60,recent_20d_return_gt_0.03; true_count=3; breadth_20d=0.527; recent_20d_return=0.0468; ma60=5370.97; volatility_risk_flag=True"", ""action_note"": ""보수적 접근 권장"", ""component_snapshot"": {""ret_score"": 48.97, ""prob_score"": 1.48, ""qual_score"": 26.06, ""tech_score"": 42.29, ""valuation_score"": 50.0, ""risk_penalty"": 18.0, ""live_score"": 19.19, ""final_score"": 19.19, ""confidence_score"": 53.14, ""live_rank"": 190.0, ""live_score_source"": ""final_score""}}",190,2026-04-09 11:17:11,
2026-04-08,009150,-0.1359930007780669,-0.205116644174147,-0.2405386715818362,-0.3427259495378976,0.0195313481663737,0.0081512148530213,0.0,514000.0,55.778894472361806,2,0.6,60.0,0.0553601088706229,0.0533626331459109,654089.2,942226.0,0.2660098522167486,0.1596818771504315,65.5581774649308,1.4405160641698411,461200.0,443225.0,369033.3333333333,0.1563554555680539,0.1309130913091309,삼성전기,KOSPI,전자/부품,,,AI서버기판,62.70625,0.6580019160583941,62.70625,62.70625,62.70625,0.3,,41.260832648836676,True,False,2026-04-08,5872.34,5523.437,0.0407581147205317,-8114.961149999988,neutral,"met_conditions=close_gt_ma20,ma20_gt_ma60,recent_20d_return_gt_0.03; true_count=3; breadth_20d=0.527; recent_20d_return=0.0468; ma60=5370.97; volatility_risk_flag=True",0.1596818771504315,100.0,98.76847290640394,0.1563554555680539,0.1309130913091309,0.2660098522167486,88.88364507013841,94.88100978970209,0.0553601088706229,0.0533626331459109,34.23645320197045,654089.2,942226.0,75.36945812807882,68.4729064039409,1.0,80.99160465792284,feature_v1,7.8817733990147785,0.07881773399014778,0.07881773399014778,7.389162561576355,0.07389162561576355,0.07389162561576355,7.733990147783251,7.733990147783251,7.684729064039409,False,1.95313481663737,0.029556650246305417,2.955665024630542,55.778894472361806,56.060606060606055,0.74,0.6699999999999999,27.794848484848476,27.794848484848476,76.84729064039408,54.679802955665025,34.23645320197045,68.4729064039409,50.0,7.733990147783251,2.955665024630542,80.99160465792284,ranking_builder_v8_return_prob_tech_regime,False,False,False,False,False,False,False,False,False,False,False,False,0,15.76962993171129,0.28141358276426076,neutral_service_balanced,0.24,0.24,0.32,0.32,0.26,0.26,0.18,0.18,0.65,0.0,0.0,17.43414814325645,17.43414814325645,1.0,False,False,1.0,False,17.43414814325645,191,v2,0.0,best_weight_by_regime,neutral,0.0,1.0,17.43414814325645,17.43414814325645,0.0,17.43414814325645,0.0,0.0,,,,,,,,,,,,,,,,,False,False,,,,,False,,,,,4.0,True,13.43414814325645,188,191,final_score,17.43414814325645,191,191,19.43798511790148,2.4748768472906404,0.768472906403941,5.003072727272725,0.0,0.0,0.0,0.0,-10.250259455612339,2.4748768472906404,0.768472906403941,19.43798511790148,5.003072727272725,0.0,0.0,0.0,-10.250259455612339,27.684407598868788,Tech flow score,19.43798511790148,Risk penalty,-10.250259455612339,"요약: live_score 17.4 | live_score_source=final_score | regime=neutral | dominant_driver=tech (Tech flow score 19.4) | top_positive_factor=Tech flow score (19.4) | top_negative_factor=Risk penalty (-10.3)
핵심 driver: Tech flow score (tech_score) contribution 19.4, score 81.0; Financial quality score (qual_score) contribution 5.0, score 27.8; Primary prediction score (ret_score) contribution 2.5, score 7.7
리스크 요인: top_negative_factor=Risk penalty (-10.3); risk_penalty 15.8
운영 상태: theme_overlay: disabled (operational config); confidence: 모델 메타 점수 (calibration 미완), score=NA, label=Experimental, live_score 비반영, research/reference 용도","{""base_score"": 17.4, ""theme_weight"": 0.0, ""weight_source"": ""best_weight_by_regime"", ""regime_applied"": ""neutral"", ""theme"": {""name"": ""AI서버기판"", ""confidence"": 0.66, ""contribution"": 0.0}}",confidence_four_axis_v1,1.0,86.0,97.0,24.08921811001231,25.007286915310104,64.67339756479959,49.03714462706695,49.03714462706695,Medium,Low,Low,Low,core signals disagree; current regime fit is weak,"Confidence score is 49.0 (Low). data_maturity_score=86.0, model_reliability_score=97.0, signal_agreement_score=24.1, regime_fitness_score=25.0. Reason: core signals disagree; current regime fit is weak.",추세 구조 양호와 거래 유동성 양호이 추천 점수를 견인했습니다. 신호 신뢰도 낮음 요인은 함께 점검이 필요합니다.,추세 구조 양호 / 거래 유동성 양호,신호 신뢰도 낮음 / 상위권 진입 확률 약함,신뢰도 Low: core signals disagree; current regime fit is weak,현재 neutral 체계로 균형형 가중치가 적용됐습니다.,high_tech_score,healthy_liquidity_profile,,low_confidence,low_probability_score,추세 구조 양호,거래 유동성 양호,,신호 신뢰도 낮음,상위권 진입 확률 약함,보수적 접근 권장,"{""drivers"": [""high_tech_score"", ""healthy_liquidity_profile""], ""driver_texts"": [""추세 구조 양호"", ""거래 유동성 양호""], ""drags"": [""low_confidence"", ""low_probability_score""], ""drag_texts"": [""신호 신뢰도 낮음"", ""상위권 진입 확률 약함""], ""confidence_label"": ""Low"", ""confidence_reason"": ""core signals disagree; current regime fit is weak"", ""regime"": ""neutral"", ""weight_profile"": ""neutral_service_balanced"", ""regime_reason"": ""met_conditions=close_gt_ma20,ma20_gt_ma60,recent_20d_return_gt_0.03; true_count=3; breadth_20d=0.527; recent_20d_return=0.0468; ma60=5370.97; volatility_risk_flag=True"", ""action_note"": ""보수적 접근 권장"", ""component_snapshot"": {""ret_score"": 7.73, ""prob_score"": 2.96, ""qual_score"": 27.79, ""tech_score"": 80.99, ""valuation_score"": 50.0, ""risk_penalty"": 15.77, ""live_score"": 17.43, ""final_score"": 17.43, ""confidence_score"": 49.04, ""live_rank"": 191.0, ""live_score_source"": ""final_score""}}",191,2026-04-09 11:17:11,
2026-04-08,042660,-0.1103715453386748,-0.127106697330862,-0.2972032288436327,-0.2526382832152403,0.0563098440199936,0.038818041063593,0.0,127700.0,42.71356783919598,3,0.4,75.0,0.0396479319772333,0.0480894784756674,1706950.9,977536.0,-0.0441616766467065,0.0101649329589053,50.76693658866237,0.5726796242352372,123580.0,126415.0,133911.66666666666,0.005511811023622,0.0240577385725742,한화오션,KOSPI,기계/중공업·방산,,,조선,28.796875,0.4465492552530462,28.796875,28.796875,28.796875,0.3,,12.859223084865064,True,False,2026-04-08,5872.34,5523.437,0.0407581147205317,-8114.961149999988,neutral,"met_conditions=close_gt_ma20,ma20_gt_ma60,recent_20d_return_gt_0.03; true_count=3; breadth_20d=0.527; recent_20d_return=0.0468; ma60=5370.97; volatility_risk_flag=True",0.0101649329589053,55.0,53.854679802955665,0.005511811023622,0.0240577385725742,-0.0441616766467065,81.53387317732474,62.3785421859568,0.0396479319772333,0.0480894784756674,60.59113300492611,1706950.9,977536.0,57.96387520525451,91.62561576354679,1.0,58.80170158774498,feature_v1,10.83743842364532,0.10837438423645321,0.10837438423645321,17.24137931034483,0.1724137931034483,0.1724137931034483,12.758620689655173,12.758620689655173,13.399014778325125,False,5.63098440199936,0.14285714285714285,14.285714285714285,42.71356783919598,42.92929292929293,0.8375,0.78,28.04356060606061,28.04356060606061,36.94581280788177,41.87192118226601,60.59113300492611,91.62561576354679,50.0,12.758620689655173,14.285714285714285,58.80170158774498,ranking_builder_v8_return_prob_tech_regime,False,False,False,False,False,False,False,False,False,False,False,False,0,15.525270071073088,0.27937725059227575,neutral_service_balanced,0.24,0.24,0.32,0.32,0.26,0.26,0.18,0.18,0.65,0.0,0.0,16.865868078927562,16.865868078927562,1.0,False,False,1.0,False,16.865868078927562,192,v2,0.0,best_weight_by_regime,neutral,0.0,1.0,16.865868078927562,16.865868078927562,0.0,16.865868078927562,0.0,0.0,,,,,,,,,,,,,,,,,False,False,,,,,False,,,,,4.0,True,12.865868078927562,189,192,final_score,16.865868078927562,192,192,14.112408381058794,4.082758620689655,3.714285714285714,5.047840909090909,0.0,0.0,0.0,0.0,-10.091425546197508,4.082758620689655,3.714285714285714,14.112408381058794,5.047840909090909,0.0,0.0,0.0,-10.091425546197508,26.95729362512507,Tech flow score,14.112408381058794,Risk penalty,-10.091425546197508,"요약: live_score 16.9 | live_score_source=final_score | regime=neutral | dominant_driver=tech (Tech flow score 14.1) | top_positive_factor=Tech flow score (14.1) | top_negative_factor=Risk penalty (-10.1)
핵심 driver: Tech flow score (tech_score) contribution 14.1, score 58.8; Financial quality score (qual_score) contribution 5.0, score 28.0; Primary prediction score (ret_score) contribution 4.1, score 12.8
리스크 요인: top_negative_factor=Risk penalty (-10.1); risk_penalty 15.5
운영 상태: theme_overlay: disabled (operational config); confidence: 모델 메타 점수 (calibration 미완), score=NA, label=Experimental, live_score 비반영, research/reference 용도","{""base_score"": 16.9, ""theme_weight"": 0.0, ""weight_source"": ""best_weight_by_regime"", ""regime_applied"": ""neutral"", ""theme"": {""name"": ""조선"", ""confidence"": 0.45, ""contribution"": 0.0}}",confidence_four_axis_v1,1.0,91.25,97.0,22.43707573057306,24.898115188811513,65.818986210965,50.45445332999153,50.45445332999153,Medium,Medium,Medium,Medium,core signals disagree; current regime fit is weak,"Confidence score is 50.5 (Medium). data_maturity_score=91.2, model_reliability_score=97.0, signal_agreement_score=22.4, regime_fitness_score=24.9. Reason: core signals disagree; current regime fit is weak.",거래 유동성 양호이 추천 점수를 견인했습니다. 신호 신뢰도 낮음 요인은 함께 점검이 필요합니다.,거래 유동성 양호,신호 신뢰도 낮음 / 기대수익 매력 낮음,신뢰도 Medium: core signals disagree; current regime fit is weak,현재 neutral 체계로 균형형 가중치가 적용됐습니다.,healthy_liquidity_profile,,,low_confidence,weak_ret_score,거래 유동성 양호,,,신호 신뢰도 낮음,기대수익 매력 낮음,보수적 접근 권장,"{""drivers"": [""healthy_liquidity_profile""], ""driver_texts"": [""거래 유동성 양호""], ""drags"": [""low_confidence"", ""weak_ret_score""], ""drag_texts"": [""신호 신뢰도 낮음"", ""기대수익 매력 낮음""], ""confidence_label"": ""Medium"", ""confidence_reason"": ""core signals disagree; current regime fit is weak"", ""regime"": ""neutral"", ""weight_profile"": ""neutral_service_balanced"", ""regime_reason"": ""met_conditions=close_gt_ma20,ma20_gt_ma60,recent_20d_return_gt_0.03; true_count=3; breadth_20d=0.527; recent_20d_return=0.0468; ma60=5370.97; volatility_risk_flag=True"", ""action_note"": ""보수적 접근 권장"", ""component_snapshot"": {""ret_score"": 12.76, ""prob_score"": 14.29, ""qual_score"": 28.04, ""tech_score"": 58.8, ""valuation_score"": 50.0, ""risk_penalty"": 15.53, ""live_score"": 16.87, ""final_score"": 16.87, ""confidence_score"": 50.45, ""live_rank"": 192.0, ""live_score_source"": ""final_score""}}",192,2026-04-09 11:17:11,
2026-04-08,000720,-0.2959650384580512,-0.5154786726984404,-0.3962098576252814,-0.4546300021295877,0.0715421932224996,0.0326510539457774,0.0,188700.0,25.125628140703515,3,0.4,75.0,0.0660815425642083,0.0637166037591362,1479736.3,5892562.0,0.2681451612903225,0.1961206896551723,67.56399274438571,3.0,159280.0,157760.0,132013.33333333334,0.1801125703564727,0.195060164661178,현대건설,KOSPI,건설,,,,0.0,0.0,,0.0,,0.3,mapping_missing,0.0,False,False,2026-04-08,5872.34,5523.437,0.0407581147205317,-8114.961149999988,neutral,"met_conditions=close_gt_ma20,ma20_gt_ma60,recent_20d_return_gt_0.03; true_count=3; breadth_20d=0.527; recent_20d_return=0.0468; ma60=5370.97; volatility_risk_flag=True",0.1961206896551723,100.0,99.01477832512316,0.1801125703564727,0.195060164661178,0.2681451612903225,84.87201451122857,94.61701840613227,0.0660815425642083,0.0637166037591362,16.00985221674877,1479736.3,5892562.0,95.15599343185549,88.17733990147784,1.0,80.29575939781131,feature_v1,0.9852216748768473,0.009852216748768473,0.009852216748768473,0.49261083743842365,0.0049261083743842365,0.0049261083743842365,0.8374384236453201,0.8374384236453201,0.7881773399014778,False,7.15421932224996,0.21182266009852216,21.182266009852217,25.125628140703515,25.252525252525253,0.8375,0.78,16.49621212121212,16.49621212121212,90.64039408866995,77.33990147783251,16.00985221674877,88.17733990147784,50.0,0.8374384236453201,21.182266009852217,80.29575939781131,ranking_builder_v8_return_prob_tech_regime,False,False,False,False,False,False,False,False,False,False,False,False,0,18.0,0.4195779154270039,neutral_service_balanced,0.24,0.24,0.32,0.32,0.26,0.26,0.18,0.18,0.65,0.0,0.0,16.315669895420974,16.315669895420974,1.0,False,False,1.0,False,16.315669895420974,193,v2,0.0,best_weight_by_regime,neutral,0.0,1.0,16.315669895420974,16.315669895420974,0.0,16.315669895420974,0.0,0.0,,,,,,,,,,,,,,,,,False,False,,,,,False,,,,,10.0,True,6.3156698954209745,198,193,final_score,16.315669895420974,193,193,19.270982255474713,0.26798029556650244,5.5073891625615765,2.9693181818181817,0.0,0.0,0.0,0.0,-11.700000000000001,0.26798029556650244,5.5073891625615765,19.270982255474713,2.9693181818181817,0.0,0.0,0.0,-11.700000000000001,28.015669895420974,Tech flow score,19.270982255474713,Risk penalty,-11.700000000000001,"요약: live_score 16.3 | live_score_source=final_score | regime=neutral | dominant_driver=tech (Tech flow score 19.3) | top_positive_factor=Tech flow score (19.3) | top_negative_factor=Risk penalty (-11.7)
핵심 driver: Tech flow score (tech_score) contribution 19.3, score 80.3; Top-bucket probability score (prob_score) contribution 5.5, score 21.2; Financial quality score (qual_score) contribution 3.0, score 16.5
리스크 요인: top_negative_factor=Risk penalty (-11.7); risk_penalty 18.0
운영 상태: theme_overlay: disabled (operational config); confidence: 모델 메타 점수 (calibration 미완), score=NA, label=Experimental, live_score 비반영, research/reference 용도","{""base_score"": 16.3, ""theme_weight"": 0.0, ""weight_source"": ""best_weight_by_regime"", ""regime_applied"": ""neutral"", ""theme"": {""name"": ""(none)"", ""confidence"": 0.0, ""contribution"": 0.0}}",confidence_four_axis_v1,1.0,91.25,97.0,23.662503707750204,24.016772419941425,65.99314178992876,50.76835596708837,50.76835596708837,Medium,Medium,Medium,Medium,core signals disagree; current regime fit is weak,"Confidence score is 50.8 (Medium). data_maturity_score=91.2, model_reliability_score=97.0, signal_agreement_score=23.7, regime_fitness_score=24.0. Reason: core signals disagree; current regime fit is weak.",추세 구조 양호와 거래 유동성 양호이 추천 점수를 견인했습니다. 신호 신뢰도 낮음 요인은 함께 점검이 필요합니다.,추세 구조 양호 / 거래 유동성 양호,신호 신뢰도 낮음 / 기대수익 매력 낮음,신뢰도 Medium: core signals disagree; current regime fit is weak,현재 neutral 체계로 균형형 가중치가 적용됐습니다.,high_tech_score,healthy_liquidity_profile,,low_confidence,weak_ret_score,추세 구조 양호,거래 유동성 양호,,신호 신뢰도 낮음,기대수익 매력 낮음,보수적 접근 권장,"{""drivers"": [""high_tech_score"", ""healthy_liquidity_profile""], ""driver_texts"": [""추세 구조 양호"", ""거래 유동성 양호""], ""drags"": [""low_confidence"", ""weak_ret_score""], ""drag_texts"": [""신호 신뢰도 낮음"", ""기대수익 매력 낮음""], ""confidence_label"": ""Medium"", ""confidence_reason"": ""core signals disagree; current regime fit is weak"", ""regime"": ""neutral"", ""weight_profile"": ""neutral_service_balanced"", ""regime_reason"": ""met_conditions=close_gt_ma20,ma20_gt_ma60,recent_20d_return_gt_0.03; true_count=3; breadth_20d=0.527; recent_20d_return=0.0468; ma60=5370.97; volatility_risk_flag=True"", ""action_note"": ""보수적 접근 권장"", ""component_snapshot"": {""ret_score"": 0.84, ""prob_score"": 21.18, ""qual_score"": 16.5, ""tech_score"": 80.3, ""valuation_score"": 50.0, ""risk_penalty"": 18.0, ""live_score"": 16.32, ""final_score"": 16.32, ""confidence_score"": 50.77, ""live_rank"": 193.0, ""live_score_source"": ""final_score""}}",193,2026-04-09 11:17:11,
2026-04-08,347850,-0.0967483144199728,-0.1774845410207992,-0.3237701058133735,-0.3353540562204194,0.145065907138928,0.0619841978058796,0.0,69800.0,18.592964824120603,3,0.4,75.0,0.0632127788051893,0.0626717080593388,534550.95,403701.0,-0.1296758104738155,-0.0797020238644604,43.272093419765405,0.7552151951090912,68340.0,75845.0,83850.0,-0.0680907877169559,-0.1175726927939316,디앤디파마텍,KOSDAQ,생물공학,,,,0.0,0.0,,0.0,,0.3,mapping_missing,0.0,False,False,2026-04-08,5872.34,5523.437,0.0407581147205317,-8114.961149999988,neutral,"met_conditions=close_gt_ma20,ma20_gt_ma60,recent_20d_return_gt_0.03; true_count=3; breadth_20d=0.527; recent_20d_return=0.0468; ma60=5370.97; volatility_risk_flag=True",-0.0797020238644604,15.0,14.642857142857142,-0.0680907877169559,-0.1175726927939316,-0.1296758104738155,66.54418683953081,27.84294326160684,0.0632127788051893,0.0626717080593388,17.980295566502463,534550.95,403701.0,44.00656814449918,62.06896551724138,1.0,24.334931619394904,feature_v1,15.763546798029557,0.15763546798029557,0.15763546798029557,10.83743842364532,0.10837438423645321,0.10837438423645321,14.285714285714285,14.285714285714285,13.793103448275861,False,14.5065907138928,0.5714285714285714,57.14285714285714,18.592964824120603,18.68686868686869,0.8375,0.78,12.207196969696971,12.207196969696971,88.17733990147784,75.86206896551724,17.980295566502463,62.06896551724138,50.0,14.285714285714285,57.14285714285714,24.334931619394904,ranking_builder_v8_return_prob_tech_regime,False,False,False,False,False,False,False,False,False,False,False,False,0,18.0,0.32840368597619185,neutral_service_balanced,0.24,0.24,0.32,0.32,0.26,0.26,0.18,0.18,0.65,0.0,0.0,15.766250471771658,15.766250471771658,1.0,False,False,1.0,False,15.766250471771658,194,v2,0.0,best_weight_by_regime,neutral,0.0,1.0,15.766250471771658,15.766250471771658,0.0,15.766250471771658,0.0,0.0,,,,,,,,,,,,,,,,,False,False,,,,,False,,,,,10.0,True,5.766250471771658,199,194,final_score,15.766250471771658,194,194,5.840383588654777,4.571428571428571,14.857142857142856,2.1972954545454546,0.0,0.0,0.0,0.0,-11.700000000000001,4.571428571428571,14.857142857142856,5.840383588654777,2.1972954545454546,0.0,0.0,0.0,-11.700000000000001,27.46625047177166,Top-bucket probability score,14.857142857142856,Risk penalty,-11.700000000000001,"요약: live_score 15.8 | live_score_source=final_score | regime=neutral | dominant_driver=prob (Top-bucket probability score 14.9) | top_positive_factor=Top-bucket probability score (14.9) | top_negative_factor=Risk penalty (-11.7)
핵심 driver: Top-bucket probability score (prob_score) contribution 14.9, score 57.1; Tech flow score (tech_score) contribution 5.8, score 24.3; Primary prediction score (ret_score) contribution 4.6, score 14.3
리스크 요인: top_negative_factor=Risk penalty (-11.7); risk_penalty 18.0
운영 상태: theme_overlay: disabled (operational config); confidence: 모델 메타 점수 (calibration 미완), score=NA, label=Experimental, live_score 비반영, research/reference 용도","{""base_score"": 15.8, ""theme_weight"": 0.0, ""weight_source"": ""best_weight_by_regime"", ""regime_applied"": ""neutral"", ""theme"": {""name"": ""(none)"", ""confidence"": 0.0, ""contribution"": 0.0}}",confidence_four_axis_v1,1.0,91.25,97.0,22.76930194805195,24.534423553316213,65.84748902001041,50.514605489884026,50.514605489884026,Medium,Medium,Medium,Medium,core signals disagree; current regime fit is weak,"Confidence score is 50.5 (Medium). data_maturity_score=91.2, model_reliability_score=97.0, signal_agreement_score=22.8, regime_fitness_score=24.5. Reason: core signals disagree; current regime fit is weak.",뚜렷한 추천 강점은 제한적입니다. 신호 신뢰도 낮음 요인은 함께 점검이 필요합니다.,뚜렷한 강점 제한적,신호 신뢰도 낮음 / 재무 품질 보완 필요,신뢰도 Medium: core signals disagree; current regime fit is weak,현재 neutral 체계로 균형형 가중치가 적용됐습니다.,,,,low_confidence,weak_quality_score,,,,신호 신뢰도 낮음,재무 품질 보완 필요,보수적 접근 권장,"{""drivers"": [], ""driver_texts"": [], ""drags"": [""low_confidence"", ""weak_quality_score""], ""drag_texts"": [""신호 신뢰도 낮음"", ""재무 품질 보완 필요""], ""confidence_label"": ""Medium"", ""confidence_reason"": ""core signals disagree; current regime fit is weak"", ""regime"": ""neutral"", ""weight_profile"": ""neutral_service_balanced"", ""regime_reason"": ""met_conditions=close_gt_ma20,ma20_gt_ma60,recent_20d_return_gt_0.03; true_count=3; breadth_20d=0.527; recent_20d_return=0.0468; ma60=5370.97; volatility_risk_flag=True"", ""action_note"": ""보수적 접근 권장"", ""component_snapshot"": {""ret_score"": 14.29, ""prob_score"": 57.14, ""qual_score"": 12.21, ""tech_score"": 24.33, ""valuation_score"": 50.0, ""risk_penalty"": 18.0, ""live_score"": 15.77, ""final_score"": 15.77, ""confidence_score"": 50.51, ""live_rank"": 194.0, ""live_score_source"": ""final_score""}}",194,2026-04-09 11:17:11,
2026-04-08,036930,-0.1201719747898042,-0.2242870641447464,-0.3080708153210695,-0.3579812302525986,0.0634907632633012,0.040494061542166,0.0,68000.0,38.19095477386934,5,0.0,100.0,0.0684277194945452,0.0670613401044909,1695994.2,1752272.0,0.0149253731343284,0.0299909118448955,55.98602893695636,1.0331827785731815,62500.0,66020.0,52713.333333333336,0.0445468509984638,-0.0760869565217391,주성엔지니어링,KOSDAQ,반도체,,,반도체장비,33.75,0.4607412001656977,33.75,33.75,33.75,0.3,,15.550015505592297,True,False,2026-04-08,5872.34,5523.437,0.0407581147205317,-8114.961149999988,neutral,"met_conditions=close_gt_ma20,ma20_gt_ma60,recent_20d_return_gt_0.03; true_count=3; breadth_20d=0.527; recent_20d_return=0.0468; ma60=5370.97; volatility_risk_flag=True",0.0299909118448955,55.0,60.997536945812804,0.0445468509984638,-0.0760869565217391,0.0149253731343284,91.97205787391272,64.24917210394617,0.0684277194945452,0.0670613401044909,12.561576354679808,1695994.2,1752272.0,74.54844006568145,91.13300492610837,1.0,54.48105260091317,feature_v1,9.35960591133005,0.09359605911330049,0.09359605911330049,4.433497536945813,0.04433497536945813,0.04433497536945813,7.881773399014777,7.881773399014777,7.389162561576355,False,6.34907632633012,0.18226600985221675,18.226600985221676,38.19095477386934,38.38383838383838,1.0,1.0,38.38383838383838,38.38383838383838,93.10344827586206,81.77339901477832,12.561576354679808,91.13300492610837,50.0,7.881773399014777,18.226600985221676,54.48105260091317,ranking_builder_v8_return_prob_tech_regime,False,False,False,False,False,False,False,False,False,False,False,False,0,18.0,0.32803498129368114,neutral_service_balanced,0.24,0.24,0.32,0.32,0.26,0.26,0.18,0.18,0.65,0.0,0.0,15.545627277152436,15.545627277152436,1.0,False,False,1.0,False,15.545627277152436,195,v2,0.0,best_weight_by_regime,neutral,0.0,1.0,15.545627277152436,15.545627277152436,0.0,15.545627277152436,0.0,0.0,,,,,,,,,,,,,,,,,False,False,,,,,False,,,,,4.0,True,11.545627277152436,190,195,final_score,15.545627277152436,195,195,13.075452624219162,2.5221674876847286,4.738916256157636,6.909090909090908,0.0,0.0,0.0,0.0,-11.700000000000001,2.5221674876847286,4.738916256157636,13.075452624219162,6.909090909090908,0.0,0.0,0.0,-11.700000000000001,27.245627277152437,Tech flow score,13.075452624219162,Risk penalty,-11.700000000000001,"요약: live_score 15.5 | live_score_source=final_score | regime=neutral | dominant_driver=tech (Tech flow score 13.1) | top_positive_factor=Tech flow score (13.1) | top_negative_factor=Risk penalty (-11.7)
핵심 driver: Tech flow score (tech_score) contribution 13.1, score 54.5; Financial quality score (qual_score) contribution 6.9, score 38.4; Top-bucket probability score (prob_score) contribution 4.7, score 18.2
리스크 요인: top_negative_factor=Risk penalty (-11.7); risk_penalty 18.0
운영 상태: theme_overlay: disabled (operational config); confidence: 모델 메타 점수 (calibration 미완), score=NA, label=Experimental, live_score 비반영, research/reference 용도","{""base_score"": 15.5, ""theme_weight"": 0.0, ""weight_source"": ""best_weight_by_regime"", ""regime_applied"": ""neutral"", ""theme"": {""name"": ""반도체장비"", ""confidence"": 0.46, ""contribution"": 0.0}}",confidence_four_axis_v1,1.0,100.0,97.0,28.52021623943048,23.618905449774115,69.77288987732372,56.13186758572702,56.13186758572702,Medium,Medium,Medium,Medium,core signals disagree; current regime fit is weak,"Confidence score is 56.1 (Medium). data_maturity_score=100.0, model_reliability_score=97.0, signal_agreement_score=28.5, regime_fitness_score=23.6. Reason: core signals disagree; current regime fit is weak.",거래 유동성 양호이 추천 점수를 견인했습니다. 신호 신뢰도 낮음 요인은 함께 점검이 필요합니다.,거래 유동성 양호,신호 신뢰도 낮음 / 기대수익 매력 낮음,신뢰도 Medium: core signals disagree; current regime fit is weak,현재 neutral 체계로 균형형 가중치가 적용됐습니다.,healthy_liquidity_profile,,,low_confidence,weak_ret_score,거래 유동성 양호,,,신호 신뢰도 낮음,기대수익 매력 낮음,보수적 접근 권장,"{""drivers"": [""healthy_liquidity_profile""], ""driver_texts"": [""거래 유동성 양호""], ""drags"": [""low_confidence"", ""weak_ret_score""], ""drag_texts"": [""신호 신뢰도 낮음"", ""기대수익 매력 낮음""], ""confidence_label"": ""Medium"", ""confidence_reason"": ""core signals disagree; current regime fit is weak"", ""regime"": ""neutral"", ""weight_profile"": ""neutral_service_balanced"", ""regime_reason"": ""met_conditions=close_gt_ma20,ma20_gt_ma60,recent_20d_return_gt_0.03; true_count=3; breadth_20d=0.527; recent_20d_return=0.0468; ma60=5370.97; volatility_risk_flag=True"", ""action_note"": ""보수적 접근 권장"", ""component_snapshot"": {""ret_score"": 7.88, ""prob_score"": 18.23, ""qual_score"": 38.38, ""tech_score"": 54.48, ""valuation_score"": 50.0, ""risk_penalty"": 18.0, ""live_score"": 15.55, ""final_score"": 15.55, ""confidence_score"": 56.13, ""live_rank"": 195.0, ""live_score_source"": ""final_score""}}",195,2026-04-09 11:17:11,
2026-04-08,272210,-0.2006324019677878,-0.3673761578635163,-0.3611962609289875,-0.4531731473492114,0.0434285644434731,0.0286419300166764,0.0,130600.0,76.88442211055276,5,0.0,100.0,0.051741029663521,0.0908621584510424,1546506.3,1008429.0,-0.1157752200406229,-0.0151572279616921,51.41015517167536,0.6520691186321064,130900.0,132610.0,115965.0,0.0139751552795031,-0.0439238653001463,한화시스템,KOSPI,우주항공과국방,,,방산,69.103125,0.6865559936863457,69.103125,69.103125,69.103125,0.3,,47.44316465120676,True,False,2026-04-08,5872.34,5523.437,0.0407581147205317,-8114.961149999988,neutral,"met_conditions=close_gt_ma20,ma20_gt_ma60,recent_20d_return_gt_0.03; true_count=3; breadth_20d=0.527; recent_20d_return=0.0468; ma60=5370.97; volatility_risk_flag=True",-0.0151572279616921,35.0,37.45073891625616,0.0139751552795031,-0.0439238653001463,-0.1157752200406229,82.82031034335073,48.66074261046822,0.051741029663521,0.08972495093597457,15.763546798029552,1546506.3,1008429.0,58.78489326765189,90.14778325123153,1.0,40.236924938294415,feature_v1,2.4630541871921183,0.024630541871921183,0.024630541871921183,0.9852216748768473,0.009852216748768473,0.009852216748768473,2.019704433497537,2.019704433497537,1.8719211822660098,False,4.34285644434731,0.09852216748768473,9.852216748768473,76.88442211055276,76.76767676767676,1.0,1.0,76.76767676767676,76.76767676767676,68.96551724137932,99.50738916256158,15.763546798029552,90.14778325123153,50.0,2.019704433497537,9.852216748768473,40.236924938294415,ranking_builder_v8_return_prob_tech_regime,False,False,False,False,False,False,False,False,False,False,False,False,0,18.0,0.39798701549707705,neutral_service_balanced,0.24,0.24,0.32,0.32,0.26,0.26,0.18,0.18,0.65,0.0,0.0,14.982925576771487,14.982925576771487,1.0,False,False,1.0,False,14.982925576771487,196,v2,0.0,best_weight_by_regime,neutral,0.0,1.0,14.982925576771487,14.982925576771487,0.0,14.982925576771487,0.0,0.0,,,,,,,,,,,,,,,,,False,False,,,,,False,,,,,4.0,True,10.982925576771487,191,196,final_score,14.982925576771487,196,196,9.656861985190659,0.6463054187192119,2.561576354679803,13.818181818181817,0.0,0.0,0.0,0.0,-11.700000000000001,0.6463054187192119,2.561576354679803,9.656861985190659,13.818181818181817,0.0,0.0,0.0,-11.700000000000001,26.68292557677149,Financial quality score,13.818181818181817,Risk penalty,-11.700000000000001,"요약: live_score 15.0 | live_score_source=final_score | regime=neutral | dominant_driver=tech (Tech flow score 9.7) | top_positive_factor=Financial quality score (13.8) | top_negative_factor=Risk penalty (-11.7)
핵심 driver: Financial quality score (qual_score) contribution 13.8, score 76.8; Tech flow score (tech_score) contribution 9.7, score 40.2; Top-bucket probability score (prob_score) contribution 2.6, score 9.9
리스크 요인: top_negative_factor=Risk penalty (-11.7); risk_penalty 18.0
운영 상태: theme_overlay: disabled (operational config); confidence: 모델 메타 점수 (calibration 미완), score=NA, label=Experimental, live_score 비반영, research/reference 용도","{""base_score"": 15.0, ""theme_weight"": 0.0, ""weight_source"": ""best_weight_by_regime"", ""regime_applied"": ""neutral"", ""theme"": {""name"": ""방산"", ""confidence"": 0.69, ""contribution"": 0.0}}",confidence_four_axis_v1,1.0,100.0,97.0,31.325608299746232,23.26026253157091,70.42044145467219,57.18229582621268,57.18229582621268,Medium,Medium,Medium,Medium,core signals disagree; current regime fit is weak,"Confidence score is 57.2 (Medium). data_maturity_score=100.0, model_reliability_score=97.0, signal_agreement_score=31.3, regime_fitness_score=23.3. Reason: core signals disagree; current regime fit is weak.",거래 유동성 양호와 재무 품질 양호이 추천 점수를 견인했습니다. 신호 신뢰도 낮음 요인은 함께 점검이 필요합니다.,거래 유동성 양호 / 재무 품질 양호,신호 신뢰도 낮음 / 기대수익 매력 낮음,신뢰도 Medium: core signals disagree; current regime fit is weak,현재 neutral 체계로 균형형 가중치가 적용됐습니다.,healthy_liquidity_profile,strong_quality_profile,,low_confidence,weak_ret_score,거래 유동성 양호,재무 품질 양호,,신호 신뢰도 낮음,기대수익 매력 낮음,보수적 접근 권장,"{""drivers"": [""healthy_liquidity_profile"", ""strong_quality_profile""], ""driver_texts"": [""거래 유동성 양호"", ""재무 품질 양호""], ""drags"": [""low_confidence"", ""weak_ret_score""], ""drag_texts"": [""신호 신뢰도 낮음"", ""기대수익 매력 낮음""], ""confidence_label"": ""Medium"", ""confidence_reason"": ""core signals disagree; current regime fit is weak"", ""regime"": ""neutral"", ""weight_profile"": ""neutral_service_balanced"", ""regime_reason"": ""met_conditions=close_gt_ma20,ma20_gt_ma60,recent_20d_return_gt_0.03; true_count=3; breadth_20d=0.527; recent_20d_return=0.0468; ma60=5370.97; volatility_risk_flag=True"", ""action_note"": ""보수적 접근 권장"", ""component_snapshot"": {""ret_score"": 2.02, ""prob_score"": 9.85, ""qual_score"": 76.77, ""tech_score"": 40.24, ""valuation_score"": 50.0, ""risk_penalty"": 18.0, ""live_score"": 14.98, ""final_score"": 14.98, ""confidence_score"": 57.18, ""live_rank"": 196.0, ""live_score_source"": ""final_score""}}",196,2026-04-09 11:17:11,
2026-04-08,141080,-0.09282151064067,-0.138120042966343,-0.2814552309071665,-0.3678190170070896,0.0784337009200359,0.0435883399662818,0.0,175700.0,38.69346733668342,5,0.0,100.0,0.0593458001068669,0.0580885793617719,463232.05,568335.0,-0.0217149220489977,-0.1021743018472622,44.336336408940944,1.2268904968902734,173720.0,195695.0,185153.3333333333,-0.1450121654501216,-0.1770491803278688,리가켐바이오,KOSDAQ,바이오/제약,,,,0.0,0.0,,0.0,,0.3,mapping_missing,0.0,False,False,2026-04-08,5872.34,5523.437,0.0407581147205317,-8114.961149999988,neutral,"met_conditions=close_gt_ma20,ma20_gt_ma60,recent_20d_return_gt_0.03; true_count=3; breadth_20d=0.527; recent_20d_return=0.0468; ma60=5370.97; volatility_risk_flag=True",-0.1021743018472622,35.0,22.179802955665025,-0.1450121654501216,-0.1770491803278688,-0.0217149220489977,68.67267281788189,31.823340618263575,0.0593458001068669,0.0580885793617719,26.354679802955665,463232.05,568335.0,62.725779967159276,57.14285714285714,1.0,32.47191305875678,feature_v1,16.748768472906402,0.16748768472906403,0.16748768472906403,16.25615763546798,0.1625615763546798,0.1625615763546798,16.600985221674875,16.600985221674875,16.551724137931032,False,7.843370092003591,0.2512315270935961,25.12315270935961,38.69346733668342,38.88888888888889,1.0,1.0,38.88888888888889,38.88888888888889,82.75862068965517,64.5320197044335,26.354679802955665,57.14285714285714,50.0,16.600985221674875,25.12315270935961,32.47191305875678,ranking_builder_v8_return_prob_tech_regime,False,False,False,False,False,False,False,False,False,False,False,False,0,18.0,0.31600074534713574,neutral_service_balanced,0.24,0.24,0.32,0.32,0.26,0.26,0.18,0.18,0.65,0.0,0.0,14.937594109471087,14.937594109471087,1.0,False,False,1.0,False,14.937594109471087,197,v2,0.0,best_weight_by_regime,neutral,0.0,1.0,14.937594109471087,14.937594109471087,0.0,14.937594109471087,0.0,0.0,,,,,,,,,,,,,,,,,False,False,,,,,False,,,,,4.0,True,10.937594109471087,193,197,final_score,14.937594109471087,197,197,7.7932591341016275,5.312315270935961,6.532019704433498,7.000000000000001,0.0,0.0,0.0,0.0,-11.700000000000001,5.312315270935961,6.532019704433498,7.7932591341016275,7.000000000000001,0.0,0.0,0.0,-11.700000000000001,26.637594109471088,Tech flow score,7.7932591341016275,Risk penalty,-11.700000000000001,"요약: live_score 14.9 | live_score_source=final_score | regime=neutral | dominant_driver=tech (Tech flow score 7.8) | top_positive_factor=Tech flow score (7.8) | top_negative_factor=Risk penalty (-11.7)
핵심 driver: Tech flow score (tech_score) contribution 7.8, score 32.5; Financial quality score (qual_score) contribution 7.0, score 38.9; Top-bucket probability score (prob_score) contribution 6.5, score 25.1
리스크 요인: top_negative_factor=Risk penalty (-11.7); risk_penalty 18.0
운영 상태: theme_overlay: disabled (operational config); confidence: 모델 메타 점수 (calibration 미완), score=NA, label=Experimental, live_score 비반영, research/reference 용도","{""base_score"": 14.9, ""theme_weight"": 0.0, ""weight_source"": ""best_weight_by_regime"", ""regime_applied"": ""neutral"", ""theme"": {""name"": ""(none)"", ""confidence"": 0.0, ""contribution"": 0.0}}",confidence_four_axis_v1,1.0,100.0,97.0,29.56362889983579,23.394437346288854,70.00007282690227,56.50433902919209,56.50433902919209,Medium,Medium,Medium,Medium,core signals disagree; current regime fit is weak,"Confidence score is 56.5 (Medium). data_maturity_score=100.0, model_reliability_score=97.0, signal_agreement_score=29.6, regime_fitness_score=23.4. Reason: core signals disagree; current regime fit is weak.",뚜렷한 추천 강점은 제한적입니다. 신호 신뢰도 낮음 요인은 함께 점검이 필요합니다.,뚜렷한 강점 제한적,신호 신뢰도 낮음 / 기대수익 매력 낮음,신뢰도 Medium: core signals disagree; current regime fit is weak,현재 neutral 체계로 균형형 가중치가 적용됐습니다.,,,,low_confidence,weak_ret_score,,,,신호 신뢰도 낮음,기대수익 매력 낮음,보수적 접근 권장,"{""drivers"": [], ""driver_texts"": [], ""drags"": [""low_confidence"", ""weak_ret_score""], ""drag_texts"": [""신호 신뢰도 낮음"", ""기대수익 매력 낮음""], ""confidence_label"": ""Medium"", ""confidence_reason"": ""core signals disagree; current regime fit is weak"", ""regime"": ""neutral"", ""weight_profile"": ""neutral_service_balanced"", ""regime_reason"": ""met_conditions=close_gt_ma20,ma20_gt_ma60,recent_20d_return_gt_0.03; true_count=3; breadth_20d=0.527; recent_20d_return=0.0468; ma60=5370.97; volatility_risk_flag=True"", ""action_note"": ""보수적 접근 권장"", ""component_snapshot"": {""ret_score"": 16.6, ""prob_score"": 25.12, ""qual_score"": 38.89, ""tech_score"": 32.47, ""valuation_score"": 50.0, ""risk_penalty"": 18.0, ""live_score"": 14.94, ""final_score"": 14.94, ""confidence_score"": 56.5, ""live_rank"": 197.0, ""live_score_source"": ""final_score""}}",197,2026-04-09 11:17:11,
2026-04-08,376900,-0.0584370895270793,-0.2806372919024896,-0.2818143795891984,-0.5094788144839081,0.1163023234937553,0.0387333247816135,0.0,94400.0,17.08542713567839,5,0.0,100.0,0.1093135254285567,0.0897642049312161,587851.45,665627.0,-0.0268041237113402,-0.2121515606743448,43.91421683031675,1.132304768492108,115580.0,119820.0,83908.33333333333,-0.3617308992562542,-0.2152950955943474,로킷헬스케어,KOSDAQ,건강관리장비와용품,,,,0.0,0.0,,0.0,,0.3,mapping_missing,0.0,False,False,2026-04-08,5872.34,5523.437,0.0407581147205317,-8114.961149999988,neutral,"met_conditions=close_gt_ma20,ma20_gt_ma60,recent_20d_return_gt_0.03; true_count=3; breadth_20d=0.527; recent_20d_return=0.0468; ma60=5370.97; volatility_risk_flag=True",-0.2121515606743448,35.0,18.485221674876847,-0.2146131199778332,-0.2152950955943474,-0.0268041237113402,67.8284336606335,30.134448316636206,0.1093135254285567,0.08972495093597457,0.985221674876847,587851.45,665627.0,62.5615763546798,65.02463054187191,1.0,25.673904201463067,feature_v1,24.63054187192118,0.24630541871921183,0.24630541871921183,3.4482758620689653,0.034482758620689655,0.034482758620689655,18.275862068965516,18.275862068965516,16.157635467980295,False,11.63023234937553,0.43349753694581283,43.34975369458128,17.08542713567839,17.17171717171717,1.0,1.0,17.17171717171717,17.17171717171717,98.52216748768473,99.01477832512316,1.231527093596057,65.02463054187191,50.0,18.275862068965516,43.34975369458128,25.673904201463067,ranking_builder_v8_return_prob_tech_regime,False,False,False,False,False,False,False,False,False,False,False,False,0,18.0,0.37288015354708226,neutral_service_balanced,0.24,0.24,0.32,0.32,0.26,0.26,0.18,0.18,0.65,0.0,0.0,14.671857921920322,14.671857921920322,1.0,False,False,1.0,False,14.671857921920322,198,v2,0.0,best_weight_by_regime,neutral,0.0,1.0,14.671857921920322,14.671857921920322,0.0,14.671857921920322,0.0,0.0,,,,,,,,,,,,,,,,,False,False,,,,,False,,,,,10.0,True,4.6718579219203225,200,198,final_score,14.671857921920322,198,198,6.161737008351136,5.848275862068966,11.270935960591133,3.0909090909090904,0.0,0.0,0.0,0.0,-11.700000000000001,5.848275862068966,11.270935960591133,6.161737008351136,3.0909090909090904,0.0,0.0,0.0,-11.700000000000001,26.371857921920327,Top-bucket probability score,11.270935960591133,Risk penalty,-11.700000000000001,"요약: live_score 14.7 | live_score_source=final_score | regime=neutral | dominant_driver=prob (Top-bucket probability score 11.3) | top_positive_factor=Top-bucket probability score (11.3) | top_negative_factor=Risk penalty (-11.7)
핵심 driver: Top-bucket probability score (prob_score) contribution 11.3, score 43.3; Tech flow score (tech_score) contribution 6.2, score 25.7; Primary prediction score (ret_score) contribution 5.8, score 18.3
리스크 요인: top_negative_factor=Risk penalty (-11.7); risk_penalty 18.0
운영 상태: theme_overlay: disabled (operational config); confidence: 모델 메타 점수 (calibration 미완), score=NA, label=Experimental, live_score 비반영, research/reference 용도","{""base_score"": 14.7, ""theme_weight"": 0.0, ""weight_source"": ""best_weight_by_regime"", ""regime_applied"": ""neutral"", ""theme"": {""name"": ""(none)"", ""confidence"": 0.0, ""contribution"": 0.0}}",confidence_four_axis_v1,1.0,100.0,97.0,28.396589043140764,23.403437853777213,69.70966293885176,56.03932318801175,56.03932318801175,Medium,Medium,Medium,Medium,core signals disagree; current regime fit is weak,"Confidence score is 56.0 (Medium). data_maturity_score=100.0, model_reliability_score=97.0, signal_agreement_score=28.4, regime_fitness_score=23.4. Reason: core signals disagree; current regime fit is weak.",거래 유동성 양호이 추천 점수를 견인했습니다. 신호 신뢰도 낮음 요인은 함께 점검이 필요합니다.,거래 유동성 양호,신호 신뢰도 낮음 / 방어력 약함,신뢰도 Medium: core signals disagree; current regime fit is weak,현재 neutral 체계로 균형형 가중치가 적용됐습니다.,healthy_liquidity_profile,,,low_confidence,weak_safety_score,거래 유동성 양호,,,신호 신뢰도 낮음,방어력 약함,보수적 접근 권장,"{""drivers"": [""healthy_liquidity_profile""], ""driver_texts"": [""거래 유동성 양호""], ""drags"": [""low_confidence"", ""weak_safety_score""], ""drag_texts"": [""신호 신뢰도 낮음"", ""방어력 약함""], ""confidence_label"": ""Medium"", ""confidence_reason"": ""core signals disagree; current regime fit is weak"", ""regime"": ""neutral"", ""weight_profile"": ""neutral_service_balanced"", ""regime_reason"": ""met_conditions=close_gt_ma20,ma20_gt_ma60,recent_20d_return_gt_0.03; true_count=3; breadth_20d=0.527; recent_20d_return=0.0468; ma60=5370.97; volatility_risk_flag=True"", ""action_note"": ""보수적 접근 권장"", ""component_snapshot"": {""ret_score"": 18.28, ""prob_score"": 43.35, ""qual_score"": 17.17, ""tech_score"": 25.67, ""valuation_score"": 50.0, ""risk_penalty"": 18.0, ""live_score"": 14.67, ""final_score"": 14.67, ""confidence_score"": 56.04, ""live_rank"": 198.0, ""live_score_source"": ""final_score""}}",198,2026-04-09 11:17:11,
2026-04-08,087010,-0.0566524505553677,0.6465442336299043,-0.3531824920995713,-0.3290733679623036,0.0538887990496833,0.0431672024876194,0.0,284000.0,6.030150753768844,5,0.0,100.0,0.0478549467629743,0.0645756089152479,191238.15,137848.0,-0.0596026490066224,-0.0657126408421745,47.44473128029143,0.7208185186899162,278300.0,303975.0,279016.6666666667,-0.0779220779220779,-0.1026856240126382,펩트론,KOSDAQ,생물공학,,,,0.0,0.0,,0.0,,0.3,mapping_missing,0.0,False,False,2026-04-08,5872.34,5523.437,0.0407581147205317,-8114.961149999988,neutral,"met_conditions=close_gt_ma20,ma20_gt_ma60,recent_20d_return_gt_0.03; true_count=3; breadth_20d=0.527; recent_20d_return=0.0468; ma60=5370.97; volatility_risk_flag=True",-0.0657126408421745,35.0,26.120689655172413,-0.0779220779220779,-0.1026856240126382,-0.0596026490066224,74.88946256058286,34.978523275613696,0.0478549467629743,0.0645756089152479,30.29556650246305,191238.15,137848.0,19.376026272578,28.078817733990146,1.0,29.044207284395828,feature_v1,25.12315270935961,0.2512315270935961,0.2512315270935961,93.59605911330048,0.9359605911330049,0.9359605911330049,45.66502463054187,45.66502463054187,52.51231527093596,False,5.38887990496833,0.1330049261083744,13.30049261083744,6.030150753768844,6.0606060606060606,1.0,1.0,6.0606060606060606,6.0606060606060606,60.591133004926114,78.81773399014779,30.29556650246305,28.078817733990146,50.0,45.66502463054187,13.30049261083744,29.044207284395828,ranking_builder_v8_return_prob_tech_regime,False,False,False,False,False,False,False,False,False,False,False,False,0,18.0,0.34353884244466426,neutral_service_balanced,0.24,0.24,0.32,0.32,0.26,0.26,0.18,0.18,0.65,0.0,0.0,14.432454799755218,14.432454799755218,1.0,False,False,1.0,False,14.432454799755218,199,v2,0.0,best_weight_by_regime,neutral,0.0,1.0,14.432454799755218,14.432454799755218,0.0,14.432454799755218,0.0,0.0,,,,,,,,,,,,,,,,,False,False,,,,,False,,,,,10.0,True,4.432454799755218,201,199,final_score,14.432454799755218,199,199,6.970609748254998,14.6128078817734,3.4581280788177344,1.0909090909090908,0.0,0.0,0.0,0.0,-11.700000000000001,14.6128078817734,3.4581280788177344,6.970609748254998,1.0909090909090908,0.0,0.0,0.0,-11.700000000000001,26.13245479975522,Primary prediction score,14.6128078817734,Risk penalty,-11.700000000000001,"요약: live_score 14.4 | live_score_source=final_score | regime=neutral | dominant_driver=ret (Primary prediction score 14.6) | top_positive_factor=Primary prediction score (14.6) | top_negative_factor=Risk penalty (-11.7)
핵심 driver: Primary prediction score (ret_score) contribution 14.6, score 45.7; Tech flow score (tech_score) contribution 7.0, score 29.0; Top-bucket probability score (prob_score) contribution 3.5, score 13.3
리스크 요인: top_negative_factor=Risk penalty (-11.7); risk_penalty 18.0
운영 상태: theme_overlay: disabled (operational config); confidence: 모델 메타 점수 (calibration 미완), score=NA, label=Experimental, live_score 비반영, research/reference 용도","{""base_score"": 14.4, ""theme_weight"": 0.0, ""weight_source"": ""best_weight_by_regime"", ""regime_applied"": ""neutral"", ""theme"": {""name"": ""(none)"", ""confidence"": 0.0, ""contribution"": 0.0}}",confidence_four_axis_v1,1.0,100.0,97.0,24.368674429019258,22.756863549728845,68.60569813971414,54.29884248155347,54.29884248155347,Medium,Medium,Medium,Medium,core signals disagree; current regime fit is weak,"Confidence score is 54.3 (Medium). data_maturity_score=100.0, model_reliability_score=97.0, signal_agreement_score=24.4, regime_fitness_score=22.8. Reason: core signals disagree; current regime fit is weak.",뚜렷한 추천 강점은 제한적입니다. 신호 신뢰도 낮음 요인은 함께 점검이 필요합니다.,뚜렷한 강점 제한적,신호 신뢰도 낮음 / 재무 품질 보완 필요,신뢰도 Medium: core signals disagree; current regime fit is weak,현재 neutral 체계로 균형형 가중치가 적용됐습니다.,,,,low_confidence,weak_quality_score,,,,신호 신뢰도 낮음,재무 품질 보완 필요,보수적 접근 권장,"{""drivers"": [], ""driver_texts"": [], ""drags"": [""low_confidence"", ""weak_quality_score""], ""drag_texts"": [""신호 신뢰도 낮음"", ""재무 품질 보완 필요""], ""confidence_label"": ""Medium"", ""confidence_reason"": ""core signals disagree; current regime fit is weak"", ""regime"": ""neutral"", ""weight_profile"": ""neutral_service_balanced"", ""regime_reason"": ""met_conditions=close_gt_ma20,ma20_gt_ma60,recent_20d_return_gt_0.03; true_count=3; breadth_20d=0.527; recent_20d_return=0.0468; ma60=5370.97; volatility_risk_flag=True"", ""action_note"": ""보수적 접근 권장"", ""component_snapshot"": {""ret_score"": 45.67, ""prob_score"": 13.3, ""qual_score"": 6.06, ""tech_score"": 29.04, ""valuation_score"": 50.0, ""risk_penalty"": 18.0, ""live_score"": 14.43, ""final_score"": 14.43, ""confidence_score"": 54.3, ""live_rank"": 199.0, ""live_score_source"": ""final_score""}}",199,2026-04-09 11:17:11,
2026-04-08,319400,-0.180297639841154,-0.2083993469985853,-0.3573088137770622,-0.3931675934628348,0.0578824840686377,0.0398433982549161,0.0,29200.0,44.221105527638194,3,0.4,75.0,0.0511485434521016,0.085938535290298,1119013.85,2654515.0,-0.1029185867895545,0.0437890974084003,53.14539321140548,2.372191371894101,26880.0,27975.0,30307.5,0.1339805825242719,0.0428571428571429,현대무벡스,KOSDAQ,기계,,,,0.0,0.0,,0.0,,0.3,mapping_missing,0.0,False,False,2026-04-08,5872.34,5523.437,0.0407581147205317,-8114.961149999988,neutral,"met_conditions=close_gt_ma20,ma20_gt_ma60,recent_20d_return_gt_0.03; true_count=3; breadth_20d=0.527; recent_20d_return=0.0468; ma60=5370.97; volatility_risk_flag=True",0.0437890974084003,55.0,64.44581280788177,0.1339805825242719,0.0428571428571429,-0.1029185867895545,86.29078642281095,71.32639118698353,0.0511485434521016,0.085938535290298,16.995073891625616,1119013.85,2654515.0,91.13300492610837,82.75862068965517,1.0,61.36694627505014,feature_v1,4.433497536945813,0.04433497536945813,0.04433497536945813,6.403940886699508,0.06403940886699508,0.06403940886699508,5.024630541871922,5.024630541871922,5.221674876847292,False,5.78824840686377,0.15763546798029557,15.763546798029557,44.221105527638194,44.44444444444444,0.8375,0.78,29.033333333333335,29.033333333333335,67.98029556650246,98.0295566502463,16.995073891625616,82.75862068965517,50.0,5.024630541871922,15.763546798029557,61.36694627505014,ranking_builder_v8_return_prob_tech_regime,False,False,False,False,False,False,False,False,False,False,False,False,0,18.0,0.37165232565137124,neutral_service_balanced,0.24,0.24,0.32,0.32,0.26,0.26,0.18,0.18,0.65,0.0,0.0,13.96047104689873,13.96047104689873,1.0,False,False,1.0,False,13.96047104689873,200,v2,0.0,best_weight_by_regime,neutral,0.0,1.0,13.96047104689873,13.96047104689873,0.0,13.96047104689873,0.0,0.0,,,,,,,,,,,,,,,,,False,False,,,,,False,,,,,4.0,True,9.96047104689873,196,200,final_score,13.96047104689873,200,200,14.728067106012032,1.607881773399015,4.098522167487685,5.226,0.0,0.0,0.0,0.0,-11.700000000000001,1.607881773399015,4.098522167487685,14.728067106012032,5.226,0.0,0.0,0.0,-11.700000000000001,25.660471046898735,Tech flow score,14.728067106012032,Risk penalty,-11.700000000000001,"요약: live_score 14.0 | live_score_source=final_score | regime=neutral | dominant_driver=tech (Tech flow score 14.7) | top_positive_factor=Tech flow score (14.7) | top_negative_factor=Risk penalty (-11.7)
핵심 driver: Tech flow score (tech_score) contribution 14.7, score 61.4; Financial quality score (qual_score) contribution 5.2, score 29.0; Top-bucket probability score (prob_score) contribution 4.1, score 15.8
리스크 요인: top_negative_factor=Risk penalty (-11.7); risk_penalty 18.0
운영 상태: theme_overlay: disabled (operational config); confidence: 모델 메타 점수 (calibration 미완), score=NA, label=Experimental, live_score 비반영, research/reference 용도","{""base_score"": 14.0, ""theme_weight"": 0.0, ""weight_source"": ""best_weight_by_regime"", ""regime_applied"": ""neutral"", ""theme"": {""name"": ""(none)"", ""confidence"": 0.0, ""contribution"": 0.0}}",confidence_four_axis_v1,1.0,91.25,97.0,30.597305280046534,22.108870371594595,67.44065687575082,53.16069618633753,53.16069618633753,Medium,Medium,Medium,Medium,core signals disagree; current regime fit is weak,"Confidence score is 53.2 (Medium). data_maturity_score=91.2, model_reliability_score=97.0, signal_agreement_score=30.6, regime_fitness_score=22.1. Reason: core signals disagree; current regime fit is weak.",거래 유동성 양호이 추천 점수를 견인했습니다. 신호 신뢰도 낮음 요인은 함께 점검이 필요합니다.,거래 유동성 양호,신호 신뢰도 낮음 / 기대수익 매력 낮음,신뢰도 Medium: core signals disagree; current regime fit is weak,현재 neutral 체계로 균형형 가중치가 적용됐습니다.,healthy_liquidity_profile,,,low_confidence,weak_ret_score,거래 유동성 양호,,,신호 신뢰도 낮음,기대수익 매력 낮음,보수적 접근 권장,"{""drivers"": [""healthy_liquidity_profile""], ""driver_texts"": [""거래 유동성 양호""], ""drags"": [""low_confidence"", ""weak_ret_score""], ""drag_texts"": [""신호 신뢰도 낮음"", ""기대수익 매력 낮음""], ""confidence_label"": ""Medium"", ""confidence_reason"": ""core signals disagree; current regime fit is weak"", ""regime"": ""neutral"", ""weight_profile"": ""neutral_service_balanced"", ""regime_reason"": ""met_conditions=close_gt_ma20,ma20_gt_ma60,recent_20d_return_gt_0.03; true_count=3; breadth_20d=0.527; recent_20d_return=0.0468; ma60=5370.97; volatility_risk_flag=True"", ""action_note"": ""보수적 접근 권장"", ""component_snapshot"": {""ret_score"": 5.02, ""prob_score"": 15.76, ""qual_score"": 29.03, ""tech_score"": 61.37, ""valuation_score"": 50.0, ""risk_penalty"": 18.0, ""live_score"": 13.96, ""final_score"": 13.96, ""confidence_score"": 53.16, ""live_rank"": 200.0, ""live_score_source"": ""final_score""}}",200,2026-04-09 11:17:11,
2026-04-08,290650,-0.1605655758473781,-0.0959784774854474,-0.298083798319188,-0.3292278626783593,0.1236763221254038,0.0799633554430044,0.0,65600.0,16.08040201005025,5,0.0,100.0,0.0325447823429198,0.0649821022240704,200677.65,222401.0,-0.1901234567901234,-0.0898369753728755,38.618002512422166,1.1082499720322618,65300.0,72075.0,77351.66666666667,-0.0628571428571428,-0.1135135135135134,엘앤씨바이오,KOSDAQ,바이오/제약,,,,0.0,0.0,,0.0,,0.3,mapping_missing,0.0,False,False,2026-04-08,5872.34,5523.437,0.0407581147205317,-8114.961149999988,neutral,"met_conditions=close_gt_ma20,ma20_gt_ma60,recent_20d_return_gt_0.03; true_count=3; breadth_20d=0.527; recent_20d_return=0.0468; ma60=5370.97; volatility_risk_flag=True",-0.0898369753728755,15.0,13.657635467980295,-0.0628571428571428,-0.1135135135135134,-0.1901234567901234,57.23600502484433,24.03806529561995,0.0325447823429198,0.0649821022240704,49.75369458128079,200677.65,222401.0,39.08045977011494,31.03448275862069,1.0,28.32342137563447,feature_v1,5.41871921182266,0.054187192118226604,0.054187192118226604,21.182266009852217,0.21182266009852216,0.21182266009852216,10.147783251231527,10.147783251231527,11.724137931034484,False,12.36763221254038,0.458128078817734,45.812807881773395,16.08040201005025,16.161616161616163,1.0,1.0,16.161616161616163,16.161616161616163,20.689655172413794,79.80295566502463,49.75369458128079,31.03448275862069,50.0,10.147783251231527,45.812807881773395,28.32342137563447,ranking_builder_v8_return_prob_tech_regime,False,False,False,False,False,False,False,False,False,False,False,False,0,18.0,0.31054142406285656,neutral_service_balanced,0.24,0.24,0.32,0.32,0.26,0.26,0.18,0.18,0.65,0.0,0.0,13.165332728898354,13.165332728898354,1.0,False,False,1.0,False,13.165332728898354,201,v2,0.0,best_weight_by_regime,neutral,0.0,1.0,13.165332728898354,13.165332728898354,0.0,13.165332728898354,0.0,0.0,,,,,,,,,,,,,,,,,False,False,,,,,False,,,,,10.0,True,3.1653327288983544,202,201,final_score,13.165332728898354,201,201,6.797621130152272,3.2472906403940884,11.911330049261084,2.909090909090909,0.0,0.0,0.0,0.0,-11.700000000000001,3.2472906403940884,11.911330049261084,6.797621130152272,2.909090909090909,0.0,0.0,0.0,-11.700000000000001,24.865332728898355,Top-bucket probability score,11.911330049261084,Risk penalty,-11.700000000000001,"요약: live_score 13.2 | live_score_source=final_score | regime=neutral | dominant_driver=prob (Top-bucket probability score 11.9) | top_positive_factor=Top-bucket probability score (11.9) | top_negative_factor=Risk penalty (-11.7)
핵심 driver: Top-bucket probability score (prob_score) contribution 11.9, score 45.8; Tech flow score (tech_score) contribution 6.8, score 28.3; Primary prediction score (ret_score) contribution 3.2, score 10.1
리스크 요인: top_negative_factor=Risk penalty (-11.7); risk_penalty 18.0
운영 상태: theme_overlay: disabled (operational config); confidence: 모델 메타 점수 (calibration 미완), score=NA, label=Experimental, live_score 비반영, research/reference 용도","{""base_score"": 13.2, ""theme_weight"": 0.0, ""weight_source"": ""best_weight_by_regime"", ""regime_applied"": ""neutral"", ""theme"": {""name"": ""(none)"", ""confidence"": 0.0, ""contribution"": 0.0}}",confidence_four_axis_v1,1.0,100.0,97.0,25.550492610837438,22.086996062955922,68.80067256215274,54.63759625692616,54.63759625692616,Medium,Medium,Medium,Medium,core signals disagree; current regime fit is weak,"Confidence score is 54.6 (Medium). data_maturity_score=100.0, model_reliability_score=97.0, signal_agreement_score=25.6, regime_fitness_score=22.1. Reason: core signals disagree; current regime fit is weak.",뚜렷한 추천 강점은 제한적입니다. 신호 신뢰도 낮음 요인은 함께 점검이 필요합니다.,뚜렷한 강점 제한적,신호 신뢰도 낮음 / 기대수익 매력 낮음,신뢰도 Medium: core signals disagree; current regime fit is weak,현재 neutral 체계로 균형형 가중치가 적용됐습니다.,,,,low_confidence,weak_ret_score,,,,신호 신뢰도 낮음,기대수익 매력 낮음,보수적 접근 권장,"{""drivers"": [], ""driver_texts"": [], ""drags"": [""low_confidence"", ""weak_ret_score""], ""drag_texts"": [""신호 신뢰도 낮음"", ""기대수익 매력 낮음""], ""confidence_label"": ""Medium"", ""confidence_reason"": ""core signals disagree; current regime fit is weak"", ""regime"": ""neutral"", ""weight_profile"": ""neutral_service_balanced"", ""regime_reason"": ""met_conditions=close_gt_ma20,ma20_gt_ma60,recent_20d_return_gt_0.03; true_count=3; breadth_20d=0.527; recent_20d_return=0.0468; ma60=5370.97; volatility_risk_flag=True"", ""action_note"": ""보수적 접근 권장"", ""component_snapshot"": {""ret_score"": 10.15, ""prob_score"": 45.81, ""qual_score"": 16.16, ""tech_score"": 28.32, ""valuation_score"": 50.0, ""risk_penalty"": 18.0, ""live_score"": 13.17, ""final_score"": 13.17, ""confidence_score"": 54.64, ""live_rank"": 201.0, ""live_score_source"": ""final_score""}}",201,2026-04-09 11:17:11,
2026-04-08,079550,-0.361731482817788,-0.3185000453323866,-0.3460353238100395,-0.4171992566752219,0.0155132151891691,0.0232952630557123,0.0,833000.0,29.64824120603015,5,0.0,100.0,0.0881331657290758,0.0758321477234903,450578.55,412630.0,0.1226415094339623,0.1368133742749915,61.70130803558297,0.9157781700882122,822800.0,732750.0,607291.6666666666,0.0491183879093199,0.1348773841961852,LIG넥스원,KOSPI,우주항공과국방,,,방산,74.41875,0.7040559936863457,74.41875,74.41875,74.41875,0.3,,52.394966980145746,True,False,2026-04-08,5872.34,5523.437,0.0407581147205317,-8114.961149999988,neutral,"met_conditions=close_gt_ma20,ma20_gt_ma60,recent_20d_return_gt_0.03; true_count=3; breadth_20d=0.527; recent_20d_return=0.0468; ma60=5370.97; volatility_risk_flag=True",0.1368133742749915,100.0,98.0295566502463,0.0491183879093199,0.1348773841961852,0.1226415094339623,96.59738392883406,91.26757258319374,0.0881331657290758,0.0758321477234903,3.940886699507388,450578.55,412630.0,47.454844006568145,56.65024630541872,1.0,69.2589213400784,feature_v1,0.49261083743842365,0.0049261083743842365,0.0049261083743842365,2.4630541871921183,0.024630541871921183,0.024630541871921183,1.083743842364532,1.083743842364532,1.2807881773399017,False,1.55132151891691,0.0049261083743842365,0.49261083743842365,29.64824120603015,29.797979797979796,1.0,1.0,29.797979797979796,29.797979797979796,97.53694581280789,94.58128078817734,3.940886699507388,56.65024630541872,50.0,1.083743842364532,0.49261083743842365,69.2589213400784,ranking_builder_v8_return_prob_tech_regime,False,False,False,False,False,False,False,False,False,False,False,False,0,18.0,0.37450089695611244,neutral_service_balanced,0.24,0.24,0.32,0.32,0.26,0.26,0.18,0.18,0.65,0.0,0.0,10.76065433254582,10.76065433254582,1.0,False,False,1.0,False,10.76065433254582,202,v2,0.0,best_weight_by_regime,neutral,0.0,1.0,10.76065433254582,10.76065433254582,0.0,10.76065433254582,0.0,0.0,,,,,,,,,,,,,,,,,False,False,,,,,False,,,,,4.0,True,6.760654332545821,197,202,final_score,10.76065433254582,202,202,16.622141121618817,0.34679802955665023,0.12807881773399016,5.363636363636363,0.0,0.0,0.0,0.0,-11.700000000000001,0.34679802955665023,0.12807881773399016,16.622141121618817,5.363636363636363,0.0,0.0,0.0,-11.700000000000001,22.460654332545822,Tech flow score,16.622141121618817,Risk penalty,-11.700000000000001,"요약: live_score 10.8 | live_score_source=final_score | regime=neutral | dominant_driver=tech (Tech flow score 16.6) | top_positive_factor=Tech flow score (16.6) | top_negative_factor=Risk penalty (-11.7)
핵심 driver: Tech flow score (tech_score) contribution 16.6, score 69.3; Financial quality score (qual_score) contribution 5.4, score 29.8; Primary prediction score (ret_score) contribution 0.3, score 1.1
리스크 요인: top_negative_factor=Risk penalty (-11.7); risk_penalty 18.0
운영 상태: theme_overlay: disabled (operational config); confidence: 모델 메타 점수 (calibration 미완), score=NA, label=Experimental, live_score 비반영, research/reference 용도","{""base_score"": 10.8, ""theme_weight"": 0.0, ""weight_source"": ""best_weight_by_regime"", ""regime_applied"": ""neutral"", ""theme"": {""name"": ""방산"", ""confidence"": 0.7, ""contribution"": 0.0}}",confidence_four_axis_v1,1.0,100.0,97.0,26.870106849208003,19.04113591253974,68.67369709918296,54.55626992219115,54.55626992219115,Medium,Medium,Medium,Medium,core signals disagree; current regime fit is weak,"Confidence score is 54.6 (Medium). data_maturity_score=100.0, model_reliability_score=97.0, signal_agreement_score=26.9, regime_fitness_score=19.0. Reason: core signals disagree; current regime fit is weak.",추세 구조 양호이 추천 점수를 견인했습니다. 신호 신뢰도 낮음 요인은 함께 점검이 필요합니다.,추세 구조 양호,신호 신뢰도 낮음 / 상위권 진입 확률 약함,신뢰도 Medium: core signals disagree; current regime fit is weak,현재 neutral 체계로 균형형 가중치가 적용됐습니다.,high_tech_score,,,low_confidence,low_probability_score,추세 구조 양호,,,신호 신뢰도 낮음,상위권 진입 확률 약함,보수적 접근 권장,"{""drivers"": [""high_tech_score""], ""driver_texts"": [""추세 구조 양호""], ""drags"": [""low_confidence"", ""low_probability_score""], ""drag_texts"": [""신호 신뢰도 낮음"", ""상위권 진입 확률 약함""], ""confidence_label"": ""Medium"", ""confidence_reason"": ""core signals disagree; current regime fit is weak"", ""regime"": ""neutral"", ""weight_profile"": ""neutral_service_balanced"", ""regime_reason"": ""met_conditions=close_gt_ma20,ma20_gt_ma60,recent_20d_return_gt_0.03; true_count=3; breadth_20d=0.527; recent_20d_return=0.0468; ma60=5370.97; volatility_risk_flag=True"", ""action_note"": ""보수적 접근 권장"", ""component_snapshot"": {""ret_score"": 1.08, ""prob_score"": 0.49, ""qual_score"": 29.8, ""tech_score"": 69.26, ""valuation_score"": 50.0, ""risk_penalty"": 18.0, ""live_score"": 10.76, ""final_score"": 10.76, ""confidence_score"": 54.56, ""live_rank"": 202.0, ""live_score_source"": ""final_score""}}",202,2026-04-09 11:17:11,
2026-04-08,000250,-0.2227738193435786,-0.2059861633310009,-0.4458884138720393,-0.5331441091616208,0.0470459818848784,0.0120442846666072,0.0,485000.0,34.67336683417086,5,0.0,100.0,0.1116739053890858,0.0982523758939146,520179.5,1445517.0,-0.3733850129198967,-0.4089330327219548,35.65326819482756,2.778881136223169,575800.0,820550.0,613375.0,-0.3481182795698925,-0.5650224215246638,삼천당제약,KOSDAQ,바이오/제약,,,,0.0,0.0,,0.0,,0.3,mapping_missing,0.0,False,False,2026-04-08,5872.34,5523.437,0.0407581147205317,-8114.961149999988,neutral,"met_conditions=close_gt_ma20,ma20_gt_ma60,recent_20d_return_gt_0.03; true_count=3; breadth_20d=0.527; recent_20d_return=0.0468; ma60=5370.97; volatility_risk_flag=True",-0.2168131436643742,35.0,17.992610837438423,-0.2146131199778332,-0.2776174368296374,-0.3648279309788744,51.30653638965512,13.565550353571416,0.11094544222653377,0.08972495093597457,0.49261083743841994,520179.5,1445517.0,82.10180623973729,60.591133004926114,1.0,22.5595189784298,feature_v1,1.477832512315271,0.014778325123152709,0.014778325123152709,6.896551724137931,0.06896551724137931,0.06896551724137931,3.103448275862069,3.103448275862069,3.645320197044335,False,4.70459818848784,0.11330049261083744,11.330049261083744,34.67336683417086,34.84848484848485,1.0,1.0,34.84848484848485,34.84848484848485,99.50738916256158,100.0,0.24630541871920997,60.591133004926114,50.0,3.103448275862069,11.330049261083744,22.5595189784298,ranking_builder_v8_return_prob_tech_regime,False,False,False,False,False,False,False,False,False,False,False,False,0,18.0,0.4807906919878719,neutral_service_balanced,0.24,0.24,0.32,0.32,0.26,0.26,0.18,0.18,0.65,0.0,0.0,3.92592808370806,3.92592808370806,1.0,False,False,1.0,False,3.92592808370806,203,v2,0.0,best_weight_by_regime,neutral,0.0,1.0,3.92592808370806,3.92592808370806,0.0,3.92592808370806,0.0,0.0,,,,,,,,,,,,,,,,,False,False,,,,,False,,,,,4.0,True,0.0,203,203,final_score,3.92592808370806,203,203,5.414284554823152,0.993103448275862,2.9458128078817736,6.272727272727273,0.0,0.0,0.0,0.0,-11.700000000000001,0.993103448275862,2.9458128078817736,5.414284554823152,6.272727272727273,0.0,0.0,0.0,-11.700000000000001,15.625928083708061,Financial quality score,6.272727272727273,Risk penalty,-11.700000000000001,"요약: live_score 3.9 | live_score_source=final_score | regime=neutral | dominant_driver=tech (Tech flow score 5.4) | top_positive_factor=Financial quality score (6.3) | top_negative_factor=Risk penalty (-11.7)
핵심 driver: Financial quality score (qual_score) contribution 6.3, score 34.8; Tech flow score (tech_score) contribution 5.4, score 22.6; Top-bucket probability score (prob_score) contribution 2.9, score 11.3
리스크 요인: top_negative_factor=Risk penalty (-11.7); risk_penalty 18.0
운영 상태: theme_overlay: disabled (operational config); confidence: 모델 메타 점수 (calibration 미완), score=NA, label=Experimental, live_score 비반영, research/reference 용도","{""base_score"": 3.9, ""theme_weight"": 0.0, ""weight_source"": ""best_weight_by_regime"", ""regime_applied"": ""neutral"", ""theme"": {""name"": ""(none)"", ""confidence"": 0.0, ""contribution"": 0.0}}",confidence_four_axis_v1,1.0,100.0,97.0,20.476489028213166,13.675838711345014,66.27049806375504,50.925763353554274,50.925763353554274,Medium,Medium,Medium,Medium,core signals disagree; current regime fit is weak,"Confidence score is 50.9 (Medium). data_maturity_score=100.0, model_reliability_score=97.0, signal_agreement_score=20.5, regime_fitness_score=13.7. Reason: core signals disagree; current regime fit is weak.",뚜렷한 추천 강점은 제한적입니다. 신호 신뢰도 낮음 요인은 함께 점검이 필요합니다.,뚜렷한 강점 제한적,신호 신뢰도 낮음 / 방어력 약함,신뢰도 Medium: core signals disagree; current regime fit is weak,현재 neutral 체계로 균형형 가중치가 적용됐습니다.,,,,low_confidence,weak_safety_score,,,,신호 신뢰도 낮음,방어력 약함,보수적 접근 권장,"{""drivers"": [], ""driver_texts"": [], ""drags"": [""low_confidence"", ""weak_safety_score""], ""drag_texts"": [""신호 신뢰도 낮음"", ""방어력 약함""], ""confidence_label"": ""Medium"", ""confidence_reason"": ""core signals disagree; current regime fit is weak"", ""regime"": ""neutral"", ""weight_profile"": ""neutral_service_balanced"", ""regime_reason"": ""met_conditions=close_gt_ma20,ma20_gt_ma60,recent_20d_return_gt_0.03; true_count=3; breadth_20d=0.527; recent_20d_return=0.0468; ma60=5370.97; volatility_risk_flag=True"", ""action_note"": ""보수적 접근 권장"", ""component_snapshot"": {""ret_score"": 3.1, ""prob_score"": 11.33, ""qual_score"": 34.85, ""tech_score"": 22.56, ""valuation_score"": 50.0, ""risk_penalty"": 18.0, ""live_score"": 3.93, ""final_score"": 3.93, ""confidence_score"": 50.93, ""live_rank"": 203.0, ""live_score_source"": ""final_score""}}",203,2026-04-09 11:17:11,
