quantile,mean_realized_return
1,-0.04044805056751397
2,-0.019481367007929344
3,0.0036942886756345383
4,0.05483292261944583
5,0.237365566711785
