quantile,mean_realized_return
1,-0.052786894144912375
2,0.003727112835391846
3,-0.002098677335812097
4,0.09792742175351149
5,0.40721858239660785
