quantile,mean_realized_return
1,-0.06209183874550829
2,-0.019770009122387956
3,0.0024249122908164807
4,0.09442929204232196
5,0.43925329196077373
