quantile,mean_realized_return
1,-0.02494200401405696
2,-0.002378936490449872
3,0.018080804125815895
4,0.05127810920085794
5,0.1533502735714319
