quantile,mean_realized_return
1,-0.049638569305602724
2,-0.018671990444013423
3,0.007120154507609495
4,0.06183361328890205
5,0.2353207014894845
