quantile,mean_realized_return
1,-0.05235452575779219
2,0.004198032736449087
3,-0.0018111985897692993
4,0.0965246478767546
5,0.40743081848854323
