quantile,mean_realized_return
1,-0.055837515303962755
2,0.0025941591920780834
3,-0.001145419846846737
4,0.10109250663386134
5,0.40728457500309295
