quantile,mean_realized_return
1,-0.06787648315382815
2,-0.008602016067667768
3,0.014638252380012274
4,0.08520654789714038
5,0.3629440747309088
