quantile,mean_realized_return
1,-0.16152621977015813
2,-0.06402129010692192
3,0.0020805640358870716
4,0.07655472647609549
5,0.32796859133835815
