quantile,mean_realized_return
1,-0.10898176101453023
2,-0.023803064023021684
3,0.041650881291643356
4,0.17312051730175182
5,0.6605246701876014
