quantile,mean_realized_return
1,-0.04975351004175298
2,-0.011926414821879715
3,0.010344110346914811
4,0.07645475206234334
5,0.3611901489919458
