quantile,mean_realized_return
1,-0.06417555548841951
2,-0.017843278413903586
3,-0.0003747997834517706
4,0.09683895362810628
5,0.43980548619839466
