quantile,mean_realized_return
1,-0.032569942148103964
2,-0.00495628182469303
3,0.018211137101085594
4,0.05696349764891932
5,0.15773984446752684
