quantile,mean_realized_return
1,-0.12297417649931093
2,-0.02228121081666554
3,0.047409225402592764
4,0.1784916735307821
5,0.6618657321260463
