quantile,mean_realized_return
1,-0.12576085825642533
2,-0.02497690516556431
3,0.02031857848133454
4,0.08659061657645786
5,0.35575900183408254
