quantile,mean_realized_return
1,-0.06713884247611904
2,-0.01791346181623689
3,-0.0012671288829759339
4,0.1000413654918031
5,0.4405362086930362
