quantile,mean_realized_return
1,-0.05247038077164439
2,0.0037753410412020975
3,-0.001830101196353222
4,0.09722661137444218
5,0.40728628923268984
