quantile,mean_realized_return
1,-0.10564005740876115
2,-0.02524240841379108
3,0.027440050808666835
4,0.12714233040809964
5,0.4303111857151534
