quantile,mean_realized_return
1,-0.10995174271654584
2,-0.023878949855977407
3,0.04232239648827253
4,0.17386332280421296
5,0.6601562170234824
