model_version,horizon_days,pred_mae,pred_rmse,pred_corr,pred_n,strat_avg_return,strat_hit_rate,strat_sharpe_like,strat_num_periods
v1,90,0.10867440255718842,0.1810434015444817,0.9213203130675426,38975,0.5628029804477256,1.0,2.285961351504243,496
