quantile,mean_realized_return
1,-0.09041609511709774
2,0.009372578349028448
3,0.07344091272086739
4,0.15827480654458737
5,0.44488541136145965
