quantile,mean_realized_return
1,-0.03800341179642355
2,-0.005030660740934543
3,0.01918909131942703
4,0.05965573092390516
5,0.1595775719533086
