quantile,mean_realized_return
1,-0.04551893093702778
2,-0.018765029044367623
3,0.005332088664492536
4,0.057920380210237196
5,0.23699511404810358
