quantile,mean_realized_return
1,-0.05298640253583541
2,-0.01652928651006941
3,-0.0035934554247552685
4,0.08829166425949175
5,0.43904059042874444
