quantile,mean_realized_return
1,-0.06730602202403968
2,-0.028883791033061167
3,-0.02777187077400691
4,0.05938304741765207
5,0.365511265517028
