quantile,mean_realized_return
1,-0.12939697776649386
2,-0.03630383516584484
3,-9.217689795931851e-05
4,0.08088022621210166
5,0.38584539272176865
