quantile,mean_realized_return
1,-0.19963503523947526
2,-0.041570752863963514
3,0.06523182266673343
4,0.20054430849458604
5,0.717940900685564
