quantile,mean_realized_return
1,-0.049587342736734846
2,-0.018808542110271755
3,0.007077527226053978
4,0.061967968907999924
5,0.23531429141694254
