quantile,mean_realized_return
1,-0.022491260570236614
2,-0.0009434340765384655
3,0.01850944834124321
4,0.049070250664084145
5,0.15124327114501035
