model_version,horizon_days,pred_mae,pred_rmse,pred_corr,pred_n,strat_avg_return,strat_hit_rate,strat_sharpe_like,strat_num_periods
v1,30,0.1442661489907868,0.24498196448522716,0.5004262868975817,73624,0.1993015174476483,0.959079283887468,1.683521338686132,391
