quantile,mean_realized_return
1,-0.11064831149866876
2,-0.023759824080199686
3,0.042455910510039455
4,0.17436606747627856
5,0.660097401335995
