quantile,mean_realized_return
1,-0.06814022129241085
2,-0.008648197629147352
3,0.014581793700037824
4,0.08553925560733129
5,0.3629777641628047
