quantile,mean_realized_return
1,-0.06398487993720006
2,-0.009269098358698206
3,0.01355872589661185
4,0.08292196054452879
5,0.36308339079681745
