quantile,mean_realized_return
1,-0.06465397926294711
2,-0.020177745688754425
3,-0.00017537187287128083
4,0.09848183652818733
5,0.44077725065437523
