quantile,mean_realized_return
1,-0.10170124929072977
2,-0.03382229026039421
3,0.013213742398877232
4,0.1262277995886472
5,0.45042568908502445
